time,issuer,tvl,tvl_usd,net_flow,net_flow_usd,net_tvl,net_tvl_usd
2024-07-24 00:00:00,Grayscale,-140044.05064668445,-487881262.32139987,,,2490727.055184281,8677120193.039343
2024-07-25 00:00:00,Grayscale,-97227.330902423,-324619695.59708285,,,2393499.724281858,7991345074.440539
2024-07-26 00:00:00,Grayscale,-110867.18729549724,-352251662.1627456,,,2282632.536986361,7252471401.814545
2024-07-27 00:00:00,Grayscale,0,0,,,2282632.536986361,7482035756.059263
2024-07-28 00:00:00,Grayscale,0,0,,,2282632.536986361,7419674235.148795
2024-07-29 00:00:00,Grayscale,-108825.49213788533,-356322955.88739246,,,2173807.0448484756,7117609454.66557
2024-07-30 00:00:00,Grayscale,-64057.64313883319,-212811020.88296884,,,2109749.4017096423,7008967267.371739
2024-07-31 00:00:00,Grayscale,-38895.51860286435,-127603749.97004502,,,2070853.883106778,6793808917.230743
2024-08-01 00:00:00,Grayscale,-40837.706376833754,-132103037.71897313,,,2030016.176729944,6566757228.971325
2024-08-02 00:00:00,Grayscale,-24907.60478682246,-79836594.6992499,,,2005108.5719431215,6426994556.735006
2024-08-03 00:00:00,Grayscale,0,0,,,2005108.5719431215,5996618052.853135
2024-08-04 00:00:00,Grayscale,0,0,,,2005108.5719431215,5828148830.638474
2024-08-05 00:00:00,Grayscale,-20416.060144752377,-54914914.41675349,,,1984692.5117983692,5338406071.310136
2024-08-06 00:00:00,Grayscale,-19480.189173331815,-47140304.58243739,,,1965212.3226250375,4755636951.643555
2024-08-07 00:00:00,Grayscale,-15921.85202174931,-39182881.73292396,,,1949290.4706032882,4797106383.631162
2024-08-08 00:00:00,Grayscale,-13549.585167723886,-31692886.194861203,,,1935740.8854355642,4527756003.260348
2024-08-09 00:00:00,Grayscale,-7705.799947545909,-20692692.831142932,,,1928035.0854880183,5177429736.4643955
2024-08-10 00:00:00,Grayscale,0,0,,,1928035.0854880183,5014067323.670996
2024-08-11 00:00:00,Grayscale,0,0,,,1928035.0854880183,5036413250.311801
2024-08-12 00:00:00,Grayscale,-16087.936243900222,-41123017.35048311,,,1911947.149244118,4887204586.06886
2024-08-13 00:00:00,Grayscale,0,0,,,1911947.149244118,5209635353.317389
2024-08-14 00:00:00,Grayscale,-11427.76492593375,-30906961.630434126,,,1900519.3843181843,5140049700.857746
2024-08-15 00:00:00,Grayscale,-6745.938638114187,-17977791.551801544,,,1893773.4456800702,5046868357.268474
2024-08-16 00:00:00,Grayscale,-18275.406741560284,-47007270.2043717,,,1875498.03893851,4824081035.836078
2024-08-17 00:00:00,Grayscale,0,0,,,1875498.03893851,4866823636.143486
2024-08-18 00:00:00,Grayscale,0,0,,,1875498.03893851,4907634473.470789
2024-08-19 00:00:00,Grayscale,-10579.095564335103,-27691840.549203563,,,1864918.9433741749,4881611826.17624
2024-08-20 00:00:00,Grayscale,-7784.613824594784,-20540871.268267028,,,1857134.32954958,4900327498.665999
2024-08-21 00:00:00,Grayscale,-14214.408681068711,-36614042.45704403,,,1842919.9208685113,4747066848.969947
2024-08-22 00:00:00,Grayscale,-11759.92805119929,-30955658.60917189,,,1831159.992817312,4820162449.093011
2024-08-23 00:00:00,Grayscale,-7613.822441351975,-19980954.23283999,,,1823546.17037596,4785532214.917632
2024-08-24 00:00:00,Grayscale,0,0,,,1823546.17037596,5041868100.08738
2024-08-25 00:00:00,Grayscale,0,0,,,1823546.17037596,5053374676.422452
2024-08-26 00:00:00,Grayscale,-3552.8745064471977,-9776515.836880881,,,1819993.2958695127,5008111952.110055
2024-08-27 00:00:00,Grayscale,-3552.1454410163715,-9535166.093137886,,,1816441.1504284963,4875945637.74123
2024-08-28 00:00:00,Grayscale,-3551.901909059779,-8741479.23132975,,,1812889.2485194365,4461647342.85373
2024-08-29 00:00:00,Grayscale,-1892.6741937250029,-4787897.907866139,,,1810996.5743257115,4581278034.071752
2024-08-30 00:00:00,Grayscale,-3748.680199159856,-9487872.097271603,,,1807247.8941265517,4574126347.555361
2024-08-31 00:00:00,Grayscale,0,0,,,1807247.8941265517,4568903401.1413355
2024-09-01 00:00:00,Grayscale,0,0,,,1807247.8941265517,4548517644.895588
2024-09-02 00:00:00,Grayscale,0.0000030000000000009996,0.00729510000000243,,,1807247.8941295517,4394684704.154831
2024-09-03 00:00:00,Grayscale,-5918.625180196816,-15030171.086354407,,,1801329.268949355,4574421638.618818
2024-09-04 00:00:00,Grayscale,-15468.738384068227,-37494829.65652681,,,1785860.5305652868,4328765198.642504
2024-09-05 00:00:00,Grayscale,-16566.47932937642,-40619350.66769805,,,1769294.0512359103,4338132084.225328
2024-09-06 00:00:00,Grayscale,-3127.129959793431,-7408389.773847825,,,1766166.9212761167,4184173068.18761
2024-09-07 00:00:00,Grayscale,1e-18,2.22572e-15,,,1766166.9212761167,3930993040.0226784
2024-09-08 00:00:00,Grayscale,0.000003,0.006830159999999999,,,1766166.9212791168,4021067553.0145903
2024-09-09 00:00:00,Grayscale,-4817.144543960259,-11078179.993527167,,,1761349.7767351565,4050646535.5489087
2024-09-10 00:00:00,Grayscale,-9632.311582876555,-22724356.84009071,,,1751717.46515228,4132616809.4379554
2024-09-11 00:00:00,Grayscale,0,0,,,1751717.46515228,4186552190.1899943
2024-09-12 00:00:00,Grayscale,0,0,,,1751717.46515228,4103240507.547352
2024-09-13 00:00:00,Grayscale,-8893.494106805703,-21011769.176739153,,,1742823.9710454743,4117595913.9920373
2024-09-14 00:00:00,Grayscale,0.0000020000000000019998,0.004884940000004884,,,1742823.9710474743,4256795264.5643244
2024-09-15 00:00:00,Grayscale,0,0,,,1742823.9710474743,4216274607.2374706
2024-09-16 00:00:00,Grayscale,-4489.891286575874,-10425572.466342045,,,1738334.0797608984,4036429116.545604
2024-09-17 00:00:00,Grayscale,-6080.654543072267,-13968540.422891043,,,1732253.4252178262,3979349890.9446425
2024-09-18 00:00:00,Grayscale,-7600.298995275659,-17809400.620679688,,,1724653.1262225504,4041293438.0209913
2024-09-19 00:00:00,Grayscale,-6333.148968813466,-15010323.033964172,,,1718319.977253737,4072624544.488627
2024-09-20 00:00:00,Grayscale,0,0,,,1718319.977253737,4236208606.323183
2024-09-21 00:00:00,Grayscale,0,0,,,1718319.977253737,4400187881.752507
2024-09-22 00:00:00,Grayscale,0,0,,,1718319.977253737,4489970100.564014
2024-09-23 00:00:00,Grayscale,0,0,,,1718319.977253737,4438729798.842308
2024-09-24 00:00:00,Grayscale,-30135.50079598573,-79814777.92319208,,,1688184.4764577511,4471207231.432648
2024-09-25 00:00:00,Grayscale,0,0,,,1688184.4764577511,4479226107.695822
2024-09-26 00:00:00,Grayscale,0,0,,,1688184.4764577511,4356647032.860225
2024-09-27 00:00:00,Grayscale,-13701.739424742824,-36077502.00971334,,,1674482.7370330084,4409013515.572133
2024-09-28 00:00:00,Grayscale,0,0,,,1674482.7370330084,4515376659.02847
2024-09-29 00:00:00,Grayscale,0.000005999999999999999,0.016068779999999998,,,1674482.7370390084,4484482452.54628
2024-09-30 00:00:00,Grayscale,-5596.417159357087,-14884622.826227264,,,1668886.3198796513,4438686878.394312
2024-10-01 00:00:00,Grayscale,-4556.130870659178,-11866306.16870571,,,1664330.1890089922,4334698047.36825
2024-10-02 00:00:00,Grayscale,-10714.611057657698,-26267190.446179576,,,1653615.5779513344,4053888197.8150353
2024-10-03 00:00:00,Grayscale,-2277.754177066072,-5393858.556543082,,,1651337.8237742684,3910467046.9668937
2024-10-04 00:00:00,Grayscale,-6242.307467732082,-14679784.779566826,,,1645095.5163065363,3868705321.877429
2024-10-05 00:00:00,Grayscale,0,0,,,1645095.5163065363,3974846884.5895267
2024-10-06 00:00:00,Grayscale,0,0,,,1645095.5163065363,3977018410.6710515
2024-10-07 00:00:00,Grayscale,-3373.9857970470734,-8234043.63840353,,,1641721.5305094891,4006539309.1318827
2024-10-08 00:00:00,Grayscale,0,0,,,1641721.5305094891,3980550857.3039174
2024-10-09 00:00:00,Grayscale,0,0,,,1641721.5305094891,4008591461.045019
2024-10-10 00:00:00,Grayscale,0,0,,,1641721.5305094891,3891520298.7043877
2024-10-11 00:00:00,Grayscale,-4384.387352785697,-10462858.134814259,,,1637337.1431567033,3907324985.057725
2024-10-12 00:00:00,Grayscale,0.00002,0.04874100000000001,,,1637337.1431767032,3990272484.7787848
2024-10-13 00:00:00,Grayscale,0,0,,,1637337.1431767032,4054275993.7055616
2024-10-14 00:00:00,Grayscale,0,0,,,1637337.1431767032,4043076607.6462336
2024-10-15 00:00:00,Grayscale,-3877.665402710493,-10194421.120379914,,,1633459.4777739928,4294381301.6626053
2024-10-16 00:00:00,Grayscale,-7246.374113308623,-18882674.128200743,,,1626213.103660684,4237602367.6500473
2024-10-17 00:00:00,Grayscale,0,0,,,1626213.103660684,4246774209.554693
2024-10-18 00:00:00,Grayscale,-6067.787061697255,-15800699.542271504,,,1620145.3165989867,4218907008.78326
2024-10-19 00:00:00,Grayscale,0.000033709,0.08905513292,,,1620145.3166326957,4280229509.1055865
2024-10-20 00:00:00,Grayscale,0,0,,,1620145.3166326957,4288783876.3774066
2024-10-21 00:00:00,Grayscale,0,0,,,1620145.3166326957,4446472620.045267
2024-10-22 00:00:00,Grayscale,-11036.9827250867,-29427686.300244167,,,1609108.333907609,4290333368.5311804
2024-10-23 00:00:00,Grayscale,0.000002,0.005244199999999999,,,1609108.3339096091,4219242962.344386
2024-10-24 00:00:00,Grayscale,-3032.6494764271765,-7650859.078614773,,,1606075.684433182,4051855918.9585643
2024-10-25 00:00:00,Grayscale,0,0,,,1606075.684433182,4071401860.0381165
2024-10-26 00:00:00,Grayscale,0,0,,,1606075.684433182,3918648001.691676
2024-10-27 00:00:00,Grayscale,0,0,,,1606075.684433182,3987163190.3895965
2024-10-28 00:00:00,Grayscale,-7749.048198333418,-19427173.795149814,,,1598326.6362348485,4007068810.1062145
2024-10-29 00:00:00,Grayscale,-3368.458604394524,-8647978.513406238,,,1594958.177630454,4094799927.75777
2024-10-30 00:00:00,Grayscale,-2273.55373276317,-5999317.176791487,,,1592684.6238976908,4202680624.4637923
2024-10-31 00:00:00,Grayscale,-1758.2554306736783,-4676766.03749461,,,1590926.368467017,4231689138.221734
2024-11-01 00:00:00,Grayscale,-14565.598668606983,-36686227.710633725,,,1576360.7697984101,3970364107.283558
2024-11-02 00:00:00,Grayscale,0.000002000000000002,0.005026900000005027,,,1576360.7698004101,3962103976.8548408
2024-11-03 00:00:00,Grayscale,0,0,,,1576360.7698004101,3931128487.728263
2024-11-04 00:00:00,Grayscale,-4546.17714579134,-11177185.66887113,,,1571814.592654619,3864447639.3547196
2024-11-05 00:00:00,Grayscale,-4461.071454594923,-10704385.566015065,,,1567353.521200024,3760880447.6546702
2024-11-06 00:00:00,Grayscale,0,0,,,1567353.521200024,3799797835.5860667
2024-11-07 00:00:00,Grayscale,0,0,,,1567353.521200024,4265583955.016289
2024-11-08 00:00:00,Grayscale,0,0,,,1567353.521200024,4536250234.592321
2024-11-09 00:00:00,Grayscale,0,0,,,1567353.521200024,4642704885.752228
2024-11-10 00:00:00,Grayscale,0,0,,,1567353.521200024,4901412257.961503
2024-11-11 00:00:00,Grayscale,0,0,,,1567353.521200024,4996080410.641985
2024-11-12 00:00:00,Grayscale,0,0,,,1567353.521200024,5288642618.909182
2024-11-13 00:00:00,Grayscale,-5047.506543410059,-16391373.699200694,,,1562306.014656614,5073463798.116181
2024-11-14 00:00:00,Grayscale,-5720.466409673861,-18263561.492173444,,,1556585.5482469401,4969663982.321558
2024-11-15 00:00:00,Grayscale,-6815.838514586454,-20872210.441603243,,,1549769.7097323537,4745875279.810484
2024-11-16 00:00:00,Grayscale,0,0,,,1549769.7097323537,4793220744.442807
2024-11-17 00:00:00,Grayscale,1.00000001e-10,3.1362900313629e-7,,,1549769.7097323537,4860527242.936483
2024-11-18 00:00:00,Grayscale,-14093.082326147349,-43387667.90339354,,,1535676.6274062064,4727810848.964118
2024-11-19 00:00:00,Grayscale,-2102.6987568404707,-6749473.766569795,,,1533573.928649366,4922634289.310885
2024-11-20 00:00:00,Grayscale,-8408.77518745379,-26165922.101807453,,,1525165.1534619122,4745917414.633571
2024-11-21 00:00:00,Grayscale,-5717.541248147881,-17573720.657369733,,,1519447.6122137643,4670250153.280837
2024-11-22 00:00:00,Grayscale,-5717.122678200141,-19202328.62417794,,,1513730.489535564,5084227144.42268
2024-11-23 00:00:00,Grayscale,0,0,,,1513730.489535564,5039360172.712846
2024-11-24 00:00:00,Grayscale,2e-10,6.7911e-7,,,1513730.4895355643,5139947563.742486
2024-11-25 00:00:00,Grayscale,-8238.92216871155,-27709884.54080587,,,1505491.567366853,5063404733.609262
2024-11-26 00:00:00,Grayscale,-1681.352889676129,-5740071.5112387175,,,1503810.2144771768,5133947919.816503
2024-11-27 00:00:00,Grayscale,-5210.916569744297,-17332967.56760906,,,1498599.2979074325,4984760872.643535
2024-11-28 00:00:00,Grayscale,0.000025,0.09142025000000001,,,1498599.2979324325,5480092898.672298
2024-11-29 00:00:00,Grayscale,-4328.194795333234,-15494417.983917538,,,1494271.1031370992,5349311236.698439
2024-11-30 00:00:00,Grayscale,2e-10,7.18486e-7,,,1494271.1031370994,5368064339.0428095
2024-12-01 00:00:00,Grayscale,0,0,,,1494271.1031370994,5532449103.098923
2024-12-02 00:00:00,Grayscale,-36.97265263242179,-137072.04264291422,,,1494234.130484467,5539708673.016808
2024-12-03 00:00:00,Grayscale,-7224.876386318211,-26316684.48592795,,,1487009.2540981488,5416446078.145048
2024-12-04 00:00:00,Grayscale,-5040.6118768560455,-18229070.41593728,,,1481968.6422212927,5359450676.4747715
2024-12-05 00:00:00,Grayscale,-1764.0932964740866,-6772460.010761807,,,1480204.5489248186,5682594075.595314
2024-12-06 00:00:00,Grayscale,-3695.80003411957,-14013143.241369125,,,1476508.7488906991,5598389632.64393
2024-12-07 00:00:00,Grayscale,0,0,,,1476508.7488906991,5911896735.295893
2024-12-08 00:00:00,Grayscale,1e-10,3.99915e-7,,,1476508.7488906991,5904779963.12624
2024-12-09 00:00:00,Grayscale,-7307.015424876552,-29256924.41043447,,,1469201.7334658226,5882610280.710481
2024-12-10 00:00:00,Grayscale,-9153.10563344341,-34048179.99056447,,,1460048.6278323792,5431161888.242275
2024-12-11 00:00:00,Grayscale,-1091.5347499307388,-3963821.1215934837,,,1458957.0930824485,5298085966.961465
2024-12-12 00:00:00,Grayscale,-587.7090672461158,-2252077.637324426,,,1458369.3840152023,5588413144.770895
2024-12-13 00:00:00,Grayscale,-5876.694154100493,-22814031.909516603,,,1452492.6898611018,5638750921.16358
2024-12-14 00:00:00,Grayscale,0,0,,,1452492.6898611018,5675208487.679094
2024-12-15 00:00:00,Grayscale,0,0,,,1452492.6898611018,5621727706.838408
2024-12-16 00:00:00,Grayscale,341.0455835582618,1348044.0572190701,,,1452833.73544466,5742586849.417398
2024-12-17 00:00:00,Grayscale,0,0,,,1452833.73544466,5794990562.254888
2024-12-18 00:00:00,Grayscale,0,0,,,1452833.73544466,5651857382.63888
2024-12-19 00:00:00,Grayscale,-13343.024083393768,-48379403.58205079,,,1439490.7113612662,5219334211.067906
2024-12-20 00:00:00,Grayscale,-16530.79419186178,-56539944.75854101,,,1422959.9171694044,4866921345.496171
2024-12-21 00:00:00,Grayscale,0,0,,,1422959.9171694044,4943661573.829117
2024-12-22 00:00:00,Grayscale,0.000016000000000000003,0.05342384000000001,,,1422959.9171854043,4751248933.882893
2024-12-23 00:00:00,Grayscale,1510.2795621446628,4956072.99995144,,,1424470.196747549,4674484418.838887
2024-12-24 00:00:00,Grayscale,0,0,,,1424470.196747549,4871047061.288082
2024-12-25 00:00:00,Grayscale,0.000005999999999999999,0.020964539999999997,,,1424470.1967535492,4977227069.774609
2024-12-26 00:00:00,Grayscale,0.000004,0.013981839999999999,,,1424470.1967575492,4979178593.958143
2024-12-27 00:00:00,Grayscale,0,0,,,1424470.1967575492,4748998454.86409
2024-12-28 00:00:00,Grayscale,0,0,,,1424470.1967575492,4744782023.081688
2024-12-29 00:00:00,Grayscale,0,0,,,1424470.1967575492,4845933651.753442
2024-12-30 00:00:00,Grayscale,0,0,,,1424470.1967575492,4779097510.121577
2024-12-31 00:00:00,Grayscale,-6676.858905369278,-22432910.550259702,,,1417793.33785218,4763502056.515755
2025-01-01 00:00:00,Grayscale,0.000002,0.00666912,,,1417793.33785418,4727716952.6750345
2025-01-02 00:00:00,Grayscale,-1676.8783219244813,-5629414.676966238,,,1416116.4595322555,4754016243.966544
2025-01-03 00:00:00,Grayscale,-6203.599887312564,-21423635.922842953,,,1409912.859644943,4869021267.755039
2025-01-04 00:00:00,Grayscale,0.000001,0.0036047399999999995,,,1409912.859645943,5082369281.680116
2025-01-05 00:00:00,Grayscale,0,0,,,1409912.859645943,5156502499.840301
2025-01-06 00:00:00,Grayscale,-2011.8404729440963,-7313201.066389625,,,1407901.0191729988,5117832836.775385
2025-01-07 00:00:00,Grayscale,0.000001,0.00368939,,,1407901.0191739989,5194295941.13036
2025-01-08 00:00:00,Grayscale,-2346.5037210590376,-7939465.735314886,,,1405554.5154529398,4755735869.6704855
2025-01-09 00:00:00,Grayscale,0.000003,0.00998205,,,1405554.5154559398,4676771817.002321
2025-01-10 00:00:00,Grayscale,-2513.9390960633277,-8096442.531563474,,,1403040.5763598764,4518660541.036145
2025-01-11 00:00:00,Grayscale,0,0,,,1403040.5763598764,4586651887.366545
2025-01-12 00:00:00,Grayscale,0,0,,,1403040.5763598764,4611569888.002696
2025-01-13 00:00:00,Grayscale,0,0,,,1403040.5763598764,4584589417.719296
2025-01-14 00:00:00,Grayscale,-4691.078901555541,-14717228.016272169,,,1398349.4974583208,4387013911.386041
2025-01-15 00:00:00,Grayscale,0.00045827125472897023,1.4779293792134764,,,1398349.497916592,4509691114.275989
2025-01-16 00:00:00,Grayscale,-1444.4662905677715,-4983986.488975039,,,1396905.0316260243,4819881121.122435
2025-01-17 00:00:00,Grayscale,-5611.387920275245,-18557028.193987846,,,1391293.643705749,4601049818.544223
2025-01-18 00:00:00,Grayscale,0,0,,,1391293.643705749,4834035852.119187
2025-01-19 00:00:00,Grayscale,0,0,,,1391293.643705749,4600368084.658807
2025-01-20 00:00:00,Grayscale,0,0,,,1391293.643705749,4471269947.459351
2025-01-21 00:00:00,Grayscale,0,0,,,1391293.643705749,4563192718.49899
2025-01-22 00:00:00,Grayscale,-1339.5737086448655,-4459668.603609227,,,1389954.0699971041,4627393391.212259
2025-01-23 00:00:00,Grayscale,-5357.929013069704,-17374692.203582436,,,1384596.1409840344,4489968365.983027
2025-01-24 00:00:00,Grayscale,-6864.376609879517,-22921938.238306277,,,1377731.7643741549,4600604571.504041
2025-01-25 00:00:00,Grayscale,0,0,,,1377731.7643741549,4563392036.548294
2025-01-26 00:00:00,Grayscale,0,0,,,1377731.7643741549,4574868542.145531
2025-01-27 00:00:00,Grayscale,0,0,,,1377731.7643741549,4461798096.243344
2025-01-28 00:00:00,Grayscale,-26780.472715415057,-85192700.77864261,,,1350951.2916587398,4297578701.4602
2025-01-29 00:00:00,Grayscale,0.000004,0.01231812,,,1350951.2916627398,4160295031.2141576
2025-01-30 00:00:00,Grayscale,-5020.650967954825,-15643043.046895565,,,1345930.640694785,4193569934.438369
2025-01-31 00:00:00,Grayscale,-13974.538473837818,-45394751.033030026,,,1331956.1022209472,4326712882.893502
2025-02-01 00:00:00,Grayscale,0,0,,,1331956.1022209472,4395028911.376414
2025-02-02 00:00:00,Grayscale,1e-10,3.12171e-7,,,1331956.1022209472,4157980683.864153
2025-02-03 00:00:00,Grayscale,-9621.595940253259,-27611286.30166358,,,1322334.506280694,3794729779.3638325
2025-02-04 00:00:00,Grayscale,5855.414752263168,16886723.374789365,,,1328189.921032957,3830433322.762996
2025-02-05 00:00:00,Grayscale,0,0,,,1328189.921032957,3631988466.6614623
2025-02-06 00:00:00,Grayscale,-2592.756932590854,-7231147.22985724,,,1325597.1641003662,3697063978.7326393
2025-02-07 00:00:00,Grayscale,0.000001,0.0026901299999999998,,,1325597.1641013662,3566028699.064008
2025-02-08 00:00:00,Grayscale,0,0,,,1325597.1641013662,3479467204.248189
2025-02-09 00:00:00,Grayscale,0,0,,,1325597.1641013662,3494048773.0533037
2025-02-10 00:00:00,Grayscale,0,0,,,1325597.1641013662,3487791954.438746
2025-02-11 00:00:00,Grayscale,-8360.868286370429,-22269089.072064772,,,1317236.2958149957,3508445701.5402822
2025-02-12 00:00:00,Grayscale,0.000001,0.00260527,,,1317236.2958159957,3431756204.400539
2025-02-13 00:00:00,Grayscale,-11285.62607094504,-30904107.00763306,,,1305950.6697450506,3576163076.003057
2025-02-14 00:00:00,Grayscale,-2777.9378965376322,-7437845.379842614,,,1303172.731848513,3489205894.3424377
2025-02-15 00:00:00,Grayscale,0,0,,,1303172.731848513,3553960547.3879905
2025-02-16 00:00:00,Grayscale,0,0,,,1303172.731848513,3513783732.065101
2025-02-17 00:00:00,Grayscale,0,0,,,1303172.731848513,3474375788.654002
2025-02-18 00:00:00,Grayscale,0,0,,,1303172.731848513,3578447163.019424
2025-02-19 00:00:00,Grayscale,0,0,,,1303172.731848513,3481178350.3142514
2025-02-20 00:00:00,Grayscale,-2005.371747338758,-5450139.1737648565,,,1301167.3601011743,3536273616.2621684
2025-02-21 00:00:00,Grayscale,-3759.8145305909375,-10304410.889554664,,,1297407.5455705833,3555765937.9189305
2025-02-22 00:00:00,Grayscale,0,0,,,1297407.5455705833,3453997290.044374
2025-02-23 00:00:00,Grayscale,0,0,,,1297407.5455705833,3588914700.7082586
2025-02-24 00:00:00,Grayscale,0,0,,,1297407.5455705833,3662892878.956693
2025-02-25 00:00:00,Grayscale,-5846.998234003211,-14717537.724791823,,,1291560.54733658,3250999969.306379
2025-02-26 00:00:00,Grayscale,-10857.966299596312,-27098552.232891504,,,1280702.5810369838,3196287852.5714316
2025-02-27 00:00:00,Grayscale,-1419.79076603924,-3315041.063809701,,,1279282.7902709446,2986971801.347823
2025-02-28 00:00:00,Grayscale,-9837.14457933527,-22705998.746575877,,,1269445.6456916092,2930121744.9289155
2025-03-01 00:00:00,Grayscale,0.00009200000000000798,0.20595856000001786,,,1269445.6457836092,2841882578.3028502
2025-03-02 00:00:00,Grayscale,0.00009199999999999999,0.20418939999999997,,,1269445.6458756092,2817471138.7386208
2025-03-03 00:00:00,Grayscale,-5260.8568457102165,-13249888.834468836,,,1264184.789029899,3183950525.954923
2025-03-04 00:00:00,Grayscale,0.00003999999999999999,0.08598199999999999,,,1264184.7890698991,2717428413.345202
2025-03-05 00:00:00,Grayscale,5008.964532200001,10875614.061248608,,,1269193.7536020991,2755711553.633486
2025-03-06 00:00:00,Grayscale,-28382.184927757364,-63658686.39631627,,,1240811.5686743418,2783028675.4953675
2025-03-07 00:00:00,Grayscale,0.000001,0.00220376,,,1240811.5686753418,2734450902.5839715
2025-03-08 00:00:00,Grayscale,0,0,,,1240811.5686753418,2657892828.7967024
2025-03-09 00:00:00,Grayscale,0,0,,,1240811.5686753418,2736758812.101707
2025-03-10 00:00:00,Grayscale,0,0,,,1240811.5686753418,2506042309.0222144
2025-03-11 00:00:00,Grayscale,-2586.901580510416,-4825295.780094468,,,1238224.6670948314,2309635707.038647
2025-03-12 00:00:00,Grayscale,0.000006999999999999999,0.013463239999999998,,,1238224.6671018314,2381502266.730294
2025-03-13 00:00:00,Grayscale,0,0,,,1238224.6671018314,2364315708.350921
2025-03-14 00:00:00,Grayscale,-23805.727644351387,-44414584.12334283,,,1214418.93945748,2265753559.5352154
2025-03-15 00:00:00,Grayscale,0,0,,,1214418.93945748,2323729919.7049155
2025-03-16 00:00:00,Grayscale,0,0,,,1214418.93945748,2356130617.009641
2025-03-17 00:00:00,Grayscale,0,0,,,1214418.93945748,2295021055.9761405
2025-03-18 00:00:00,Grayscale,-3753.379693650066,-7241357.909162136,,,1210665.55976383,2335724957.7967596
2025-03-19 00:00:00,Grayscale,0,0,,,1210665.55976383,2341511939.1724305
2025-03-20 00:00:00,Grayscale,5003.820753,10305368.8408035,,,1215669.38051683,2503671089.1744113
2025-03-21 00:00:00,Grayscale,0,0,,,1215669.38051683,2411827267.4763646
2025-03-22 00:00:00,Grayscale,0,0,,,1215669.38051683,2392145580.205797
2025-03-23 00:00:00,Grayscale,0,0,,,1215669.38051683,2413431951.0586467
2025-03-24 00:00:00,Grayscale,0,0,,,1215669.38051683,2439532372.6583433
2025-03-25 00:00:00,Grayscale,0,0,,,1215669.38051683,2529212302.85907
2025-03-26 00:00:00,Grayscale,0,0,,,1215669.38051683,2514381136.4167643
2025-03-27 00:00:00,Grayscale,0,0,,,1215669.38051683,2445051511.6458898
2025-03-28 00:00:00,Grayscale,-1330.8662896605574,-2668187.2808259684,,,1214338.5142271693,2434566570.24834
2025-03-29 00:00:00,Grayscale,0.000002,0.0037966799999999998,,,1214338.5142291693,2305227375.1018014
2025-03-30 00:00:00,Grayscale,0,0,,,1214338.5142291693,2222615925.9787908
2025-03-31 00:00:00,Grayscale,2500.3685256,4523391.695977704,,,1216838.8827547694,2201371054.402826
2025-04-01 00:00:00,Grayscale,0,0,,,1216838.8827547694,2219879173.809526
2025-04-02 00:00:00,Grayscale,0,0,,,1216838.8827547694,2320584759.7463107
2025-04-03 00:00:00,Grayscale,-16246.833778195773,-29170702.643737163,,,1200592.0489765736,2155627006.1759686
2025-04-04 00:00:00,Grayscale,0,0,,,1200592.0489765736,2182196108.21982
2025-04-05 00:00:00,Grayscale,0.000001,0.00181625,,,1200592.0489775736,2180575308.9555182
2025-04-06 00:00:00,Grayscale,0,0,,,1200592.0489775736,2170742460.074392
2025-04-07 00:00:00,Grayscale,0,0,,,1200592.0489775736,1897091514.3509336
2025-04-08 00:00:00,Grayscale,0,0,,,1200592.0489775736,1865840103.3160472
2025-04-09 00:00:00,Grayscale,0,0,,,1200592.0489775736,1769048372.3274753
2025-04-10 00:00:00,Grayscale,0,0,,,1200592.0489775736,2004280372.4836514
2025-04-11 00:00:00,Grayscale,-1498.886238035455,-2282923.651427041,,,1199093.1627395381,1826314814.3053355
2025-04-12 00:00:00,Grayscale,0,0,,,1199093.1627395381,1880417897.8081439
2025-04-13 00:00:00,Grayscale,0,0,,,1199093.1627395381,1972999880.9032636
2025-04-14 00:00:00,Grayscale,-17885.467787975707,-28578473.55969486,,,1181207.6949515624,1887404527.4553034
2025-04-15 00:00:00,Grayscale,0,0,,,1181207.6949515624,1918517538.1403277
2025-04-16 00:00:00,Grayscale,-6576.1799780489555,-10460466.443883352,,,1174631.5149735135,1868439365.6077693
2025-04-17 00:00:00,Grayscale,-5160.699154801624,-8149105.2143726,,,1169470.8158187119,1846676281.1348534
2025-04-18 00:00:00,Grayscale,0,0,,,1169470.8158187119,1852792613.5015852
2025-04-19 00:00:00,Grayscale,0,0,,,1169470.8158187119,1860651457.383887
2025-04-20 00:00:00,Grayscale,0,0,,,1169470.8158187119,1888134021.5556266
2025-04-21 00:00:00,Grayscale,0,0,,,1169470.8158187119,1857259992.0180125
2025-04-22 00:00:00,Grayscale,-16142.464580038486,-25519783.679228645,,,1153328.3512386733,1823308323.756731
2025-04-23 00:00:00,Grayscale,0,0,,,1153328.3512386733,2025728982.6826308
2025-04-24 00:00:00,Grayscale,0.000004,0.00718468,,,1153328.3512426734,2071573784.6515527
2025-04-25 00:00:00,Grayscale,-3743.616776143177,-6625527.842753718,,,1149584.7344665301,2034558054.7535543
2025-04-26 00:00:00,Grayscale,0.000009999999999999999,0.017880599999999996,,,1149584.7344765302,2055526480.3281045
2025-04-27 00:00:00,Grayscale,0.000012000000000000002,0.021866040000000003,,,1149584.7344885303,2094738815.6429653
2025-04-28 00:00:00,Grayscale,0.000004,0.00717312,,,1149584.7344925303,2061527312.6707647
2025-04-29 00:00:00,Grayscale,0.000004,0.007199039999999999,,,1149584.7344965304,2068976621.7574756
2025-04-30 00:00:00,Grayscale,-5098.189954201098,-9179443.958237702,,,1144486.5445423294,2060682358.0448003
2025-05-01 00:00:00,Grayscale,-3991.550493131295,-7167667.136020797,,,1140494.994049198,2047998265.7640853
2025-05-02 00:00:00,Grayscale,-6485.825307496968,-11931518.810430648,,,1134009.168741701,2086157287.0922954
2025-05-03 00:00:00,Grayscale,0,0,,,1134009.168741701,2091056206.7012596
2025-05-04 00:00:00,Grayscale,0,0,,,1134009.168741701,2082721239.3110077
2025-05-05 00:00:00,Grayscale,0,0,,,1134009.168741701,2055289557.5191462
2025-05-06 00:00:00,Grayscale,0,0,,,1134009.168741701,2065960583.7970054
2025-05-07 00:00:00,Grayscale,0,0,,,1134009.168741701,2061311146.2051647
2025-05-08 00:00:00,Grayscale,0,0,,,1134009.168741701,2055108116.0521476
2025-05-09 00:00:00,Grayscale,1.5e-17,3.3076350000000003e-14,,,1134009.168741701,2500592277.9006376
2025-05-10 00:00:00,Grayscale,0,0,,,1134009.168741701,2658797897.0317917
2025-05-11 00:00:00,Grayscale,0,0,,,1134009.168741701,2926639522.5968943
2025-05-12 00:00:00,Grayscale,0,0,,,1134009.168741701,2849050615.271587
2025-05-13 00:00:00,Grayscale,-3905.1818087782494,-9745420.25562421,,,1130103.9869329226,2820185800.430978
2025-05-14 00:00:00,Grayscale,-1164.1556166114751,-3118202.4606500026,,,1128939.8313163111,3023876627.579053
2025-05-15 00:00:00,Grayscale,0.000010842999,0.028304456159609998,,,1128939.831327154,2946973246.2980895
2025-05-16 00:00:00,Grayscale,-6562.680517226712,-16731160.21783847,,,1122377.1508099274,2861433203.3608613
2025-05-17 00:00:00,Grayscale,0.000028632038800398004,0.07275114738793129,,,1122377.1508385595,2851848102.565696
2025-05-18 00:00:00,Grayscale,0,0,,,1122377.1508385595,2781261803.549459
2025-05-19 00:00:00,Grayscale,0.000005999999999999999,0.014997359999999998,,,1122377.1508445595,2805449031.165027
2025-05-20 00:00:00,Grayscale,0,0,,,1122377.1508445595,2839602967.8652267
2025-05-21 00:00:00,Grayscale,0,0,,,1122377.1508445595,2834047200.9685464
2025-05-22 00:00:00,Grayscale,0,0,,,1122377.1508445595,2865990054.681583
2025-05-23 00:00:00,Grayscale,16606.417454,44248795.69123024,,,1138983.5682985596,3034890056.74561
2025-05-24 00:00:00,Grayscale,0,0,,,1138983.5682985596,2879111274.109416
2025-05-25 00:00:00,Grayscale,0,0,,,1138983.5682985596,2884726463.1011276
2025-05-26 00:00:00,Grayscale,0,0,,,1138983.5682985596,2907517524.302782
2025-05-27 00:00:00,Grayscale,0,0,,,1138983.5682985596,2922016785.127223
2025-05-28 00:00:00,Grayscale,0,0,,,1138983.5682985596,3033534666.2993345
2025-05-29 00:00:00,Grayscale,0,0,,,1138983.5682985596,3056063761.2802806
2025-05-30 00:00:00,Grayscale,-2982.1978064213436,-7857435.136402829,,,1136001.3704921382,2993113690.9452763
2025-05-31 00:00:00,Grayscale,3.2360000000000007e-7,0.0008201480200000001,,,1136001.3704924618,2879138673.4446197
2025-06-01 00:00:00,Grayscale,4.02e-8,0.00010183222800000001,,,1136001.370492502,2877650511.649377
2025-06-02 00:00:00,Grayscale,0,0,,,1136001.370492502,2885420761.0235457
2025-06-03 00:00:00,Grayscale,0,0,,,1136001.370492502,2965429337.5473323
2025-06-04 00:00:00,Grayscale,0.053720463009085506,139.4679916549276,,,1136001.4242129652,2949264177.5132155
2025-06-05 00:00:00,Grayscale,-0.3766407675575465,-983.2772198241088,,,1136001.0475721976,2965701134.844358
2025-06-06 00:00:00,Grayscale,0.4097207896411419,991.2784784577788,,,1136001.4572929873,2748441925.7746534
2025-06-07 00:00:00,Grayscale,2.839999999999999e-8,0.00007044080399999997,,,1136001.4572930157,2817635774.5384398
2025-06-08 00:00:00,Grayscale,0,0,,,1136001.4572930157,2871584483.745285
2025-06-09 00:00:00,Grayscale,-0.30191648201434873,-758.6557360056555,,,1136001.1553765337,2854543703.230154
2025-06-10 00:00:00,Grayscale,0.3400000095000006,911.5332254693116,,,1136001.4953765431,3045597289.0746045
2025-06-11 00:00:00,Grayscale,0,0,,,1136001.4953765431,3196049327.122274
2025-06-12 00:00:00,Grayscale,4726.3498636206,13117794.992484432,,,1140727.8452401638,3166044505.350265
2025-06-13 00:00:00,Grayscale,-507.5789733418866,-1344830.4898693284,,,1140220.266266822,3021013595.4739447
2025-06-14 00:00:00,Grayscale,3e-10,7.743599999999999e-7,,,1140220.2662668221,2943136551.287921
2025-06-15 00:00:00,Grayscale,0,0,,,1140220.2662668221,2891381953.40207
2025-06-16 00:00:00,Grayscale,-660.2747385700001,-1684116.5564387992,,,1139559.9915282521,2906595901.1917057
2025-06-17 00:00:00,Grayscale,0,0,,,1139559.9915282521,2899769936.8424516
2025-06-18 00:00:00,Grayscale,-3564.0269534582812,-8957754.064282976,,,1135995.9645747938,2855189537.4429955
2025-06-19 00:00:00,Grayscale,0,0,,,1135995.9645747938,2870139244.3367996
2025-06-20 00:00:00,Grayscale,0.06400000000000004,161.5340800000001,,,1135996.0285747938,2867219896.2419224
2025-06-21 00:00:00,Grayscale,0,0,,,1135996.0285747938,2737148350.970108
2025-06-22 00:00:00,Grayscale,0,0,,,1135996.0285747938,2610780152.7514486
2025-06-23 00:00:00,Grayscale,0,0,,,1135996.0285747938,2533271143.7217903
2025-06-24 00:00:00,Grayscale,3893.96373387,9415487.489585644,,,1139889.992308664,2756219804.70258
2025-06-25 00:00:00,Grayscale,0,0,,,1139889.992308664,2792274525.159303
2025-06-26 00:00:00,Grayscale,0,0,,,1139889.992308664,2759924447.177583
2025-06-27 00:00:00,Grayscale,-11265.32360454018,-27257802.30001751,,,1128624.6687041237,2730842820.8898716
2025-06-28 00:00:00,Grayscale,0,0,,,1128624.6687041237,2737750003.862341
2025-06-29 00:00:00,Grayscale,0,0,,,1128624.6687041237,2752625276.9958615
2025-06-30 00:00:00,Grayscale,-1165.8232903431172,-2916365.251957825,,,1127458.8454137805,2820394674.744843
2025-07-01 00:00:00,Grayscale,0,0,,,1127458.8454137805,2806346537.5309873
2025-07-02 00:00:00,Grayscale,4140.2452840000005,9972153.388589561,,,1131599.0906977805,2725558253.863767
2025-07-03 00:00:00,Grayscale,0.153999999999966,396.03871999991253,,,1131599.2446977806,2910111145.604388
2025-07-04 00:00:00,Grayscale,0,0,,,1131599.2446977806,2932132066.906207
2025-07-05 00:00:00,Grayscale,0.000040000400000000004,0.10038860387600002,,,1131599.244737781,2839963308.5259614
2025-07-06 00:00:00,Grayscale,0,0,,,1131599.244737781,2850555077.456707
2025-07-07 00:00:00,Grayscale,-2069.8389878590474,-5323129.115416384,,,1129529.405749922,2904878544.5314193
2025-07-08 00:00:00,Grayscale,0,0,,,1129529.405749922,2872585298.821029
2025-07-09 00:00:00,Grayscale,2979.5465404799997,7792288.885455725,,,1132508.952290402,2961805362.566997
2025-07-10 00:00:00,Grayscale,0,0,,,1132508.952290402,3134546953.0598516
2025-07-11 00:00:00,Grayscale,6703.06139316,19763373.242206875,,,1139212.013683562,3358864093.2647505
2025-07-12 00:00:00,Grayscale,0,0,,,1139212.013683562,3366918322.2014937
2025-07-13 00:00:00,Grayscale,0,0,,,1139212.013683562,3348918772.385293
2025-07-14 00:00:00,Grayscale,3309.9270512000003,9831112.228203729,,,1142521.940734762,3393507243.150983
2025-07-15 00:00:00,Grayscale,1813.4634462526265,5463040.497201574,,,1144335.4041810145,3447298961.7412643
2025-07-16 00:00:00,Grayscale,0,0,,,1144335.4041810145,3588693044.281871
2025-07-17 00:00:00,Grayscale,9760.94520634,32891749.89016009,,,1154096.3493873545,3888993091.42105
2025-07-18 00:00:00,Grayscale,0,0,,,1154096.3493873545,4010657928.573465
2025-07-19 00:00:00,Grayscale,0,0,,,1154096.3493873545,4091663951.336963
2025-07-20 00:00:00,Grayscale,0,0,,,1154096.3493873545,4145006284.6056466
2025-07-21 00:00:00,Grayscale,-7857.311579181274,-29507505.05068894,,,1146239.037808173,4304609007.365569
2025-07-22 00:00:00,Grayscale,0,0,,,1146239.037808173,4311073795.538808
2025-07-23 00:00:00,Grayscale,0,0,,,1146239.037808173,4293066380.254841
2025-07-24 00:00:00,Grayscale,0,0,,,1146239.037808173,4157099505.5900354
2025-07-25 00:00:00,Grayscale,-4960.4688974894225,-18372783.121277224,,,1141278.5689106837,4227113214.674147
2025-07-26 00:00:00,Grayscale,0,0,,,1141278.5689106837,4249756181.4813347
2025-07-27 00:00:00,Grayscale,0,0,,,1141278.5689106837,4267731318.941678
2025-07-28 00:00:00,Grayscale,-6448.167886567208,-24957440.359921783,,,1134830.4010241164,4392327022.251812
2025-07-29 00:00:00,Grayscale,-4628.498910816928,-17559367.742911723,,,1130201.9021132996,4287703466.14233
2025-07-30 00:00:00,Grayscale,0,0,,,1130201.9021132996,4286528056.1641326
2025-07-31 00:00:00,Grayscale,813.444238864281,3096993.7128584227,,,1131015.346352164,4306069487.55274
2025-08-01 00:00:00,Grayscale,-1817.9653009391948,-6725180.858111354,,,1129197.3810512247,4177228579.748985
2025-08-02 00:00:00,Grayscale,0,0,,,1129197.3810512247,3939724494.5924807
2025-08-03 00:00:00,Grayscale,0,0,,,1129197.3810512247,3836820737.2572827
2025-08-04 00:00:00,Grayscale,-10576.5282749864,-37024512.17526564,,,1118620.8527762382,3915877715.854083
2025-08-05 00:00:00,Grayscale,-1900.0769653306725,-7071953.45957319,,,1116720.7758109076,4156356557.113891
2025-08-06 00:00:00,Grayscale,-3056.436216422415,-11048161.120226432,,,1113664.3395944852,4025584761.6189775
2025-08-07 00:00:00,Grayscale,2725.8239745,10046269.582177456,,,1116390.1635689852,4114556422.9482164
2025-08-08 00:00:00,Grayscale,2808.232464492,10977605.362296388,,,1119198.3960334773,4375036065.966545
2025-08-09 00:00:00,Grayscale,0,0,,,1119198.3960334773,4486026970.901185
2025-08-10 00:00:00,Grayscale,0,0,,,1119198.3960334773,4767561327.423407
2025-08-11 00:00:00,Grayscale,6607.152937600001,28067251.75045418,,,1125805.5489710772,4782433230.084626
2025-08-12 00:00:00,Grayscale,3055.18282893,12905428.339511503,,,1128860.7318000072,4768431905.803728
2025-08-13 00:00:00,Grayscale,2064.17133075,9468415.819290172,,,1130924.9031307572,5187586458.407877
2025-08-14 00:00:00,Grayscale,1651.2239592,7841117.678334264,,,1132576.1270899572,5378230277.4282675
2025-08-15 00:00:00,Grayscale,-1154.3258360710959,-5254052.561977921,,,1131421.8012538862,5149802099.023213
2025-08-16 00:00:00,Grayscale,0,0,,,1131421.8012538862,5028706023.63501
2025-08-17 00:00:00,Grayscale,0,0,,,1131421.8012538862,5007220323.629199
2025-08-18 00:00:00,Grayscale,-23196.517670105666,-103815782.8673812,,,1108225.2835837805,4959851174.4263735
2025-08-19 00:00:00,Grayscale,-4291.699899667162,-18523792.189944405,,,1103933.5836841133,4764787094.561533
2025-08-20 00:00:00,Grayscale,-29462.151452883016,-120127208.60489804,,,1074471.4322312304,4380985349.493685
2025-08-21 00:00:00,Grayscale,0.0000032999999999999997,0.014299362,,,1074471.4322345303,4655835141.872733
2025-08-22 00:00:00,Grayscale,1402.7674747200006,5924981.204372844,,,1075874.1997092504,4544255927.247937
2025-08-23 00:00:00,Grayscale,0,0,,,1075874.1997092504,5192556202.508738
2025-08-24 00:00:00,Grayscale,0,0,,,1075874.1997092504,5138009380.583478
2025-08-25 00:00:00,Grayscale,9488.6593633,45381126.477074005,,,1085362.8590725504,5190932385.200515
2025-08-26 00:00:00,Grayscale,-6599.458130138794,-28903118.815918464,,,1078763.4009424117,4724573766.035405
2025-08-27 00:00:00,Grayscale,1154.8260789800001,5315595.151980202,,,1079918.2270213917,4970798803.885844
2025-08-28 00:00:00,Grayscale,1237.2289086,5579456.9753789045,,,1081155.4559299918,4875621890.2801285
2025-08-29 00:00:00,Grayscale,-1192.54378884838,-5383810.487383343,,,1079962.9121411433,4875557364.635921
2025-08-30 00:00:00,Grayscale,0,0,,,1079962.9121411433,4713627725.589477
2025-08-31 00:00:00,Grayscale,0,0,,,1079962.9121411433,4727008466.070906
2025-09-01 00:00:00,Grayscale,0,0,,,1079962.9121411433,4746113009.986683
2025-09-02 00:00:00,Grayscale,-6597.6502452486575,-28473413.186917175,,,1073365.2618958948,4632311727.111494
2025-09-03 00:00:00,Grayscale,-1236.7189699545897,-5348735.341915403,,,1072128.5429259401,4636891620.442115
2025-09-04 00:00:00,Grayscale,0,0,,,1072128.5429259401,4771658178.287907
2025-09-05 00:00:00,Grayscale,-6182.747798739792,-26594533.20897733,,,1065945.7951272004,4585069902.618091
2025-09-06 00:00:00,Grayscale,0,0,,,1065945.7951272004,4593554831.147304
2025-09-07 00:00:00,Grayscale,0,0,,,1065945.7951272004,4558176090.207032
2025-09-08 00:00:00,Grayscale,-11952.492770836752,-51495880.80401765,,,1053993.3023563637,4541003664.00611
2025-09-09 00:00:00,Grayscale,2225.17603548,9586481.14429458,,,1056218.4783918438,4550389886.422957
2025-09-10 00:00:00,Grayscale,0.000015786000000000025,0.06804571086000011,,,1056218.4784076298,4552840313.360872
2025-09-11 00:00:00,Grayscale,2060.0659760599974,8962131.622911174,,,1058278.5443836898,4603945562.272247
2025-09-12 00:00:00,Grayscale,2422.0186956851517,10802881.547990568,,,1060700.5630793748,4731021507.491673
2025-09-13 00:00:00,Grayscale,0.000007334999999999999,0.0345598794,,,1060700.56308671,4997639201.061867
2025-09-14 00:00:00,Grayscale,0,0,,,1060700.56308671,4948963652.221817
2025-09-15 00:00:00,Grayscale,4888.716254564001,22530773.26389675,,,1065589.279341274,4911013279.378509
2025-09-16 00:00:00,Grayscale,2224.1108568459995,10068705.536701819,,,1067813.39019812,4834065964.3642025
2025-09-17 00:00:00,Grayscale,0.00008961277490016073,0.4036876283702441,,,1067813.3902877327,4810285760.568178
2025-09-18 00:00:00,Grayscale,0.018783412873744965,86.26827081240714,,,1067813.4090711456,4904242747.047867
2025-09-19 00:00:00,Grayscale,2141.3068053928437,9827591.822554618,,,1069954.7158765383,4910589267.156849
2025-09-20 00:00:00,Grayscale,0.00005503299999999996,0.24612903886999984,,,1069954.7159315713,4785254771.985201
2025-09-21 00:00:00,Grayscale,0,0,,,1069954.7159315713,4799292577.858223
2025-09-22 00:00:00,Grayscale,-1399.9824558693922,-6232847.891951563,,,1068554.7334757019,4757301843.359838
2025-09-23 00:00:00,Grayscale,0.04325507335306611,181.81794278154456,,,1068554.7767307751,4491552462.962373
2025-09-24 00:00:00,Grayscale,-4116.465756721156,-17155906.181683794,,,1064438.310974054,4436185037.964797
2025-09-25 00:00:00,Grayscale,-2140.4160460957264,-8899293.411494045,,,1062297.8949279583,4416758449.657769
2025-09-26 00:00:00,Grayscale,-7737.896385905111,-29970420.281887673,,,1054559.9985420532,4084521786.3530803
2025-09-27 00:00:00,Grayscale,0,0,,,1054559.9985420532,4256910709.3147497
2025-09-28 00:00:00,Grayscale,0,0,,,1054559.9985420532,4243675981.333047
2025-09-29 00:00:00,Grayscale,0,0,,,1054559.9985420532,4372068661.155541
2025-09-30 00:00:00,Grayscale,1138.5953584577405,4803528.870168685,,,1055698.5939005108,4453802341.919353
2025-10-01 00:00:00,Grayscale,4.02e-7,0.00166677642,,,1055698.593900913,4377148067.017904
2025-10-02 00:00:00,Grayscale,822.8428146000001,3579621.3247825266,,,1056521.436715513,4596195771.357863
2025-10-03 00:00:00,Grayscale,905.0651009399999,4061524.8937232965,,,1057426.501816453,4745254298.226423
2025-10-04 00:00:00,Grayscale,0,0,,,1057426.501816453,4775105448.372702
2025-10-05 00:00:00,Grayscale,0,0,,,1057426.501816453,4748109349.781328
2025-10-06 00:00:00,Grayscale,0.10483569286952843,473.5008904145121,,,1057426.6066521457,4775973011.605082
2025-10-07 00:00:00,Grayscale,3126.152693188691,14657279.517284498,,,1060552.7593453345,4972507667.466536
2025-10-08 00:00:00,Grayscale,0.8361601015203632,3722.1165223118055,,,1060553.595505436,4720990697.176718
2025-10-09 00:00:00,Grayscale,0,0,,,1060553.595505436,4802748773.854232
2025-10-10 00:00:00,Grayscale,-0.05210243436621931,-227.692848423815,,,1060553.5434030015,4634725040.025457
2025-10-11 00:00:00,Grayscale,1e-9,0.00000384169,,,1060553.5434030024,4074317942.1558805
2025-10-12 00:00:00,Grayscale,6e-9,0.00002251692,,,1060553.5434030085,3980066548.7536783
2025-10-13 00:00:00,Grayscale,-0.38638320463187537,-1607.2575354674436,,,1060553.1570198038,4411635994.913129
2025-10-14 00:00:00,Grayscale,-12580.72352014585,-53419387.5605969,,,1047972.4334996579,4449827189.0559025
2025-10-15 00:00:00,Grayscale,2607.1225777357813,10759829.519347565,,,1050579.5560773937,4335836380.091451
2025-10-16 00:00:00,Grayscale,-0.315343348598429,-1257.31807893074,,,1050579.2407340452,4188806513.9003406
2025-10-17 00:00:00,Grayscale,-17838.128084962536,-69478795.36580569,,,1032741.1126490827,4022485324.123671
2025-10-18 00:00:00,Grayscale,2e-9,0.00000766958,,,1032741.1126490847,3960345291.375583
2025-10-19 00:00:00,Grayscale,0,0,,,1032741.1126490847,4020419841.8983808
2025-10-20 00:00:00,Grayscale,-6823.765629766365,-27208400.69556743,,,1025917.3470193183,4090640237.770128
2025-10-21 00:00:00,Grayscale,-0.674308323450048,-2685.51381513863,,,1025916.6727109948,4085836259.0722623
2025-10-22 00:00:00,Grayscale,3287.1330876,12741420.917500742,,,1029203.8057985948,3989348331.8462234
2025-10-23 00:00:00,Grayscale,-8792.647304108088,-33470530.860183053,,,1020411.1584944867,3884348136.483038
2025-10-24 00:00:00,Grayscale,-1479.0689378869347,-5704680.149293634,,,1018932.0895565997,3929959933.494432
2025-10-25 00:00:00,Grayscale,3.03e-7,0.0011926989000000002,,,1018932.0895569028,4010822384.1228366
2025-10-26 00:00:00,Grayscale,0,0,,,1018932.0895569028,4031048186.100541
2025-10-27 00:00:00,Grayscale,0,0,,,1018932.0895569028,4235568235.116402
2025-10-28 00:00:00,Grayscale,1643.0388524,6772671.871146896,,,1020575.1284093028,4206851502.3082824
2025-10-29 00:00:00,Grayscale,-657.2251345123277,-2618470.3751646,,,1019917.9032747905,4063485515.974191
2025-10-30 00:00:00,Grayscale,-3286.0050530184067,-12837665.96098072,,,1016631.898221772,3971747001.0158725
2025-10-31 00:00:00,Grayscale,-1126.6629312091202,-4286546.8545954665,,,1015505.235290563,3863631838.3958874
2025-11-01 00:00:00,Grayscale,7e-17,2.695203e-13,,,1015505.235290563,3909989652.386902
2025-11-02 00:00:00,Grayscale,0,0,,,1015505.235290563,3936900541.122102
2025-11-03 00:00:00,Grayscale,-3532.245870646138,-13807796.365566699,,,1011972.9894199169,3955873253.7517147
2025-11-04 00:00:00,Grayscale,-4188.716085121905,-15092907.459393801,,,1007784.273334795,3631278527.2081337
2025-11-05 00:00:00,Grayscale,-6160.247826055712,-20276455.719462376,,,1001624.0255087393,3296845479.962015
2025-11-06 00:00:00,Grayscale,0,0,,,1001624.0255087393,3430351946.3220754
2025-11-07 00:00:00,Grayscale,-1067.721463218847,-3538407.5746779945,,,1000556.3040455205,3315823580.480774
2025-11-08 00:00:00,Grayscale,7.049999999999999e-7,0.0024231695999999995,,,1000556.3040462255,3439032083.7633624
2025-11-09 00:00:00,Grayscale,0,0,,,1000556.3040462255,3405673536.5864615
2025-11-10 00:00:00,Grayscale,2.0400000066399995e-7,0.0007313604023805062,,,1000556.3040464295,3587094405.636854
2025-11-11 00:00:00,Grayscale,0,0,,,1000556.3040464295,3570875387.9482617
2025-11-12 00:00:00,Grayscale,0,0,,,1000556.3040464295,3420781936.778257
2025-11-13 00:00:00,Grayscale,-14453.038931282099,-49353803.75137417,,,986103.2651151473,3367315846.617252
2025-11-14 00:00:00,Grayscale,-22462.43029448212,-72653832.29029064,,,963640.8348206652,3116857734.594049
2025-11-15 00:00:00,Grayscale,1.01000001029e-7,0.00031418878320099263,,,963640.8348207662,2997674636.1437435
2025-11-16 00:00:00,Grayscale,0,0,,,963640.8348207662,3054076534.2058024
2025-11-17 00:00:00,Grayscale,-1478.0788389633958,-4578836.969705977,,,962162.7559818028,2980616650.363108
2024-07-24 00:00:00,Grayscale Mini,4381.704509249999,15264850.718189871,,,296644.69464275,1033441887.8555733
2024-07-25 00:00:00,Grayscale Mini,13663.37994449107,45618883.05726845,,,310308.0745872411,1036047290.189643
2024-07-26 00:00:00,Grayscale Mini,18601.04250778,59099976.29741892,,,328909.1170950211,1045023203.1989849
2024-07-27 00:00:00,Grayscale Mini,0,0,,,328909.1170950211,1078101593.1052313
2024-07-28 00:00:00,Grayscale Mini,0,0,,,328909.1170950211,1069115796.0261952
2024-07-29 00:00:00,Grayscale Mini,13729.34079565,44953431.39356497,,,342638.4578906711,1121887397.1331089
2024-07-30 00:00:00,Grayscale Mini,1479.4144932603285,4914881.241219598,,,344117.8723839314,1143221513.2764492
2024-07-31 00:00:00,Grayscale Mini,3778.63120045,12396479.806692306,,,347896.5035843814,1141337101.3792083
2024-08-01 00:00:00,Grayscale Mini,5983.6179984499995,19355987.00992601,,,353880.12158283143,1144742033.6997905
2024-08-02 00:00:00,Grayscale Mini,0,0,,,353880.12158283143,1134295492.5106654
2024-08-03 00:00:00,Grayscale Mini,0,0,,,353880.12158283143,1058338663.2141265
2024-08-04 00:00:00,Grayscale Mini,0,0,,,353880.12158283143,1028605655.398737
2024-08-05 00:00:00,Grayscale Mini,0,0,,,353880.12158283143,951863212.2322842
2024-08-06 00:00:00,Grayscale Mini,3156.71185745,7638958.590961829,,,357036.83344028145,863997003.6104715
2024-08-07 00:00:00,Grayscale Mini,1884.6040899999998,4637916.435285499,,,358921.43753028143,883287711.690146
2024-08-08 00:00:00,Grayscale Mini,0,0,,,358921.43753028143,839528010.0264542
2024-08-09 00:00:00,Grayscale Mini,1950.56523936,5237930.859862983,,,360872.0027696414,969064023.9174289
2024-08-10 00:00:00,Grayscale Mini,0,0,,,360872.0027696414,938487339.1227572
2024-08-11 00:00:00,Grayscale Mini,0,0,,,360872.0027696414,942669845.6348572
2024-08-12 00:00:00,Grayscale Mini,942.302048,2408655.95697472,,,361814.3048176414,924848017.1165658
2024-08-13 00:00:00,Grayscale Mini,0,0,,,361814.3048176414,985864381.481013
2024-08-14 00:00:00,Grayscale Mini,0,0,,,361814.3048176414,978544878.094552
2024-08-15 00:00:00,Grayscale Mini,848.0718405,2260094.49349569,,,362662.3766581414,966487980.5464137
2024-08-16 00:00:00,Grayscale Mini,0,0,,,362662.3766581414,932825658.7450049
2024-08-17 00:00:00,Grayscale Mini,0,0,,,362662.3766581414,941090734.3090439
2024-08-18 00:00:00,Grayscale Mini,0,0,,,362662.3766581414,948982267.6251252
2024-08-19 00:00:00,Grayscale Mini,0,0,,,362662.3766581414,949305037.1403508
2024-08-20 00:00:00,Grayscale Mini,1884.6040939999998,4972810.592633099,,,364546.9807521414,961911890.7616379
2024-08-21 00:00:00,Grayscale Mini,0,0,,,364546.9807521414,939014694.9005959
2024-08-22 00:00:00,Grayscale Mini,1601.9134765000001,4216716.8441909505,,,366148.8942286414,963813734.2780528
2024-08-23 00:00:00,Grayscale Mini,1413.453069,3709324.8889767,,,367562.3472976414,964593868.0132004
2024-08-24 00:00:00,Grayscale Mini,0,0,,,367562.3472976414,1016262107.1728297
2024-08-25 00:00:00,Grayscale Mini,0,0,,,367562.3472976414,1018581425.5842777
2024-08-26 00:00:00,Grayscale Mini,0,0,,,367562.3472976414,1011428662.3058656
2024-08-27 00:00:00,Grayscale Mini,0,0,,,367562.3472976414,986662311.3449508
2024-08-28 00:00:00,Grayscale Mini,0,0,,,367562.3472976414,904596666.0638064
2024-08-29 00:00:00,Grayscale Mini,0,0,,,367562.3472976414,929822469.9588434
2024-08-30 00:00:00,Grayscale Mini,1413.4530705,3577435.5869047944,,,368975.8003681414,933874060.973762
2024-08-31 00:00:00,Grayscale Mini,0,0,,,368975.8003681414,932807720.9106982
2024-09-01 00:00:00,Grayscale Mini,0,0,,,368975.8003681414,928645673.8825457
2024-09-02 00:00:00,Grayscale Mini,0,0,,,368975.8003681414,897238453.7552093
2024-09-03 00:00:00,Grayscale Mini,0,0,,,368975.8003681414,937002975.7608839
2024-09-04 00:00:00,Grayscale Mini,0,0,,,368975.8003681414,894364132.2703415
2024-09-05 00:00:00,Grayscale Mini,1272.1078574581934,3119081.2557017445,,,370247.90822559956,907810846.1783476
2024-09-06 00:00:00,Grayscale Mini,3062.481644,7255233.38835108,,,373310.38986959954,884398445.3283722
2024-09-07 00:00:00,Grayscale Mini,0,0,,,373310.38986959954,830884400.940565
2024-09-08 00:00:00,Grayscale Mini,0,0,,,373310.38986959954,849923230.8239146
2024-09-09 00:00:00,Grayscale Mini,0,0,,,373310.38986959954,858516835.9987128
2024-09-10 00:00:00,Grayscale Mini,3392.287362,8003016.498683159,,,376702.6772315995,888709422.0712448
2024-09-11 00:00:00,Grayscale Mini,0,0,,,376702.6772315995,900308097.5032058
2024-09-12 00:00:00,Grayscale Mini,0,0,,,376702.6772315995,882392118.174071
2024-09-13 00:00:00,Grayscale Mini,0,0,,,376702.6772315995,889997745.2273769
2024-09-14 00:00:00,Grayscale Mini,0,0,,,376702.6772315995,920084988.0578648
2024-09-15 00:00:00,Grayscale Mini,0,0,,,376702.6772315995,911326650.8122301
2024-09-16 00:00:00,Grayscale Mini,0,0,,,376702.6772315995,874707383.5585464
2024-09-17 00:00:00,Grayscale Mini,1008.26319029,2316192.283366091,,,377710.94042188954,867681349.4465688
2024-09-18 00:00:00,Grayscale Mini,1177.87755625,2760061.5836828123,,,378888.81797813956,887831222.7272755
2024-09-19 00:00:00,Grayscale Mini,0,0,,,378888.81797813956,898011965.2663481
2024-09-20 00:00:00,Grayscale Mini,0,0,,,378888.81797813956,934082180.7378671
2024-09-21 00:00:00,Grayscale Mini,0,0,,,378888.81797813956,970239540.6375209
2024-09-22 00:00:00,Grayscale Mini,0,0,,,378888.81797813956,990036481.3768786
2024-09-23 00:00:00,Grayscale Mini,1130.7624576,2920962.965223168,,,380019.58043573954,981658979.7899936
2024-09-24 00:00:00,Grayscale Mini,0,0,,,380019.58043573954,1006493259.3714693
2024-09-25 00:00:00,Grayscale Mini,0,0,,,380019.58043573954,1008298352.3785391
2024-09-26 00:00:00,Grayscale Mini,10365.322484,26749476.77478428,,,390384.90291973954,1007454607.4178842
2024-09-27 00:00:00,Grayscale Mini,0,0,,,390384.90291973954,1027906872.4818494
2024-09-28 00:00:00,Grayscale Mini,0,0,,,390384.90291973954,1052704121.5153112
2024-09-29 00:00:00,Grayscale Mini,0,0,,,390384.90291973954,1045501520.0564421
2024-09-30 00:00:00,Grayscale Mini,848.0718423,2255591.236810041,,,391232.97476203955,1040550605.9853537
2024-10-01 00:00:00,Grayscale Mini,0,0,,,391232.97476203955,1018954545.7784891
2024-10-02 00:00:00,Grayscale Mini,0,0,,,391232.97476203955,959119374.6183829
2024-10-03 00:00:00,Grayscale Mini,0,0,,,391232.97476203955,926463158.2149954
2024-10-04 00:00:00,Grayscale Mini,0,0,,,391232.97476203955,920046937.4288979
2024-10-05 00:00:00,Grayscale Mini,0,0,,,391232.97476203955,945289288.9605447
2024-10-06 00:00:00,Grayscale Mini,0,0,,,391232.97476203955,945805716.4872307
2024-10-07 00:00:00,Grayscale Mini,0,0,,,391232.97476203955,954784513.2580193
2024-10-08 00:00:00,Grayscale Mini,0,0,,,391232.97476203955,948591295.2675363
2024-10-09 00:00:00,Grayscale Mini,0,0,,,391232.97476203955,955273554.4764719
2024-10-10 00:00:00,Grayscale Mini,0,0,,,391232.97476203955,927374731.0461909
2024-10-11 00:00:00,Grayscale Mini,1413.453072,3373050.2764900797,,,392646.42783403955,937007508.9188735
2024-10-12 00:00:00,Grayscale Mini,0,0,,,392646.42783403955,956898976.9529462
2024-10-13 00:00:00,Grayscale Mini,0,0,,,392646.42783403955,972247525.8169787
2024-10-14 00:00:00,Grayscale Mini,0,0,,,392646.42783403955,969561824.2505939
2024-10-15 00:00:00,Grayscale Mini,0,0,,,392646.42783403955,1032271385.2399684
2024-10-16 00:00:00,Grayscale Mini,0,0,,,392646.42783403955,1023161988.1142186
2024-10-17 00:00:00,Grayscale Mini,0,0,,,392646.42783403955,1025376513.9672025
2024-10-18 00:00:00,Grayscale Mini,1978.8342966,5152943.873375298,,,394625.2621306396,1027616021.3460494
2024-10-19 00:00:00,Grayscale Mini,0,0,,,394625.2621306396,1042552587.5176941
2024-10-20 00:00:00,Grayscale Mini,0,0,,,394625.2621306396,1044636208.9017438
2024-10-21 00:00:00,Grayscale Mini,0,0,,,394625.2621306396,1083045085.664919
2024-10-22 00:00:00,Grayscale Mini,0,0,,,394625.2621306396,1052181443.9136817
2024-10-23 00:00:00,Grayscale Mini,0,0,,,394625.2621306396,1034746899.83275
2024-10-24 00:00:00,Grayscale Mini,0,0,,,394625.2621306396,995572450.0610414
2024-10-25 00:00:00,Grayscale Mini,0,0,,,394625.2621306396,1000375039.5011714
2024-10-26 00:00:00,Grayscale Mini,0,0,,,394625.2621306396,962842230.8199261
2024-10-27 00:00:00,Grayscale Mini,0,0,,,394625.2621306396,979676944.5024194
2024-10-28 00:00:00,Grayscale Mini,0,0,,,394625.2621306396,989341317.1719986
2024-10-29 00:00:00,Grayscale Mini,0,0,,,394625.2621306396,1013137220.4784763
2024-10-30 00:00:00,Grayscale Mini,0,0,,,394625.2621306396,1041313464.1946038
2024-10-31 00:00:00,Grayscale Mini,0,0,,,394625.2621306396,1049659788.4886669
2024-11-01 00:00:00,Grayscale Mini,0,0,,,394625.2621306396,993938701.4758207
2024-11-02 00:00:00,Grayscale Mini,0,0,,,394625.2621306396,991870865.102256
2024-11-03 00:00:00,Grayscale Mini,0,0,,,394625.2621306396,984116478.7013891
2024-11-04 00:00:00,Grayscale Mini,0,0,,,394625.2621306396,970221723.2217692
2024-11-05 00:00:00,Grayscale Mini,-13192.22845051246,-31654884.08928916,,,381433.0336801271,915252378.6458019
2024-11-06 00:00:00,Grayscale Mini,0,0,,,381433.0336801271,924723360.8720795
2024-11-07 00:00:00,Grayscale Mini,9423.020470000001,25644938.669514403,,,390856.0541501271,1063722568.4906539
2024-11-08 00:00:00,Grayscale Mini,1884.604092,5454440.009107321,,,392740.6582421271,1136673940.4909468
2024-11-09 00:00:00,Grayscale Mini,0,0,,,392740.6582421271,1163348885.9987519
2024-11-10 00:00:00,Grayscale Mini,0,0,,,392740.6582421271,1228174659.0481975
2024-11-11 00:00:00,Grayscale Mini,0,0,,,392740.6582421271,1251896194.806022
2024-11-12 00:00:00,Grayscale Mini,0,0,,,392740.6582421271,1325205166.0734973
2024-11-13 00:00:00,Grayscale Mini,3863.4383845,12546207.078592991,,,396604.0966266271,1287940075.4672413
2024-11-14 00:00:00,Grayscale Mini,678.4574724,2166090.8184073083,,,397282.55409902707,1268392091.9953408
2024-11-15 00:00:00,Grayscale Mini,0,0,,,397282.55409902707,1216602338.2429914
2024-11-16 00:00:00,Grayscale Mini,0,0,,,397282.55409902707,1228739320.270717
2024-11-17 00:00:00,Grayscale Mini,0,0,,,397282.55409902707,1245993301.5952375
2024-11-18 00:00:00,Grayscale Mini,0,0,,,397282.55409902707,1223093935.1769698
2024-11-19 00:00:00,Grayscale Mini,0,0,,,397282.55409902707,1275241243.228008
2024-11-20 00:00:00,Grayscale Mini,-1601.9130611268947,-4984736.948831003,,,395680.6410379002,1231255277.9432755
2024-11-21 00:00:00,Grayscale Mini,-0.5835191739406841,-1793.5337089827838,,,395680.0575187262,1216182008.7924328
2024-11-22 00:00:00,Grayscale Mini,471.1513865099291,1582475.0079263593,,,396151.20890523616,1330568911.398373
2024-11-23 00:00:00,Grayscale Mini,0,0,,,396151.20890523616,1318826989.5664217
2024-11-24 00:00:00,Grayscale Mini,1e-10,3.39555e-7,,,396151.2089052363,1345151237.398175
2024-11-25 00:00:00,Grayscale Mini,-1601.9128340037746,-5387697.415476555,,,394549.2960712325,1326983701.9834154
2024-11-26 00:00:00,Grayscale Mini,-1319.222575015129,-4503773.10219865,,,393230.0734962173,1342471741.713146
2024-11-27 00:00:00,Grayscale Mini,3769.208526200248,12537442.93652936,,,396999.2820224176,1320530771.8055272
2024-11-28 00:00:00,Grayscale Mini,0,0,,,396999.2820224176,1451750944.4923968
2024-11-29 00:00:00,Grayscale Mini,10271.0923014,36769277.907935835,,,407270.37432381755,1457979067.634348
2024-11-30 00:00:00,Grayscale Mini,1e-10,3.59243e-7,,,407270.37432381767,1463090310.8321123
2024-12-01 00:00:00,Grayscale Mini,0,0,,,407270.37432381767,1507894124.7114756
2024-12-02 00:00:00,Grayscale Mini,942.302046,3493481.18231994,,,408212.6763698177,1513403594.2466984
2024-12-03 00:00:00,Grayscale Mini,0,0,,,408212.6763698177,1486918755.8038247
2024-12-04 00:00:00,Grayscale Mini,0,0,,,408212.6763698177,1476276651.3308635
2024-12-05 00:00:00,Grayscale Mini,2261.5249104,8682129.822520224,,,410474.2012802177,1575835087.1668324
2024-12-06 00:00:00,Grayscale Mini,8009.567391,30369396.102411237,,,418483.76867121767,1586739796.6445358
2024-12-07 00:00:00,Grayscale Mini,0,0,,,418483.76867121767,1675596455.2464952
2024-12-08 00:00:00,Grayscale Mini,0,0,,,418483.76867121767,1673579363.4815001
2024-12-09 00:00:00,Grayscale Mini,5653.8122766,22637581.66489257,,,424137.58094781765,1698225667.2360144
2024-12-10 00:00:00,Grayscale Mini,2355.75511525,8763055.665462712,,,426493.33606306766,1586491236.1542022
2024-12-11 00:00:00,Grayscale Mini,7067.26534575,25664208.721863467,,,433560.6014088177,1574440639.1680088
2024-12-12 00:00:00,Grayscale Mini,3486.5175701999997,13360195.868303591,,,437047.1189790177,1674747078.0428367
2024-12-13 00:00:00,Grayscale Mini,18846.040922,73162592.38411464,,,455893.15990101773,1769831953.914939
2024-12-14 00:00:00,Grayscale Mini,0,0,,,455893.15990101773,1781274872.2284544
2024-12-15 00:00:00,Grayscale Mini,0,0,,,455893.15990101773,1764488886.080899
2024-12-16 00:00:00,Grayscale Mini,0,0,,,455893.15990101773,1801999775.2775548
2024-12-17 00:00:00,Grayscale Mini,1884.6040922,7517214.57276275,,,457777.7639932177,1825961056.127947
2024-12-18 00:00:00,Grayscale Mini,1130.76245544,4398926.027026351,,,458908.52644865774,1785259716.8463619
2024-12-19 00:00:00,Grayscale Mini,-4240.358153544581,-15374775.400285013,,,454668.16829511314,1648544937.9677873
2024-12-20 00:00:00,Grayscale Mini,-942.3015609805933,-3222935.1829907037,,,453725.8667341325,1551869507.473419
2024-12-21 00:00:00,Grayscale Mini,0,0,,,453725.8667341325,1576338943.4663906
2024-12-22 00:00:00,Grayscale Mini,0.000004,0.013355959999999998,,,453725.8667381325,1514986131.7799568
2024-12-23 00:00:00,Grayscale Mini,2355.7551165,7730551.76010174,,,456081.6218546325,1496659207.0132878
2024-12-24 00:00:00,Grayscale Mini,-1790.3736425433754,-6122272.189359199,,,454291.2482120891,1553471637.8236494
2024-12-25 00:00:00,Grayscale Mini,0.000003,0.01048227,,,454291.24821508914,1587334507.4758608
2024-12-26 00:00:00,Grayscale Mini,0,0,,,454291.24821508914,1587956886.4859154
2024-12-27 00:00:00,Grayscale Mini,1790.37388959,5968873.799287413,,,456081.6221046791,1520516837.4861264
2024-12-28 00:00:00,Grayscale Mini,0,0,,,456081.6221046791,1519166835.8846967
2024-12-29 00:00:00,Grayscale Mini,0,0,,,456081.6221046791,1551553191.8703501
2024-12-30 00:00:00,Grayscale Mini,0,0,,,456081.6221046791,1530153842.1611984
2024-12-31 00:00:00,Grayscale Mini,-4051.8981729522325,-13613567.48148491,,,452029.7239317269,1518729466.465816
2025-01-01 00:00:00,Grayscale Mini,0.000002,0.00666912,,,452029.7239337269,1507320236.2404482
2025-01-02 00:00:00,Grayscale Mini,2921.13634291,9806488.394056303,,,454950.8602766369,1527306434.017492
2025-01-03 00:00:00,Grayscale Mini,0,0,,,454950.8602766369,1571136399.8965435
2025-01-04 00:00:00,Grayscale Mini,0,0,,,454950.8602766369,1639979564.073604
2025-01-05 00:00:00,Grayscale Mini,0,0,,,454950.8602766369,1663900880.3069499
2025-01-06 00:00:00,Grayscale Mini,1413.45306915,5138014.982605781,,,456364.3133457869,1658920788.157003
2025-01-07 00:00:00,Grayscale Mini,0,0,,,456364.3133457869,1683705934.0148127
2025-01-08 00:00:00,Grayscale Mini,-1413.4528964395188,-4782460.278690006,,,454950.86044934735,1539339884.8561804
2025-01-09 00:00:00,Grayscale Mini,0.000001,0.0033273499999999998,,,454950.86045034736,1513780745.5194633
2025-01-10 00:00:00,Grayscale Mini,-1036.532046183328,-3338275.8385789497,,,453914.32840416406,1461885564.3450189
2025-01-11 00:00:00,Grayscale Mini,0,0,,,453914.32840416406,1483882252.6994846
2025-01-12 00:00:00,Grayscale Mini,0,0,,,453914.32840416406,1491943771.1719427
2025-01-13 00:00:00,Grayscale Mini,0,0,,,453914.32840416406,1483214998.6367307
2025-01-14 00:00:00,Grayscale Mini,-12249.926424177771,-38431449.17204444,,,441664.4019799863,1385624895.0437715
2025-01-15 00:00:00,Grayscale Mini,0.000001,0.00322501,,,441664.4019809863,1424372113.0327008
2025-01-16 00:00:00,Grayscale Mini,2355.75511475,8128297.4479334,,,444020.1570957363,1532047150.0431285
2025-01-17 00:00:00,Grayscale Mini,1224.9926599300002,4051087.476168309,,,445245.1497556663,1472439067.5964813
2025-01-18 00:00:00,Grayscale Mini,0,0,,,445245.1497556663,1546999820.374565
2025-01-19 00:00:00,Grayscale Mini,0,0,,,445245.1497556663,1472220897.473101
2025-01-20 00:00:00,Grayscale Mini,0,0,,,445245.1497556663,1430906600.0272727
2025-01-21 00:00:00,Grayscale Mini,0,0,,,445245.1497556663,1460323947.0716295
2025-01-22 00:00:00,Grayscale Mini,3769.208184,12548334.809927281,,,449014.3579396663,1494845130.021999
2025-01-23 00:00:00,Grayscale Mini,0,0,,,449014.3579396663,1456063759.92675
2025-01-24 00:00:00,Grayscale Mini,942.2981735000001,3146578.5988416104,,,449956.6561131663,1502522263.492452
2025-01-25 00:00:00,Grayscale Mini,0,0,,,449956.6561131663,1490368934.210835
2025-01-26 00:00:00,Grayscale Mini,0,0,,,449956.6561131663,1494117073.1562576
2025-01-27 00:00:00,Grayscale Mini,0,0,,,449956.6561131663,1457189130.3890502
2025-01-28 00:00:00,Grayscale Mini,0,0,,,449956.6561131663,1431379616.594399
2025-01-29 00:00:00,Grayscale Mini,0,0,,,449956.6561131663,1385655021.200179
2025-01-30 00:00:00,Grayscale Mini,0,0,,,449956.6561131663,1401947951.7180367
2025-01-31 00:00:00,Grayscale Mini,3940.2558147442837,12799487.586057182,,,453896.9119279106,1474434189.7375054
2025-02-01 00:00:00,Grayscale Mini,0,0,,,453896.9119279106,1497714562.350288
2025-02-02 00:00:00,Grayscale Mini,0,0,,,453896.9119279106,1416934528.9344778
2025-02-03 00:00:00,Grayscale Mini,0,0,,,453896.9119279106,1302557046.0977635
2025-02-04 00:00:00,Grayscale Mini,4711.277887499999,13587089.863655623,,,458608.1898154106,1322603089.0181532
2025-02-05 00:00:00,Grayscale Mini,0,0,,,458608.1898154106,1254082439.377833
2025-02-06 00:00:00,Grayscale Mini,1884.4956658,5255820.722002884,,,460492.6854812106,1284304889.9533868
2025-02-07 00:00:00,Grayscale Mini,0,0,,,460492.6854812106,1238785187.9935691
2025-02-08 00:00:00,Grayscale Mini,0,0,,,460492.6854812106,1208715015.631646
2025-02-09 00:00:00,Grayscale Mini,0,0,,,460492.6854812106,1213780435.1719394
2025-02-10 00:00:00,Grayscale Mini,0,0,,,460492.6854812106,1211606909.696468
2025-02-11 00:00:00,Grayscale Mini,0,0,,,460492.6854812106,1226517662.8523495
2025-02-12 00:00:00,Grayscale Mini,0,0,,,460492.6854812106,1199707778.7036335
2025-02-13 00:00:00,Grayscale Mini,0,0,,,460492.6854812106,1260994750.2143278
2025-02-14 00:00:00,Grayscale Mini,0,0,,,460492.6854812106,1232955350.5953767
2025-02-15 00:00:00,Grayscale Mini,0,0,,,460492.6854812106,1255837232.136938
2025-02-16 00:00:00,Grayscale Mini,0,0,,,460492.6854812106,1241640242.6435525
2025-02-17 00:00:00,Grayscale Mini,0,0,,,460492.6854812106,1227714943.8346007
2025-02-18 00:00:00,Grayscale Mini,0,0,,,460492.6854812106,1264489889.6971302
2025-02-19 00:00:00,Grayscale Mini,0,0,,,460492.6854812106,1230118715.6528127
2025-02-20 00:00:00,Grayscale Mini,0,0,,,460492.6854812106,1251513205.8202696
2025-02-21 00:00:00,Grayscale Mini,0,0,,,460492.6854812106,1262058488.3177896
2025-02-22 00:00:00,Grayscale Mini,0,0,,,460492.6854812106,1225937442.0686433
2025-02-23 00:00:00,Grayscale Mini,0,0,,,460492.6854812106,1273824076.4318342
2025-02-24 00:00:00,Grayscale Mini,0,0,,,460492.6854812106,1300081369.3579729
2025-02-25 00:00:00,Grayscale Mini,-1790.1310504782746,-4505956.76846937,,,458702.5544307323,1154604786.7831407
2025-02-26 00:00:00,Grayscale Mini,-942.170318396311,-2351402.7287312252,,,457760.38411233603,1142446323.4406805
2025-02-27 00:00:00,Grayscale Mini,0.000018,0.042027840000000004,,,457760.38413033605,1068815565.6982391
2025-02-28 00:00:00,Grayscale Mini,-54.79902985058097,-126486.5727108125,,,457705.5851004855,1056471454.4730896
2025-03-01 00:00:00,Grayscale Mini,0.000004,0.00895472,,,457705.58510448545,1024656339.2617095
2025-03-02 00:00:00,Grayscale Mini,0.000096000000000008,0.21306720000001775,,,457705.5852004854,1015854661.0732173
2025-03-03 00:00:00,Grayscale Mini,0.000016000000000000003,0.040297280000000005,,,457705.58521648543,1152768132.8145359
2025-03-04 00:00:00,Grayscale Mini,0.000004,0.0085982,,,457705.5852204854,983861040.7106944
2025-03-05 00:00:00,Grayscale Mini,3957.0018247599996,8591561.071973654,,,461662.5870452454,1002375658.8702482
2025-03-06 00:00:00,Grayscale Mini,0,0,,,461662.5870452454,1035467633.1096513
2025-03-07 00:00:00,Grayscale Mini,0,0,,,461662.5870452454,1017393542.8268301
2025-03-08 00:00:00,Grayscale Mini,0,0,,,461662.5870452454,988908961.2061384
2025-03-09 00:00:00,Grayscale Mini,0,0,,,461662.5870452454,1018252235.2387341
2025-03-10 00:00:00,Grayscale Mini,0,0,,,461662.5870452454,932410693.8035413
2025-03-11 00:00:00,Grayscale Mini,-2072.664088540416,-3866098.8710726667,,,459589.922956705,857263891.4926827
2025-03-12 00:00:00,Grayscale Mini,0.000026,0.05000631999999999,,,459589.922982705,883938490.6710962
2025-03-13 00:00:00,Grayscale Mini,-1884.2246110057213,-3597813.8412387646,,,457705.69837169925,873961568.6988574
2025-03-14 00:00:00,Grayscale Mini,-2826.3253109294487,-5273103.395854182,,,454879.3730607698,848672995.1132089
2025-03-15 00:00:00,Grayscale Mini,0,0,,,454879.3730607698,870388936.38313
2025-03-16 00:00:00,Grayscale Mini,0,0,,,454879.3730607698,882525118.0563914
2025-03-17 00:00:00,Grayscale Mini,0,0,,,454879.3730607698,859635588.0039734
2025-03-18 00:00:00,Grayscale Mini,0,0,,,454879.3730607698,877594225.6524125
2025-03-19 00:00:00,Grayscale Mini,-4898.863215870494,-9474744.379918646,,,449980.5098448993,870293804.6757244
2025-03-20 00:00:00,Grayscale Mini,-3768.3408347583936,-7760897.949184911,,,446212.1690101409,918973962.0763851
2025-03-21 00:00:00,Grayscale Mini,0.000002,0.0039679,,,446212.1690121409,885262632.7116369
2025-03-22 00:00:00,Grayscale Mini,0,0,,,446212.1690121409,878038457.6953304
2025-03-23 00:00:00,Grayscale Mini,0,0,,,446212.1690121409,885851632.774733
2025-03-24 00:00:00,Grayscale Mini,-3391.4783872131025,-6805815.338756021,,,442820.6906249278,888625992.7046677
2025-03-25 00:00:00,Grayscale Mini,0,0,,,442820.6906249278,921292875.0520687
2025-03-26 00:00:00,Grayscale Mini,-847.8557010443291,-1753628.4250269963,,,441972.8349238835,914136834.2014174
2025-03-27 00:00:00,Grayscale Mini,-2449.3508737560296,-4926330.425368027,,,439523.48405012744,884004793.0003403
2025-03-28 00:00:00,Grayscale Mini,0,0,,,439523.48405012744,881178656.997898
2025-03-29 00:00:00,Grayscale Mini,0,0,,,439523.48405012744,834365010.7117189
2025-03-30 00:00:00,Grayscale Mini,0,0,,,439523.48405012744,804464228.0917888
2025-03-31 00:00:00,Grayscale Mini,-59.74190546111044,-108078.48375064028,,,439463.7421446663,795029461.2764944
2025-04-01 00:00:00,Grayscale Mini,0,0,,,439463.7421446663,801713704.7945148
2025-04-02 00:00:00,Grayscale Mini,-1413.052177971626,-2694775.286522569,,,438050.6899666947,835388948.8078847
2025-04-03 00:00:00,Grayscale Mini,0,0,,,438050.6899666947,786506872.3145013
2025-04-04 00:00:00,Grayscale Mini,0,0,,,438050.6899666947,796200934.0834643
2025-04-05 00:00:00,Grayscale Mini,0.000004,0.007265,,,438050.68997069466,795609565.6592742
2025-04-06 00:00:00,Grayscale Mini,0,0,,,438050.68997069466,792021930.5084141
2025-04-07 00:00:00,Grayscale Mini,0,0,,,438050.68997069466,692177036.7433938
2025-04-08 00:00:00,Grayscale Mini,0,0,,,438050.68997069466,680774577.2834566
2025-04-09 00:00:00,Grayscale Mini,0,0,,,438050.68997069466,645458930.6580192
2025-04-10 00:00:00,Grayscale Mini,0,0,,,438050.68997069466,731286202.3439775
2025-04-11 00:00:00,Grayscale Mini,0,0,,,438050.68997069466,667186244.8805656
2025-04-12 00:00:00,Grayscale Mini,0,0,,,438050.68997069466,686951092.0120434
2025-04-13 00:00:00,Grayscale Mini,0,0,,,438050.68997069466,720772985.7846807
2025-04-14 00:00:00,Grayscale Mini,0,0,,,438050.68997069466,699943675.4765741
2025-04-15 00:00:00,Grayscale Mini,0,0,,,438050.68997069466,711481930.6504023
2025-04-16 00:00:00,Grayscale Mini,0,0,,,438050.68997069466,696789710.5087852
2025-04-17 00:00:00,Grayscale Mini,1412.96513475,2231170.8553296826,,,439463.65510544466,693943873.8673545
2025-04-18 00:00:00,Grayscale Mini,0,0,,,439463.65510544466,696242268.783556
2025-04-19 00:00:00,Grayscale Mini,0,0,,,439463.65510544466,699195464.5458646
2025-04-20 00:00:00,Grayscale Mini,0,0,,,439463.65510544466,709522860.4408425
2025-04-21 00:00:00,Grayscale Mini,0,0,,,439463.65510544466,697921019.9460588
2025-04-22 00:00:00,Grayscale Mini,0,0,,,439463.65510544466,694752486.9927485
2025-04-23 00:00:00,Grayscale Mini,0,0,,,439463.65510544466,771882753.1003052
2025-04-24 00:00:00,Grayscale Mini,3579.40870344,6429226.530857825,,,443043.06380888465,795780659.9216044
2025-04-25 00:00:00,Grayscale Mini,10361.4036647,18337819.433859352,,,453404.46747358463,802444294.6240995
2025-04-26 00:00:00,Grayscale Mini,0,0,,,453404.46747358463,810714392.1108177
2025-04-27 00:00:00,Grayscale Mini,0,0,,,453404.46747358463,826180018.4963417
2025-04-28 00:00:00,Grayscale Mini,5651.6515002,10134993.602278655,,,459056.1189737846,823216157.0333085
2025-04-29 00:00:00,Grayscale Mini,0,0,,,459056.1189737846,826190840.6842586
2025-04-30 00:00:00,Grayscale Mini,-56.609245671157574,-101926.64510828935,,,458999.5097281135,826442387.2507602
2025-05-01 00:00:00,Grayscale Mini,0,0,,,458999.5097281135,824230009.6138706
2025-05-02 00:00:00,Grayscale Mini,6499.2396047699995,11956196.154123034,,,465498.74933288345,856345464.2352524
2025-05-03 00:00:00,Grayscale Mini,0,0,,,465498.74933288345,858356418.8323705
2025-05-04 00:00:00,Grayscale Mini,0,0,,,465498.74933288345,854935003.0247737
2025-05-05 00:00:00,Grayscale Mini,0,0,,,465498.74933288345,843674588.2784114
2025-05-06 00:00:00,Grayscale Mini,0.0001834799999999999,0.3342675335999998,,,465498.74951636343,848054931.8439012
2025-05-07 00:00:00,Grayscale Mini,0.000252,0.45806544,,,465498.7497683634,846146387.4289496
2025-05-08 00:00:00,Grayscale Mini,0,0,,,465498.7497683634,843600109.2677166
2025-05-09 00:00:00,Grayscale Mini,1507.02669952,3323129.504844557,,,467005.77646788344,1029789767.6315651
2025-05-10 00:00:00,Grayscale Mini,0.0003050000000000003,0.7151030000000007,,,467005.77677288343,1094941744.2217023
2025-05-11 00:00:00,Grayscale Mini,0,0,,,467005.77677288343,1205243838.6376898
2025-05-12 00:00:00,Grayscale Mini,0.00014000000000000004,0.3517318000000001,,,467005.77691288345,1173291303.742621
2025-05-13 00:00:00,Grayscale Mini,0.00014000000000000001,0.34937140000000005,,,467005.77705288347,1165417586.6932414
2025-05-14 00:00:00,Grayscale Mini,2731.42976657,7316161.944055412,,,469737.20681945345,1258195805.8379743
2025-05-15 00:00:00,Grayscale Mini,0,0,,,469737.20681945345,1226197307.309433
2025-05-16 00:00:00,Grayscale Mini,0.000002,0.00509888,,,469737.20682145347,1197566824.5588863
2025-05-17 00:00:00,Grayscale Mini,0,0,,,469737.20682145347,1193555268.8126311
2025-05-18 00:00:00,Grayscale Mini,0,0,,,469737.20682145347,1164013495.87563
2025-05-19 00:00:00,Grayscale Mini,3296.51252455,8239830.845864197,,,473033.7193460035,1182376163.5284965
2025-05-20 00:00:00,Grayscale Mini,0,0,,,473033.7193460035,1196770579.6081953
2025-05-21 00:00:00,Grayscale Mini,0,0,,,473033.7193460035,1194429062.6974325
2025-05-22 00:00:00,Grayscale Mini,0,0,,,473033.7193460035,1207891602.35002
2025-05-23 00:00:00,Grayscale Mini,7157.96537772,19072828.226857603,,,480191.6847237235,1279499555.4474447
2025-05-24 00:00:00,Grayscale Mini,0,0,,,480191.6847237235,1213823738.727781
2025-05-25 00:00:00,Grayscale Mini,0,0,,,480191.6847237235,1216191083.733469
2025-05-26 00:00:00,Grayscale Mini,0,0,,,480191.6847237235,1225799719.3447907
2025-05-27 00:00:00,Grayscale Mini,2260.40082936,5798967.911689905,,,482452.0855530835,1237711527.4030137
2025-05-28 00:00:00,Grayscale Mini,0,0,,,482452.0855530835,1284948411.099516
2025-05-29 00:00:00,Grayscale Mini,1883.6287584000002,5054058.5031009605,,,484335.7143114835,1299545371.854857
2025-05-30 00:00:00,Grayscale Mini,1162.0555184733312,3061760.638963164,,,485497.7698299568,1279179813.9925737
2025-05-31 00:00:00,Grayscale Mini,1.1119999999999999e-7,0.00028183083999999995,,,485497.769830068,1230469822.7458158
2025-06-01 00:00:00,Grayscale Mini,1e-8,0.0000253314,,,485497.769830078,1229833820.6673636
2025-06-02 00:00:00,Grayscale Mini,0,0,,,485497.769830078,1233154625.4130015
2025-06-03 00:00:00,Grayscale Mini,0,0,,,485497.769830078,1267348233.3421338
2025-06-04 00:00:00,Grayscale Mini,3202.0899317599997,8313201.839036675,,,488699.859761838,1268752801.9164884
2025-06-05 00:00:00,Grayscale Mini,2825.3618589000002,7376030.936937286,,,491525.221620738,1283200319.8241796
2025-06-06 00:00:00,Grayscale Mini,0,0,,,491525.221620738,1189196121.1892135
2025-06-07 00:00:00,Grayscale Mini,0,0,,,491525.221620738,1219134922.4381325
2025-06-08 00:00:00,Grayscale Mini,0,0,,,491525.221620738,1242477455.2129016
2025-06-09 00:00:00,Grayscale Mini,3767.1181808,9466014.564714242,,,495292.339801538,1244570591.4533048
2025-06-10 00:00:00,Grayscale Mini,1789.35918404,4797236.185227559,,,497081.69898557797,1332666093.3463547
2025-06-11 00:00:00,Grayscale Mini,3484.5272477000003,9803438.649224136,,,500566.226233278,1408303032.209229
2025-06-12 00:00:00,Grayscale Mini,6969.025855919999,19342252.50207172,,,507535.252089198,1408643790.7634854
2025-06-13 00:00:00,Grayscale Mini,0.010571278573479503,28.008602580433944,,,507535.26266047655,1344714678.4189327
2025-06-14 00:00:00,Grayscale Mini,1.6e-9,0.00000412992,,,507535.2626604781,1310050019.979226
2025-06-15 00:00:00,Grayscale Mini,0,0,,,507535.2626604781,1287012994.407067
2025-06-16 00:00:00,Grayscale Mini,2636.907730189181,6725775.963852432,,,510172.1703906673,1301260442.9635477
2025-06-17 00:00:00,Grayscale Mini,2e-10,5.08928e-7,,,510172.17039066745,1298204511.662908
2025-06-18 00:00:00,Grayscale Mini,0,0,,,510172.17039066745,1282256529.6164958
2025-06-19 00:00:00,Grayscale Mini,0,0,,,510172.17039066745,1288970395.3788369
2025-06-20 00:00:00,Grayscale Mini,1600.916644738445,4040665.583820493,,,511773.0870354059,1291699918.4847534
2025-06-21 00:00:00,Grayscale Mini,0.03,72.2841,,,511773.11703540594,1233101972.3032994
2025-06-22 00:00:00,Grayscale Mini,0,0,,,511773.11703540594,1176172330.764281
2025-06-23 00:00:00,Grayscale Mini,2731.0038615500002,6090138.611256501,,,514504.12089695595,1147344189.6002119
2025-06-24 00:00:00,Grayscale Mini,2354.284748,5692589.89212156,,,516858.4056449559,1249748119.097334
2025-06-25 00:00:00,Grayscale Mini,0,0,,,516858.4056449559,1266096350.467884
2025-06-26 00:00:00,Grayscale Mini,0,0,,,516858.4056449559,1251427908.9156802
2025-06-27 00:00:00,Grayscale Mini,-5085.192331360183,-12304233.068805724,,,511773.21331359574,1238296702.3978424
2025-06-28 00:00:00,Grayscale Mini,0,0,,,511773.21331359574,1241428754.4633217
2025-06-29 00:00:00,Grayscale Mini,0,0,,,511773.21331359574,1248173925.414795
2025-06-30 00:00:00,Grayscale Mini,-64.23623464445672,-160690.1527748407,,,511708.9770789513,1280065591.6118507
2025-07-01 00:00:00,Grayscale Mini,0,0,,,511708.9770789513,1273689697.757447
2025-07-02 00:00:00,Grayscale Mini,0,0,,,511708.9770789513,1232497125.1025915
2025-07-03 00:00:00,Grayscale Mini,3107.54092803,7991600.85379619,,,514816.5180069813,1323943343.0281935
2025-07-04 00:00:00,Grayscale Mini,0,0,,,514816.5180069813,1333961672.4686093
2025-07-05 00:00:00,Grayscale Mini,0,0,,,514816.5180069813,1292029867.076941
2025-07-06 00:00:00,Grayscale Mini,0,0,,,514816.5180069813,1296848549.6854863
2025-07-07 00:00:00,Grayscale Mini,1506.68031872,3874820.1764713475,,,516323.1983257013,1327859348.5261056
2025-07-08 00:00:00,Grayscale Mini,0,0,,,516323.1983257013,1313097668.2859738
2025-07-09 00:00:00,Grayscale Mini,3578.2923550200003,9358164.864389606,,,519901.4906807213,1359677572.5176632
2025-07-10 00:00:00,Grayscale Mini,6497.3988897,17983435.672922764,,,526398.8895704213,1456961582.5641165
2025-07-11 00:00:00,Grayscale Mini,7344.8555169599995,21655645.45476003,,,533743.7450873813,1573695395.453086
2025-07-12 00:00:00,Grayscale Mini,0,0,,,533743.7450873813,1577468963.7308538
2025-07-13 00:00:00,Grayscale Mini,0,0,,,533743.7450873813,1569035812.558473
2025-07-14 00:00:00,Grayscale Mini,8474.798461499999,25171761.64236268,,,542218.5435488813,1610492095.8634517
2025-07-15 00:00:00,Grayscale Mini,8568.85831074,25813599.972521145,,,550787.4018596213,1659241540.2280903
2025-07-16 00:00:00,Grayscale Mini,0,0,,,550787.4018596213,1727296831.6018655
2025-07-17 00:00:00,Grayscale Mini,16007.6257157,53941376.602965765,,,566795.0275753213,1909946208.2713873
2025-07-18 00:00:00,Grayscale Mini,8757.07690332,30432155.800572496,,,575552.1044786413,2000129895.8789504
2025-07-19 00:00:00,Grayscale Mini,0,0,,,575552.1044786413,2040527898.0923061
2025-07-20 00:00:00,Grayscale Mini,0,0,,,575552.1044786413,2067129916.3613088
2025-07-21 00:00:00,Grayscale Mini,18361.5374007,68955284.78533679,,,593913.6418793413,2230395168.986516
2025-07-22 00:00:00,Grayscale Mini,14689.05239724,55246407.409163475,,,608602.6942765813,2288991249.335879
2025-07-23 00:00:00,Grayscale Mini,19773.6431214,74059214.26473549,,,628376.3373979813,2353489315.273529
2025-07-24 00:00:00,Grayscale Mini,0,0,,,628376.3373979813,2278951314.131381
2025-07-25 00:00:00,Grayscale Mini,6779.47910224,25110105.878040604,,,635155.8165002213,2352515519.3861794
2025-07-26 00:00:00,Grayscale Mini,0,0,,,635155.8165002213,2365117010.785544
2025-07-27 00:00:00,Grayscale Mini,0,0,,,635155.8165002213,2375120714.8954225
2025-07-28 00:00:00,Grayscale Mini,5178.7474453,20044186.62461029,,,640334.5639455213,2478395719.7142215
2025-07-29 00:00:00,Grayscale Mini,0,0,,,640334.5639455213,2429269251.9683213
2025-07-30 00:00:00,Grayscale Mini,0,0,,,640334.5639455213,2428603304.021818
2025-07-31 00:00:00,Grayscale Mini,-75.19948320179414,-286303.98441486276,,,640259.3644623194,2437633867.9428105
2025-08-01 00:00:00,Grayscale Mini,0,0,,,640259.3644623194,2368505064.3618135
2025-08-02 00:00:00,Grayscale Mini,0,0,,,640259.3644623194,2233839312.234454
2025-08-03 00:00:00,Grayscale Mini,0,0,,,640259.3644623194,2175492476.3510027
2025-08-04 00:00:00,Grayscale Mini,-13558.513204039762,-47463338.07745771,,,626700.8512582796,2193847800.9402714
2025-08-05 00:00:00,Grayscale Mini,-7626.568340800673,-28385553.504676245,,,619074.2829174789,2304151145.819052
2025-08-06 00:00:00,Grayscale Mini,-3766.191110061058,-13613726.329359908,,,615308.0918074179,2224166465.6181097
2025-08-07 00:00:00,Grayscale Mini,-2353.8495609898964,-8675324.403488753,,,612954.242246428,2259098025.6810126
2025-08-08 00:00:00,Grayscale Mini,8944.630683028101,34965276.91041149,,,621898.8729294562,2431052446.1910787
2025-08-09 00:00:00,Grayscale Mini,0,0,,,621898.8729294562,2492726157.4194927
2025-08-10 00:00:00,Grayscale Mini,0,0,,,621898.8729294562,2649164818.9048977
2025-08-11 00:00:00,Grayscale Mini,9415.361716,39996550.72318516,,,631314.2346454562,2681829181.9162445
2025-08-12 00:00:00,Grayscale Mini,15629.30959836,66019922.967528455,,,646943.5442438162,2732760694.675746
2025-08-13 00:00:00,Grayscale Mini,9791.818173394946,44915363.71590782,,,656735.362417211,3012464809.4686193
2025-08-14 00:00:00,Grayscale Mini,10827.444766326002,51415962.138509296,,,667562.807183537,3170035475.588247
2025-08-15 00:00:00,Grayscale Mini,13369.485548559998,60852817.81253666,,,680932.2927320971,3099345042.245268
2025-08-16 00:00:00,Grayscale Mini,0,0,,,680932.2927320971,3026464858.9541516
2025-08-17 00:00:00,Grayscale Mini,0,0,,,680932.2927320971,3013533954.715169
2025-08-18 00:00:00,Grayscale Mini,-753.2073435083322,-3370971.9337981055,,,680179.0853885887,3044134694.8657746
2025-08-19 00:00:00,Grayscale Mini,0,0,,,680179.0853885887,2935782166.5633726
2025-08-20 00:00:00,Grayscale Mini,-21371.90623708961,-87140528.17673495,,,658807.1791514991,2686180863.841573
2025-08-21 00:00:00,Grayscale Mini,2071.27765822,8975136.07193941,,,660878.4568097191,2863678876.3404665
2025-08-22 00:00:00,Grayscale Mini,1506.37756328,6362607.424230798,,,662384.8343729991,2797767815.7279863
2025-08-23 00:00:00,Grayscale Mini,0,0,,,662384.8343729991,3196907669.2244678
2025-08-24 00:00:00,Grayscale Mini,0,0,,,662384.8343729991,3163324758.121757
2025-08-25 00:00:00,Grayscale Mini,4707.410526,22513991.100384418,,,667092.2448989991,3190482066.911096
2025-08-26 00:00:00,Grayscale Mini,12050.823102150207,52778025.87463909,,,679143.0680011493,2974388563.4791937
2025-08-27 00:00:00,Grayscale Mini,8943.93347425,41168389.14596429,,,688087.0014753994,3167223182.5711746
2025-08-28 00:00:00,Grayscale Mini,3295.1198437499997,14859804.25216875,,,691382.1213191494,3117884469.585689
2025-08-29 00:00:00,Grayscale Mini,1325.1809073118084,5982608.716913598,,,692707.3022264612,3127268678.3394933
2025-08-30 00:00:00,Grayscale Mini,0,0,,,692707.3022264612,3023404145.4436574
2025-08-31 00:00:00,Grayscale Mini,0,0,,,692707.3022264612,3031986788.9182434
2025-09-01 00:00:00,Grayscale Mini,0,0,,,692707.3022264612,3044240781.0946293
2025-09-02 00:00:00,Grayscale Mini,-14121.825089173328,-60945419.319094434,,,678585.477137288,2928564557.826622
2025-09-03 00:00:00,Grayscale Mini,0,0,,,678585.477137288,2934841473.490142
2025-09-04 00:00:00,Grayscale Mini,5931.0436311,26396940.026318908,,,684516.5207683879,3046536607.9926186
2025-09-05 00:00:00,Grayscale Mini,-1506.2905635606685,-6479173.293005494,,,683010.2302048273,2937907034.305346
2025-09-06 00:00:00,Grayscale Mini,0,0,,,683010.2302048273,2943343795.7377763
2025-09-07 00:00:00,Grayscale Mini,0,0,,,683010.2302048273,2920674686.1972785
2025-09-08 00:00:00,Grayscale Mini,-7531.422002224457,-32448227.925943807,,,675478.8082026028,2910219387.68393
2025-09-09 00:00:00,Grayscale Mini,2635.9649953199996,11356238.033187669,,,678114.7731979227,2921447284.7435584
2025-09-10 00:00:00,Grayscale Mini,0.000036556,0.15757500356,,,678114.7732344788,2923020511.1749535
2025-09-11 00:00:00,Grayscale Mini,1788.6758703730027,7781473.393229415,,,679903.4491048518,2957858764.0202384
2025-09-12 00:00:00,Grayscale Mini,1035.5449092499996,4618820.247829588,,,680938.9940141018,3037178576.2212176
2025-09-13 00:00:00,Grayscale Mini,0,0,,,680938.9940141018,3208339401.756603
2025-09-14 00:00:00,Grayscale Mini,0,0,,,680938.9940141018,3177091111.3212953
2025-09-15 00:00:00,Grayscale Mini,3765.6023818129997,17354644.665133025,,,684704.5963959148,3155618614.5477443
2025-09-16 00:00:00,Grayscale Mini,0.00033736464683897793,1.5272733717653317,,,684704.5967332794,3099705638.733327
2025-09-17 00:00:00,Grayscale Mini,3200.000387721535,14415361.74660797,,,687904.597121001,3098872629.1106853
2025-09-18 00:00:00,Grayscale Mini,4824.824324534769,22159404.909480043,,,692729.4214455357,3181560759.520842
2025-09-19 00:00:00,Grayscale Mini,3483.0981283570945,15985783.353038736,,,696212.5195738928,3195288244.959968
2025-09-20 00:00:00,Grayscale Mini,0.00005704499999999997,0.2551274875499999,,,696212.5196309378,3113733910.67221
2025-09-21 00:00:00,Grayscale Mini,0,0,,,696212.5196309378,3122868218.929768
2025-09-22 00:00:00,Grayscale Mini,-2541.708584179392,-11315915.37053923,,,693670.8110467584,3088284881.153163
2025-09-23 00:00:00,Grayscale Mini,-1317.9066741875324,-5539675.735213133,,,692352.9043725709,2910229274.710621
2025-09-24 00:00:00,Grayscale Mini,-8754.628875597238,-36486053.940805316,,,683598.2754969737,2848984680.9094524
2025-09-25 00:00:00,Grayscale Mini,0,0,,,683598.2754969737,2842223893.964787
2025-09-26 00:00:00,Grayscale Mini,-6683.586188965577,-25886866.027101472,,,676914.6893080081,2621825974.6277766
2025-09-27 00:00:00,Grayscale Mini,0,0,,,676914.6893080081,2732481218.888957
2025-09-28 00:00:00,Grayscale Mini,0,0,,,676914.6893080081,2723985939.5381413
2025-09-29 00:00:00,Grayscale Mini,0,0,,,676914.6893080081,2806400302.9613914
2025-09-30 00:00:00,Grayscale Mini,667.3766089219133,2815541.785251946,,,677582.06591693,2858596771.331662
2025-10-01 00:00:00,Grayscale Mini,2.0099999999999999e-7,0.0008333882099999999,,,677582.065917131,2809397537.526268
2025-10-02 00:00:00,Grayscale Mini,2261.9369630600004,9840126.989769552,,,679844.0028801911,2957532164.1697245
2025-10-03 00:00:00,Grayscale Mini,2823.9697061999996,12672705.255057808,,,682667.972586391,3063506660.3800592
2025-10-04 00:00:00,Grayscale Mini,0,0,,,682667.972586391,3082778377.246173
2025-10-05 00:00:00,Grayscale Mini,0,0,,,682667.972586391,3065349863.906042
2025-10-06 00:00:00,Grayscale Mini,3953.6145488910297,17856895.471521225,,,686621.5871352821,3101195060.4552155
2025-10-07 00:00:00,Grayscale Mini,3953.7787980689172,18537687.272625927,,,690575.365933351,3237831660.71511
2025-10-08 00:00:00,Grayscale Mini,1224.2251962359878,5449565.007532725,,,691799.591129587,3079504371.9378886
2025-10-09 00:00:00,Grayscale Mini,0,0,,,691799.591129587,3132835202.4180684
2025-10-10 00:00:00,Grayscale Mini,-0.0278872273968171,-121.86997244683042,,,691799.5632423597,3023233271.325436
2025-10-11 00:00:00,Grayscale Mini,0,0,,,691799.5632423597,2657679464.1125407
2025-10-12 00:00:00,Grayscale Mini,0,0,,,691799.5632423597,2596199236.927192
2025-10-13 00:00:00,Grayscale Mini,0,0,,,691799.5632423597,2877713233.197406
2025-10-14 00:00:00,Grayscale Mini,-14778.44333686995,-62751191.6059836,,,677021.1199054897,2874719687.8642974
2025-10-15 00:00:00,Grayscale Mini,8471.335989487507,34961966.04885399,,,685492.4558949772,2829089059.7996016
2025-10-16 00:00:00,Grayscale Mini,-0.27774994629842903,-1107.4279208843184,,,685492.1781450309,2733153283.1691785
2025-10-17 00:00:00,Grayscale Mini,-1129.840291739767,-4400682.742714724,,,684362.3378532911,2665563931.4450545
2025-10-18 00:00:00,Grayscale Mini,1e-9,0.00000383479,,,684362.3378532921,2624385849.576426
2025-10-19 00:00:00,Grayscale Mini,0,0,,,684362.3378532921,2664195206.769352
2025-10-20 00:00:00,Grayscale Mini,-1224.7131191991036,-4883298.620182586,,,683137.624734093,2723874651.102249
2025-10-21 00:00:00,Grayscale Mini,-0.4553836470353,-1813.6200203557264,,,683137.169350446,2720675753.3984733
2025-10-22 00:00:00,Grayscale Mini,5648.111054400001,21892925.663512565,,,688785.280404846,2669835064.6412435
2025-10-23 00:00:00,Grayscale Mini,-12237.761590357299,-46584875.157933615,,,676547.5188144887,2575379612.4951735
2025-10-24 00:00:00,Grayscale Mini,-1788.6315662365653,-6898644.633080458,,,674758.887248252,2602504542.5832734
2025-10-25 00:00:00,Grayscale Mini,0,0,,,674758.887248252,2656053407.8752947
2025-10-26 00:00:00,Grayscale Mini,0,0,,,674758.887248252,2669447371.7871723
2025-10-27 00:00:00,Grayscale Mini,1882.810997,7826600.54909939,,,676641.698245252,2812711576.1847405
2025-10-28 00:00:00,Grayscale Mini,3765.6892992000003,15522321.91887437,,,680407.387544452,2804666467.7537327
2025-10-29 00:00:00,Grayscale Mini,18077.12051904,72021598.17352283,,,698484.508063492,2782853083.1110005
2025-10-30 00:00:00,Grayscale Mini,-4142.8042997917755,-16184983.554297514,,,694341.7037637002,2712633338.012911
2025-10-31 00:00:00,Grayscale Mini,-1224.0494912156025,-4657067.65625853,,,693117.6542724846,2637063152.1512656
2025-11-01 00:00:00,Grayscale Mini,0,0,,,693117.6542724846,2668703973.0688047
2025-11-02 00:00:00,Grayscale Mini,0,0,,,693117.6542724846,2687071590.9070253
2025-11-03 00:00:00,Grayscale Mini,-3200.250652627768,-12510003.81866763,,,689917.4036198568,2696935424.9682736
2025-11-04 00:00:00,Grayscale Mini,-1412.4457153949527,-5089366.775082556,,,688504.9579044619,2480841719.470094
2025-11-05 00:00:00,Grayscale Mini,-21377.953754975693,-70365534.78450249,,,667127.0041494862,2195848534.158034
2025-11-06 00:00:00,Grayscale Mini,6969.369500820001,23868626.972713333,,,674096.3736503061,2308638519.513832
2025-11-07 00:00:00,Grayscale Mini,1e-7,0.000331398,,,674096.3736504061,2233941900.3499727
2025-11-08 00:00:00,Grayscale Mini,0.0000013120000000000005,0.004509501440000002,,,674096.3736517181,2316950127.8057933
2025-11-09 00:00:00,Grayscale Mini,2.1370000000000002e-15,7.273877860000001e-12,,,674096.3736517181,2294475754.7082453
2025-11-10 00:00:00,Grayscale Mini,-3296.6305419211362,-11818750.155841466,,,670799.743109797,2404884159.022933
2025-11-11 00:00:00,Grayscale Mini,2.000000096e-9,0.00000713778034261344,,,670799.743109799,2394010495.1871305
2025-11-12 00:00:00,Grayscale Mini,-22044.2051665966,-75366492.15997379,,,648755.5379432024,2218017333.563256
2025-11-13 00:00:00,Grayscale Mini,-6399.997999796,-21854521.169763386,,,642355.5399434065,2193496427.132546
2025-11-14 00:00:00,Grayscale Mini,-8105.763450508712,-26217767.650132407,,,634249.7764928978,2051455532.0752182
2025-11-15 00:00:00,Grayscale Mini,0,0,,,634249.7764928978,1973011519.7185767
2025-11-16 00:00:00,Grayscale Mini,0,0,,,634249.7764928978,2010134159.1367059
2025-11-17 00:00:00,Grayscale Mini,0,0,,,634249.7764928978,1964797985.1129935
2024-07-24 00:00:00,21Shares,2150.0000000000005,7490105.500000002,,,2800.001,9754559.48377
2024-07-25 00:00:00,21Shares,0,0,,,2800.001,9348559.33877
2024-07-26 00:00:00,21Shares,0,0,,,2800.001,8896275.17724
2024-07-27 00:00:00,21Shares,0,0,,,2800.001,9177871.27781
2024-07-28 00:00:00,21Shares,0,0,,,2800.001,9101375.25049
2024-07-29 00:00:00,21Shares,0,0,,,2800.001,9167931.274260001
2024-07-30 00:00:00,21Shares,0,0,,,2800.001,9302107.322180001
2024-07-31 00:00:00,21Shares,0,0,,,2800.001,9185907.28068
2024-08-01 00:00:00,21Shares,1000,3234830,,,3800.001,12292357.23483
2024-08-02 00:00:00,21Shares,0,0,,,3800.001,12180181.20531
2024-08-03 00:00:00,21Shares,0,0,,,3800.001,11364548.990670001
2024-08-04 00:00:00,21Shares,0,0,,,3800.001,11045272.906650001
2024-08-05 00:00:00,21Shares,0,0,,,3800.001,10221204.689790001
2024-08-06 00:00:00,21Shares,0,0,,,3800.001,9195660.41991
2024-08-07 00:00:00,21Shares,0,0,,,3800.001,9351612.46095
2024-08-08 00:00:00,21Shares,0,0,,,3800.001,8888316.339030001
2024-08-09 00:00:00,21Shares,0,0,,,3800.001,10204294.68534
2024-08-10 00:00:00,21Shares,0,0,,,3800.001,9882320.600610001
2024-08-11 00:00:00,21Shares,0,0,,,3800.001,9926362.6122
2024-08-12 00:00:00,21Shares,0,0,,,3800.001,9713334.55614
2024-08-13 00:00:00,21Shares,0,0,,,3800.001,10354166.72478
2024-08-14 00:00:00,21Shares,0,0,,,3800.001,10277292.704550002
2024-08-15 00:00:00,21Shares,0,0,,,3800.001,10126926.66498
2024-08-16 00:00:00,21Shares,0,0,,,3800.001,9774210.57216
2024-08-17 00:00:00,21Shares,0,0,,,3800.001,9860812.59495
2024-08-18 00:00:00,21Shares,0,0,,,3800.001,9943500.61671
2024-08-19 00:00:00,21Shares,0,0,,,3800.001,9946882.6176
2024-08-20 00:00:00,21Shares,0,0,,,3800.001,10026872.63865
2024-08-21 00:00:00,21Shares,0,0,,,3800.001,9788194.575840002
2024-08-22 00:00:00,21Shares,0,0,,,3800.001,10002742.6323
2024-08-23 00:00:00,21Shares,0,0,,,3800.001,9972342.624300001
2024-08-24 00:00:00,21Shares,0,0,,,3800.001,10506508.764870001
2024-08-25 00:00:00,21Shares,0,0,,,3800.001,10530486.77118
2024-08-26 00:00:00,21Shares,0,0,,,3800.001,10456538.75172
2024-08-27 00:00:00,21Shares,0,0,,,3800.001,10200494.684340002
2024-08-28 00:00:00,21Shares,0,0,,,3800.001,9352068.461070001
2024-08-29 00:00:00,21Shares,0,0,,,3800.001,9612862.5297
2024-08-30 00:00:00,21Shares,0,0,,,3800.001,9617764.530989999
2024-08-31 00:00:00,21Shares,0,0,,,3800.001,9606782.5281
2024-09-01 00:00:00,21Shares,0,0,,,3800.001,9563918.51682
2024-09-02 00:00:00,21Shares,0,0,,,3800.001,9240462.4317
2024-09-03 00:00:00,21Shares,0,0,,,3800.001,9649988.53947
2024-09-04 00:00:00,21Shares,0,0,,,3800.001,9210860.42391
2024-09-05 00:00:00,21Shares,0,0,,,3800.001,9317222.451900002
2024-09-06 00:00:00,21Shares,0,0,,,3800.001,9002468.369070001
2024-09-07 00:00:00,21Shares,0,0,,,3800.001,8457738.22572
2024-09-08 00:00:00,21Shares,0,0,,,3800.001,8651538.27672
2024-09-09 00:00:00,21Shares,0,0,,,3800.001,8739014.29974
2024-09-10 00:00:00,21Shares,0,0,,,3800.001,8964886.35918
2024-09-11 00:00:00,21Shares,0,0,,,3800.001,9081888.389969999
2024-09-12 00:00:00,21Shares,0,0,,,3800.001,8901160.34241
2024-09-13 00:00:00,21Shares,0,0,,,3800.001,8977882.3626
2024-09-14 00:00:00,21Shares,0,0,,,3800.001,9281388.44247
2024-09-15 00:00:00,21Shares,0,0,,,3800.001,9193038.41922
2024-09-16 00:00:00,21Shares,0,0,,,3800.001,8823640.322010001
2024-09-17 00:00:00,21Shares,0,0,,,3800.001,8729400.29721
2024-09-18 00:00:00,21Shares,0,0,,,3800.001,8904352.34325
2024-09-19 00:00:00,21Shares,0,0,,,3800.001,9006458.37012
2024-09-20 00:00:00,21Shares,0,0,,,3800.001,9368218.46532
2024-09-21 00:00:00,21Shares,0,0,,,3800.001,9730852.56075
2024-09-22 00:00:00,21Shares,0,0,,,3800.001,9929402.613
2024-09-23 00:00:00,21Shares,0,0,,,3800.001,9816086.58318
2024-09-24 00:00:00,21Shares,0,0,,,3800.001,10064416.64853
2024-09-25 00:00:00,21Shares,0,0,,,3800.001,10082466.653280001
2024-09-26 00:00:00,21Shares,300,774201,,,4100.001,10580749.580670001
2024-09-27 00:00:00,21Shares,250,658265,,,4350.001,11453813.63306
2024-09-28 00:00:00,21Shares,0,0,,,4350.001,11730125.69658
2024-09-29 00:00:00,21Shares,0,0,,,4350.001,11649868.17813
2024-09-30 00:00:00,21Shares,500,1329835,,,4850.001,12899402.15967
2024-10-01 00:00:00,21Shares,0,0,,,4850.001,12631682.10447
2024-10-02 00:00:00,21Shares,500,1225765,,,5350.001,13115687.951530002
2024-10-03 00:00:00,21Shares,0,0,,,5350.001,12669123.36806
2024-10-04 00:00:00,21Shares,0,0,,,5350.001,12581383.35166
2024-10-05 00:00:00,21Shares,0,0,,,5350.001,12926565.41618
2024-10-06 00:00:00,21Shares,0,0,,,5350.001,12933627.4175
2024-10-07 00:00:00,21Shares,0,0,,,5350.001,13056409.94045
2024-10-08 00:00:00,21Shares,0,0,,,5350.001,12971719.42462
2024-10-09 00:00:00,21Shares,0,0,,,5350.001,13063097.4417
2024-10-10 00:00:00,21Shares,0,0,,,5350.001,12681588.87039
2024-10-11 00:00:00,21Shares,0,0,,,5350.001,12767188.88639
2024-10-12 00:00:00,21Shares,0,0,,,5350.001,13038219.937050002
2024-10-13 00:00:00,21Shares,0,0,,,5350.001,13247351.47614
2024-10-14 00:00:00,21Shares,0,0,,,5350.001,13210757.469300002
2024-10-15 00:00:00,21Shares,150,394351.50000000006,,,5500.001,14459557.629010001
2024-10-16 00:00:00,21Shares,0,0,,,5500.001,14331957.60581
2024-10-17 00:00:00,21Shares,0,0,,,5500.001,14362977.61145
2024-10-18 00:00:00,21Shares,900,2343627,,,6400.001,16665794.604030002
2024-10-19 00:00:00,21Shares,0,0,,,6400.001,16908034.641880002
2024-10-20 00:00:00,21Shares,0,0,,,6400.001,16941826.64716
2024-10-21 00:00:00,21Shares,0,0,,,6400.001,17564738.744489998
2024-10-22 00:00:00,21Shares,0,0,,,6400.001,17064194.66628
2024-10-23 00:00:00,21Shares,0,0,,,6400.001,16781442.6221
2024-10-24 00:00:00,21Shares,650,1639839.5,,,7050.001,17785954.02283
2024-10-25 00:00:00,21Shares,0,0,,,7050.001,17871752.535
2024-10-26 00:00:00,21Shares,0,0,,,7050.001,17201226.93989
2024-10-27 00:00:00,21Shares,0,0,,,7050.001,17501979.982550003
2024-10-28 00:00:00,21Shares,0,0,,,7050.001,17674634.50704
2024-10-29 00:00:00,21Shares,0,0,,,7050.001,18099749.56734
2024-10-30 00:00:00,21Shares,0,0,,,7050.001,18603119.63874
2024-10-31 00:00:00,21Shares,1000.001,2659892.65989,,,8050.002,21412119.81978
2024-11-01 00:00:00,21Shares,0,0,,,8050.002,20275459.537380002
2024-11-02 00:00:00,21Shares,0,0,,,8050.002,20233277.5269
2024-11-03 00:00:00,21Shares,0,0,,,8050.002,20075094.987600002
2024-11-04 00:00:00,21Shares,0,0,,,8050.002,19791654.41718
2024-11-05 00:00:00,21Shares,0,0,,,8050.002,19316060.299020004
2024-11-06 00:00:00,21Shares,0,0,,,8050.002,19515941.84868
2024-11-07 00:00:00,21Shares,0,0,,,8050.002,21908241.443040002
2024-11-08 00:00:00,21Shares,0,0,,,8050.002,23298396.288420003
2024-11-09 00:00:00,21Shares,0,0,,,8050.002,23845152.42426
2024-11-10 00:00:00,21Shares,0,0,,,8050.002,25173885.754380003
2024-11-11 00:00:00,21Shares,0,0,,,8050.002,25660105.875180002
2024-11-12 00:00:00,21Shares,0,0,,,8050.002,27162719.2485
2024-11-13 00:00:00,21Shares,600,1948452,,,8650.002,28090189.494840004
2024-11-14 00:00:00,21Shares,0,0,,,8650.002,27616601.88534
2024-11-15 00:00:00,21Shares,0,0,,,8650.002,26488987.62462
2024-11-16 00:00:00,21Shares,0,0,,,8650.002,26753245.185720004
2024-11-17 00:00:00,21Shares,0,0,,,8650.002,27128914.77258
2024-11-18 00:00:00,21Shares,0,0,,,8650.002,26630328.657300003
2024-11-19 00:00:00,21Shares,0,0,,,8650.002,27765727.91982
2024-11-20 00:00:00,21Shares,0,0,,,8650.002,26916557.22348
2024-11-21 00:00:00,21Shares,0,0,,,8650.002,26587078.6473
2024-11-22 00:00:00,21Shares,0,0,,,8650.002,29053107.71748
2024-11-23 00:00:00,21Shares,0,0,,,8650.002,28796721.6582
2024-11-24 00:00:00,21Shares,0,0,,,8650.002,29371514.291100003
2024-11-25 00:00:00,21Shares,0,0,,,8650.002,29092465.22658
2024-11-26 00:00:00,21Shares,-349.9996822543431,-1194884.9152290372,,,8300.002317745657,28335875.912690964
2024-11-27 00:00:00,21Shares,-849.9991238817915,-2827335.085785526,,,7450.003193863866,24780796.6236855
2024-11-28 00:00:00,21Shares,0,0,,,7450.003193863866,27243246.179353323
2024-11-29 00:00:00,21Shares,0,0,,,7450.003193863866,26670117.433649376
2024-11-30 00:00:00,21Shares,0,0,,,7450.003193863866,26763614.973732367
2024-12-01 00:00:00,21Shares,0,0,,,7450.003193863866,27583189.82508933
2024-12-02 00:00:00,21Shares,0,0,,,7450.003193863866,27620067.340898957
2024-12-03 00:00:00,21Shares,0,0,,,7450.003193863866,27136711.13368107
2024-12-04 00:00:00,21Shares,0,0,,,7450.003193863866,26942489.55041704
2024-12-05 00:00:00,21Shares,0,0,,,7450.003193863866,28601009.261435013
2024-12-06 00:00:00,21Shares,0,0,,,7450.003193863866,28247730.109981988
2024-12-07 00:00:00,21Shares,0,0,,,7450.003193863866,29829589.2881351
2024-12-08 00:00:00,21Shares,0,0,,,7450.003193863866,29793680.27274068
2024-12-09 00:00:00,21Shares,-1699.9993700049654,-6806712.477531381,,,5750.0038238589,23022727.81053984
2024-12-10 00:00:00,21Shares,-1099.999197454823,-4091832.014652323,,,4650.0046264040775,17297319.709529206
2024-12-11 00:00:00,21Shares,0,0,,,4650.0046264040775,16886119.800416294
2024-12-12 00:00:00,21Shares,0,0,,,4650.0046264040775,17818631.72819537
2024-12-13 00:00:00,21Shares,400,1552848,,,5050.0046264040775,19604723.960255798
2024-12-14 00:00:00,21Shares,0,0,,,5050.0046264040775,19731479.07637854
2024-12-15 00:00:00,21Shares,0,0,,,5050.0046264040775,19545537.906034343
2024-12-16 00:00:00,21Shares,0,0,,,5050.0046264040775,19961052.28669487
2024-12-17 00:00:00,21Shares,0,0,,,5050.0046264040775,20143205.953569263
2024-12-18 00:00:00,21Shares,0,0,,,5050.0046264040775,19645679.497775935
2024-12-19 00:00:00,21Shares,0,0,,,5050.0046264040775,18310407.77450843
2024-12-20 00:00:00,21Shares,0,0,,,5050.0046264040775,17272429.823597338
2024-12-21 00:00:00,21Shares,0,0,,,5050.0046264040775,17544776.57309931
2024-12-22 00:00:00,21Shares,0.000003,0.01001697,,,5050.004629404078,16861914.95753392
2024-12-23 00:00:00,21Shares,0.00022856478537391922,0.7500490570916384,,,5050.004857968863,16571893.9417163
2024-12-24 00:00:00,21Shares,0,0,,,5050.004857968863,17268744.112067427
2024-12-25 00:00:00,21Shares,0.000001,0.00349409,,,5050.004858968863,17645171.477674514
2024-12-26 00:00:00,21Shares,0,0,,,5050.004858968863,17652089.984331302
2024-12-27 00:00:00,21Shares,0,0,,,5050.004858968863,16836059.699170522
2024-12-28 00:00:00,21Shares,0,0,,,5050.004858968863,16821111.684787974
2024-12-29 00:00:00,21Shares,0,0,,,5050.004858968863,17179712.529823355
2024-12-30 00:00:00,21Shares,0,0,,,5050.004858968863,16942766.301840536
2024-12-31 00:00:00,21Shares,0,0,,,5050.004858968863,16967006.325163588
2025-01-01 00:00:00,21Shares,0,0,,,5050.004858968863,16839544.202523213
2025-01-02 00:00:00,21Shares,0,0,,,5050.004858968863,16953270.31194719
2025-01-03 00:00:00,21Shares,0,0,,,5050.004858968863,17439787.78006025
2025-01-04 00:00:00,21Shares,0,0,,,5050.004858968863,18203954.51531942
2025-01-05 00:00:00,21Shares,0,0,,,5050.004858968863,18469483.770804003
2025-01-06 00:00:00,21Shares,0,0,,,5050.004858968863,18357171.662740536
2025-01-07 00:00:00,21Shares,0,0,,,5050.004858968863,18631437.426631134
2025-01-08 00:00:00,21Shares,0,0,,,5050.004858968863,17086842.940466918
2025-01-09 00:00:00,21Shares,0,0,,,5050.004858968863,16803133.667490046
2025-01-10 00:00:00,21Shares,0,0,,,5050.004858968863,16264146.6488923
2025-01-11 00:00:00,21Shares,0,0,,,5050.004858968863,16508869.884357931
2025-01-12 00:00:00,21Shares,0,0,,,5050.004858968863,16598557.97065322
2025-01-13 00:00:00,21Shares,0,0,,,5050.004858968863,16501446.377215248
2025-01-14 00:00:00,21Shares,0,0,,,5050.004858968863,15843279.243945835
2025-01-15 00:00:00,21Shares,0,0,,,5050.004858968863,16286316.170223175
2025-01-16 00:00:00,21Shares,0,0,,,5050.004858968863,17424536.765386164
2025-01-17 00:00:00,21Shares,0,0,,,5050.004858968863,16700517.5687558
2025-01-18 00:00:00,21Shares,0,0,,,5050.004858968863,17546191.382438723
2025-01-19 00:00:00,21Shares,0,0,,,5050.004858968863,16698043.066374904
2025-01-20 00:00:00,21Shares,0,0,,,5050.004858968863,16229453.115511185
2025-01-21 00:00:00,21Shares,0,0,,,5050.004858968863,16563106.936543258
2025-01-22 00:00:00,21Shares,0,0,,,5050.004858968863,16812324.67633337
2025-01-23 00:00:00,21Shares,0,0,,,5050.004858968863,16376155.75666423
2025-01-24 00:00:00,21Shares,0,0,,,5050.004858968863,16863279.225360367
2025-01-25 00:00:00,21Shares,0,0,,,5050.004858968863,16726878.594119618
2025-01-26 00:00:00,21Shares,0,0,,,5050.004858968863,16768945.134594828
2025-01-27 00:00:00,21Shares,349.9919542,1133452.443596242,,,5399.996813168863,17487943.679415494
2025-01-28 00:00:00,21Shares,0,0,,,5399.996813168863,17178199.86221213
2025-01-29 00:00:00,21Shares,0,0,,,5399.996813168863,16629452.18605791
2025-01-30 00:00:00,21Shares,0,0,,,5399.996813168863,16824986.07066275
2025-01-31 00:00:00,21Shares,0,0,,,5399.996813168863,17541295.6479296
2025-02-01 00:00:00,21Shares,0,0,,,5399.996813168863,17818261.484477032
2025-02-02 00:00:00,21Shares,0,0,,,5399.996813168863,16857224.05163737
2025-02-03 00:00:00,21Shares,0,0,,,5399.996813168863,15496478.854686948
2025-02-04 00:00:00,21Shares,1899.8701345199997,5479130.474448953,,,7299.866947688863,21052451.283787295
2025-02-05 00:00:00,21Shares,0,0,,,7299.866947688863,19961778.163133103
2025-02-06 00:00:00,21Shares,0,0,,,7299.866947688863,20359182.919765282
2025-02-07 00:00:00,21Shares,0,0,,,7299.866947688863,19637591.07198624
2025-02-08 00:00:00,21Shares,0,0,,,7299.866947688863,19160909.760302156
2025-02-09 00:00:00,21Shares,0,0,,,7299.866947688863,19241208.296726733
2025-02-10 00:00:00,21Shares,0,0,,,7299.866947688863,19206752.924733642
2025-02-11 00:00:00,21Shares,0,0,,,7299.866947688863,19443122.616499808
2025-02-12 00:00:00,21Shares,0,0,,,7299.866947688863,19018124.362805363
2025-02-13 00:00:00,21Shares,0,0,,,7299.866947688863,19989663.654873274
2025-02-14 00:00:00,21Shares,0,0,,,7299.866947688863,19545174.7564285
2025-02-15 00:00:00,21Shares,0,0,,,7299.866947688863,19907905.145059157
2025-02-16 00:00:00,21Shares,0,0,,,7299.866947688863,19682850.247061912
2025-02-17 00:00:00,21Shares,0,0,,,7299.866947688863,19462102.2705638
2025-02-18 00:00:00,21Shares,0,0,,,7299.866947688863,20045069.645006232
2025-02-19 00:00:00,21Shares,0,0,,,7299.866947688863,19500207.576030735
2025-02-20 00:00:00,21Shares,0,0,,,7299.866947688863,19839359.39442036
2025-02-21 00:00:00,21Shares,0,0,,,7299.866947688863,20006526.347522434
2025-02-22 00:00:00,21Shares,0,0,,,7299.866947688863,19433924.78414572
2025-02-23 00:00:00,21Shares,0,0,,,7299.866947688863,20193037.948035885
2025-02-24 00:00:00,21Shares,0,0,,,7299.866947688863,20609276.3613931
2025-02-25 00:00:00,21Shares,0,0,,,7299.866947688863,18374568.092697114
2025-02-26 00:00:00,21Shares,0,0,,,7299.866947688863,18218496.937355526
2025-02-27 00:00:00,21Shares,0,0,,,7299.866947688863,17044313.338819772
2025-02-28 00:00:00,21Shares,0,0,,,7299.866947688863,16849479.889985956
2025-03-01 00:00:00,21Shares,0,0,,,7299.866947688863,16342066.138452101
2025-03-02 00:00:00,21Shares,0,0,,,7299.866947688863,16201689.697048046
2025-03-03 00:00:00,21Shares,0,0,,,7299.866947688863,18385298.897110216
2025-03-04 00:00:00,21Shares,0,0,,,7299.866947688863,15691428.997404596
2025-03-05 00:00:00,21Shares,0,0,,,7299.866947688863,15849690.11283049
2025-03-06 00:00:00,21Shares,0,0,,,7299.866947688863,16372944.575640826
2025-03-07 00:00:00,21Shares,0,0,,,7299.866947688863,16087154.784638809
2025-03-08 00:00:00,21Shares,0,0,,,7299.866947688863,15636752.993966404
2025-03-09 00:00:00,21Shares,0,0,,,7299.866947688863,16100732.537161509
2025-03-10 00:00:00,21Shares,0,0,,,7299.866947688863,14743395.276908243
2025-03-11 00:00:00,21Shares,-1899.486527885169,-3543074.230733648,,,5400.380419803694,10073221.589451434
2025-03-12 00:00:00,21Shares,0.000001,0.0019233199999999998,,,5400.3804208036945,10386659.67094016
2025-03-13 00:00:00,21Shares,-899.7464181231327,-1718011.8006210346,,,4500.634002680562,8593690.590078373
2025-03-14 00:00:00,21Shares,-249.92810548484886,-466293.3656841374,,,4250.705897195713,7930584.499457014
2025-03-15 00:00:00,21Shares,0,0,,,4250.705897195713,8133513.198989137
2025-03-16 00:00:00,21Shares,0,0,,,4250.705897195713,8246922.032326319
2025-03-17 00:00:00,21Shares,0,0,,,4250.705897195713,8033026.511579431
2025-03-18 00:00:00,21Shares,0,0,,,4250.705897195713,8200844.380400717
2025-03-19 00:00:00,21Shares,0,0,,,4250.705897195713,8221162.754589313
2025-03-20 00:00:00,21Shares,349.8873049,720592.90444155,,,4600.593202095713,9474921.699716121
2025-03-21 00:00:00,21Shares,0,0,,,4600.593202095713,9127346.883297792
2025-03-22 00:00:00,21Shares,0,0,,,4600.593202095713,9052863.279355861
2025-03-23 00:00:00,21Shares,0,0,,,4600.593202095713,9133419.666324558
2025-03-24 00:00:00,21Shares,0,0,,,4600.593202095713,9232194.402373552
2025-03-25 00:00:00,21Shares,0,0,,,4600.593202095713,9571580.162892153
2025-03-26 00:00:00,21Shares,0,0,,,4600.593202095713,9515452.925826585
2025-03-27 00:00:00,21Shares,0,0,,,4600.593202095713,9253081.095511066
2025-03-28 00:00:00,21Shares,0,0,,,4600.593202095713,9223499.281221591
2025-03-29 00:00:00,21Shares,0,0,,,4600.593202095713,8733490.099266376
2025-03-30 00:00:00,21Shares,0,0,,,4600.593202095713,8420511.743727805
2025-03-31 00:00:00,21Shares,0,0,,,4600.593202095713,8322887.155979333
2025-04-01 00:00:00,21Shares,0,0,,,4600.593202095713,8392862.17858321
2025-04-02 00:00:00,21Shares,899.64292158,1715673.0300283548,,,5500.236123675713,10489280.302017005
2025-04-03 00:00:00,21Shares,0,0,,,5500.236123675713,9875508.952976033
2025-04-04 00:00:00,21Shares,0,0,,,5500.236123675713,9997229.178392977
2025-04-05 00:00:00,21Shares,0,0,,,5500.236123675713,9989803.859626014
2025-04-06 00:00:00,21Shares,0,0,,,5500.236123675713,9944756.92577311
2025-04-07 00:00:00,21Shares,0,0,,,5500.236123675713,8691088.106103705
2025-04-08 00:00:00,21Shares,0,0,,,5500.236123675713,8547916.959804425
2025-04-09 00:00:00,21Shares,0,0,,,5500.236123675713,8104487.92351369
2025-04-10 00:00:00,21Shares,0,0,,,5500.236123675713,9182149.187225472
2025-04-11 00:00:00,21Shares,0,0,,,5500.236123675713,8377299.635248005
2025-04-12 00:00:00,21Shares,0,0,,,5500.236123675713,8625470.289148254
2025-04-13 00:00:00,21Shares,0,0,,,5500.236123675713,9050143.520257255
2025-04-14 00:00:00,21Shares,0,0,,,5500.236123675713,8788607.292576475
2025-04-15 00:00:00,21Shares,1099.48133218,1785777.579726756,,,6599.7174558557135,10719261.09180085
2025-04-16 00:00:00,21Shares,0,0,,,6599.7174558557135,10497906.56833145
2025-04-17 00:00:00,21Shares,0,0,,,6599.7174558557135,10421415.843018081
2025-04-18 00:00:00,21Shares,0,0,,,6599.7174558557135,10455932.365312207
2025-04-19 00:00:00,21Shares,0,0,,,6599.7174558557135,10500282.466615558
2025-04-20 00:00:00,21Shares,0,0,,,6599.7174558557135,10655375.826828167
2025-04-21 00:00:00,21Shares,0,0,,,6599.7174558557135,10481143.285993574
2025-04-22 00:00:00,21Shares,0,0,,,6599.7174558557135,10433559.323136857
2025-04-23 00:00:00,21Shares,0,0,,,6599.7174558557135,11591875.733814092
2025-04-24 00:00:00,21Shares,0,0,,,6599.7174558557135,11854214.502684357
2025-04-25 00:00:00,21Shares,2348.75680065,4156876.760926383,,,8948.474256505713,15837188.70864894
2025-04-26 00:00:00,21Shares,0,0,,,8948.474256505713,16000408.879087605
2025-04-27 00:00:00,21Shares,0,0,,,8948.474256505713,16305641.335977016
2025-04-28 00:00:00,21Shares,0,0,,,8948.474256505713,16047119.914706565
2025-04-29 00:00:00,21Shares,0,0,,,8948.474256505713,16105106.027888723
2025-04-30 00:00:00,21Shares,0,0,,,8948.474256505713,16111996.353066232
2025-05-01 00:00:00,21Shares,0,0,,,8948.474256505713,16068864.707149874
2025-05-02 00:00:00,21Shares,0,0,,,8948.474256505713,16461881.696495606
2025-05-03 00:00:00,21Shares,0,0,,,8948.474256505713,16500539.10528371
2025-05-04 00:00:00,21Shares,0,0,,,8948.474256505713,16434767.819498392
2025-05-05 00:00:00,21Shares,0,0,,,8948.474256505713,16218304.22723352
2025-05-06 00:00:00,21Shares,0,0,,,8948.474256505713,16302509.369987238
2025-05-07 00:00:00,21Shares,0,0,,,8948.474256505713,16265820.625535564
2025-05-08 00:00:00,21Shares,0,0,,,8948.474256505713,16216872.471352478
2025-05-09 00:00:00,21Shares,0,0,,,8948.474256505713,19732191.098278183
2025-05-10 00:00:00,21Shares,0,0,,,8948.474256505713,20980592.741803296
2025-05-11 00:00:00,21Shares,0,0,,,8948.474256505713,23094132.87644738
2025-05-12 00:00:00,21Shares,0,0,,,8948.474256505713,22481878.26781726
2025-05-13 00:00:00,21Shares,0,0,,,8948.474256505713,22331006.991852574
2025-05-14 00:00:00,21Shares,0,0,,,8948.474256505713,23968577.78079312
2025-05-15 00:00:00,21Shares,0,0,,,8948.474256505713,23359007.714439947
2025-05-16 00:00:00,21Shares,0,0,,,8948.474256505713,22813598.208505925
2025-05-17 00:00:00,21Shares,0,0,,,8948.474256505713,22737178.23835537
2025-05-18 00:00:00,21Shares,0,0,,,8948.474256505713,22174408.692363724
2025-05-19 00:00:00,21Shares,0,0,,,8948.474256505713,22367248.31259142
2025-05-20 00:00:00,21Shares,0,0,,,8948.474256505713,22639550.384216886
2025-05-21 00:00:00,21Shares,0,0,,,8948.474256505713,22595255.436647184
2025-05-22 00:00:00,21Shares,0,0,,,8948.474256505713,22849929.01398734
2025-05-23 00:00:00,21Shares,0,0,,,8948.474256505713,23843746.564914864
2025-05-24 00:00:00,21Shares,0,0,,,8948.474256505713,22619863.740852576
2025-05-25 00:00:00,21Shares,0,0,,,8948.474256505713,22663979.718937147
2025-05-26 00:00:00,21Shares,0,0,,,8948.474256505713,22843038.68880983
2025-05-27 00:00:00,21Shares,0,0,,,8948.474256505713,22956952.766095147
2025-05-28 00:00:00,21Shares,0,0,,,8948.474256505713,23833097.88054962
2025-05-29 00:00:00,21Shares,0,0,,,8948.474256505713,24010098.701343305
2025-05-30 00:00:00,21Shares,0,0,,,8948.474256505713,23577261.001556125
2025-05-31 00:00:00,21Shares,0,0,,,8948.474256505713,22679460.579400904
2025-06-01 00:00:00,21Shares,0,0,,,8948.474256505713,22667738.07812488
2025-06-02 00:00:00,21Shares,0,0,,,8948.474256505713,22728945.64203938
2025-06-03 00:00:00,21Shares,0,0,,,8948.474256505713,23359186.683925077
2025-06-04 00:00:00,21Shares,0,0,,,8948.474256505713,23231849.895255
2025-06-05 00:00:00,21Shares,0,0,,,8948.474256505713,23361334.31774664
2025-06-06 00:00:00,21Shares,0,0,,,8948.474256505713,21649938.616189923
2025-06-07 00:00:00,21Shares,0,0,,,8948.474256505713,22194990.183153685
2025-06-08 00:00:00,21Shares,0,0,,,8948.474256505713,22619953.225595143
2025-06-09 00:00:00,21Shares,0.00800000090021058,20.102402262049146,,,8948.482256506613,22485746.214149818
2025-06-10 00:00:00,21Shares,0,0,,,8948.482256506613,23990701.9600491
2025-06-11 00:00:00,21Shares,0,0,,,8948.482256506613,25175838.950100835
2025-06-12 00:00:00,21Shares,0,0,,,8948.482256506613,24836154.563643847
2025-06-13 00:00:00,21Shares,0,0,,,8948.482256506613,23709003.738614272
2025-06-14 00:00:00,21Shares,0,0,,,8948.482256506613,23097822.40049487
2025-06-15 00:00:00,21Shares,0,0,,,8948.482256506613,22691650.790872034
2025-06-16 00:00:00,21Shares,0,0,,,8948.482256506613,22824267.297913466
2025-06-17 00:00:00,21Shares,0,0,,,8948.482256506613,22770665.88919699
2025-06-18 00:00:00,21Shares,0,0,,,8948.482256506613,22490936.333858594
2025-06-19 00:00:00,21Shares,0,0,,,8948.482256506613,22608698.36035422
2025-06-20 00:00:00,21Shares,0,0,,,8948.482256506613,22585700.760954995
2025-06-21 00:00:00,21Shares,0,0,,,8948.482256506613,21561099.54258499
2025-06-22 00:00:00,21Shares,0,0,,,8948.482256506613,20565670.376371194
2025-06-23 00:00:00,21Shares,0,0,,,8948.482256506613,19955115.43200975
2025-06-24 00:00:00,21Shares,0,0,,,8948.482256506613,21637161.641765293
2025-06-25 00:00:00,21Shares,0,0,,,8948.482256506613,21920202.1355386
2025-06-26 00:00:00,21Shares,0,0,,,8948.482256506613,21666244.20909894
2025-06-27 00:00:00,21Shares,-5.999968648483629,-14517.644141243958,,,8942.482287858129,21637408.993347283
2025-06-28 00:00:00,21Shares,0,0,,,8942.482287858129,21692136.984948974
2025-06-29 00:00:00,21Shares,0,0,,,8942.482287858129,21809998.90150295
2025-06-30 00:00:00,21Shares,199.81930483009995,499857.98199773656,,,9142.301592688229,22869924.54918924
2025-07-01 00:00:00,21Shares,0,0,,,9142.301592688229,22756011.471344344
2025-07-02 00:00:00,21Shares,0,0,,,9142.301592688229,22020056.193132944
2025-07-03 00:00:00,21Shares,0,0,,,9142.301592688229,23511074.159884464
2025-07-04 00:00:00,21Shares,0,0,,,9142.301592688229,23688983.348878175
2025-07-05 00:00:00,21Shares,0,0,,,9142.301592688229,22944342.884153724
2025-07-06 00:00:00,21Shares,0,0,,,9142.301592688229,23029914.827061284
2025-07-07 00:00:00,21Shares,0,0,,,9142.301592688229,23511805.544011883
2025-07-08 00:00:00,21Shares,0,0,,,9142.301592688229,23250427.141476925
2025-07-09 00:00:00,21Shares,0,0,,,9142.301592688229,23909495.66329382
2025-07-10 00:00:00,21Shares,0,0,,,9142.301592688229,25303970.925226554
2025-07-11 00:00:00,21Shares,0,0,,,9142.301592688229,26955253.4388979
2025-07-12 00:00:00,21Shares,0,0,,,9142.301592688229,27019889.511158206
2025-07-13 00:00:00,21Shares,0,0,,,9142.301592688229,26875441.145993732
2025-07-14 00:00:00,21Shares,1698.3197889799999,5044332.454030506,,,10840.621381668228,32198705.221617155
2025-07-15 00:00:00,21Shares,0,0,,,10840.621381668228,32657263.506061718
2025-07-16 00:00:00,21Shares,0,0,,,10840.621381668228,33996730.68398065
2025-07-17 00:00:00,21Shares,0,0,,,10840.621381668228,36529967.08844888
2025-07-18 00:00:00,21Shares,1098.88786778,3818800.1737156673,,,11939.509249448229,41491585.56822001
2025-07-19 00:00:00,21Shares,0,0,,,11939.509249448229,42329619.72243878
2025-07-20 00:00:00,21Shares,0,0,,,11939.509249448229,42881463.83994828
2025-07-21 00:00:00,21Shares,0,0,,,11939.509249448229,44837871.825562865
2025-07-22 00:00:00,21Shares,-99.89645866437199,-375716.5748242229,,,11839.612790783856,44529494.08290553
2025-07-23 00:00:00,21Shares,0,0,,,11839.612790783856,44343493.76596232
2025-07-24 00:00:00,21Shares,0,0,,,11839.612790783856,42939078.89671954
2025-07-25 00:00:00,21Shares,0,0,,,11839.612790783856,43852031.43901688
2025-07-26 00:00:00,21Shares,0,0,,,11839.612790783856,44086929.35678603
2025-07-27 00:00:00,21Shares,0,0,,,11839.612790783856,44273403.25824087
2025-07-28 00:00:00,21Shares,0,0,,,11839.612790783856,45824866.11834519
2025-07-29 00:00:00,21Shares,0,0,,,11839.612790783856,44916531.02503625
2025-07-30 00:00:00,21Shares,-1348.5407128746174,-5114623.84712669,,,10491.072077909239,39789593.98060715
2025-07-31 00:00:00,21Shares,1e-9,0.0000038072600000000005,,,10491.07207791024,39942239.07934454
2025-08-01 00:00:00,21Shares,0,0,,,10491.07207791024,38809518.02709257
2025-08-02 00:00:00,21Shares,0,0,,,10491.07207791024,36602930.83694571
2025-08-03 00:00:00,21Shares,0,0,,,10491.07207791024,35646879.43848575
2025-08-04 00:00:00,21Shares,-549.3896858556943,-1923210.0159970194,,,9941.682392054545,34802151.6320979
2025-08-05 00:00:00,21Shares,0,0,,,9941.682392054545,37002245.94545957
2025-08-06 00:00:00,21Shares,998.8798626099999,3610671.016973619,,,10940.562254664545,39547069.19318102
2025-08-07 00:00:00,21Shares,99.88831155100003,368147.3621692502,,,11040.450566215544,40690574.20233835
2025-08-08 00:00:00,21Shares,0,0,,,11040.450566215544,43158004.49938186
2025-08-09 00:00:00,21Shares,0,0,,,11040.450566215544,44252885.982033454
2025-08-10 00:00:00,21Shares,0,0,,,11040.450566215544,47030111.32196498
2025-08-11 00:00:00,21Shares,0,0,,,11040.450566215544,46899944.409789294
2025-08-12 00:00:00,21Shares,898.9609432699999,3797309.910076239,,,11939.411509485544,50433387.55133298
2025-08-13 00:00:00,21Shares,399.5364538099999,1832685.6997200837,,,12338.947963295544,56599124.47607556
2025-08-14 00:00:00,21Shares,2e-9,0.00000949734,,,12338.947963297545,58593592.024872154
2025-08-15 00:00:00,21Shares,0.000002002,0.00911234324,,,12338.947965299545,56162202.337816715
2025-08-16 00:00:00,21Shares,0,0,,,12338.947965299545,54841564.73709071
2025-08-17 00:00:00,21Shares,0,0,,,12338.947965299545,54607248.11522967
2025-08-18 00:00:00,21Shares,-998.8098873037014,-4470163.662528843,,,11340.138077995844,50752674.56668962
2025-08-19 00:00:00,21Shares,0,0,,,11340.138077995844,48946190.57086488
2025-08-20 00:00:00,21Shares,0,0,,,11340.138077995844,46237598.59093557
2025-08-21 00:00:00,21Shares,0,0,,,11340.138077995844,49138405.91128691
2025-08-22 00:00:00,21Shares,0,0,,,11340.138077995844,47898248.41107728
2025-08-23 00:00:00,21Shares,0,0,,,11340.138077995844,54731588.814116016
2025-08-24 00:00:00,21Shares,0,0,,,11340.138077995844,54156643.813561626
2025-08-25 00:00:00,21Shares,0,0,,,11340.138077995844,54236138.18148838
2025-08-26 00:00:00,21Shares,1248.4559140399995,5467762.490247862,,,12588.593992035843,55133258.019400015
2025-08-27 00:00:00,21Shares,0.0000011,0.005063234,,,12588.593993135843,57944542.83476469
2025-08-28 00:00:00,21Shares,499.377218541,2252011.4798212354,,,13087.971211676842,59022038.49502636
2025-08-29 00:00:00,21Shares,0.000003003,0.013557223680000001,,,13087.971214679843,59086431.32694504
2025-08-30 00:00:00,21Shares,0,0,,,13087.971214679843,57124020.92301594
2025-08-31 00:00:00,21Shares,0,0,,,13087.971214679843,57286180.88636582
2025-09-01 00:00:00,21Shares,0,0,,,13087.971214679843,57517707.0971535
2025-09-02 00:00:00,21Shares,0,0,,,13087.971214679843,56483626.49148165
2025-09-03 00:00:00,21Shares,-1548.0128000856275,-6695062.479602333,,,11539.958414594215,49909627.7456151
2025-09-04 00:00:00,21Shares,0,0,,,11539.958414594215,51360200.518329605
2025-09-05 00:00:00,21Shares,0,0,,,11539.958414594215,49638092.524119705
2025-09-06 00:00:00,21Shares,0,0,,,11539.958414594215,49729950.59309987
2025-09-07 00:00:00,21Shares,0,0,,,11539.958414594215,49346939.37331949
2025-09-08 00:00:00,21Shares,-3395.5433022808843,-14629290.852680916,,,8144.415112313331,35089235.18158851
2025-09-09 00:00:00,21Shares,0.0000327633281149999,0.1411506425517614,,,8144.4151450766585,35087687.88386781
2025-09-10 00:00:00,21Shares,0,0,,,8144.4151450766585,35106582.92700439
2025-09-11 00:00:00,21Shares,1647.8097899819995,7168648.18843559,,,9792.224935058657,42600193.27972853
2025-09-12 00:00:00,21Shares,0,0,,,9792.224935058657,43676065.03334343
2025-09-13 00:00:00,21Shares,0,0,,,9792.224935058657,46137438.69301978
2025-09-14 00:00:00,21Shares,0,0,,,9792.224935058657,45688073.49074993
2025-09-15 00:00:00,21Shares,1497.974515241,6903760.087626654,,,11290.199450299657,52033480.91257953
2025-09-16 00:00:00,21Shares,0.000002002,0.00906319414,,,11290.199452301656,51111523.23453125
2025-09-17 00:00:00,21Shares,0,0,,,11290.199452301656,50860090.4927285
2025-09-18 00:00:00,21Shares,449.38529785099996,2063932.3021170942,,,11739.584750152657,53917447.44465362
2025-09-19 00:00:00,21Shares,0.000002001,0.009183649529999999,,,11739.584752153656,53879176.407551765
2025-09-20 00:00:00,21Shares,0,0,,,11739.584752153656,52504001.44968449
2025-09-21 00:00:00,21Shares,0,0,,,11739.584752153656,52658024.80163275
2025-09-22 00:00:00,21Shares,-1348.121853479106,-6001959.822655793,,,10391.46289867455,46263728.05655998
2025-09-23 00:00:00,21Shares,0,0,,,10391.46289867455,43679371.23365962
2025-09-24 00:00:00,21Shares,0,0,,,10391.46289867455,43307772.52040302
2025-09-25 00:00:00,21Shares,-1497.8868931551992,-6227824.251147098,,,8893.576005519351,36977176.70118803
2025-09-26 00:00:00,21Shares,-599.1514391428348,-2320633.3540880275,,,8294.424566376516,32125965.23048952
2025-09-27 00:00:00,21Shares,0,0,,,8294.424566376516,33481854.81435509
2025-09-28 00:00:00,21Shares,0,0,,,8294.424566376516,33377759.786047064
2025-09-29 00:00:00,21Shares,1991.1381751672727,8255000.02628074,,,10285.562741543788,42642606.00328414
2025-09-30 00:00:00,21Shares,748.9231211819999,3159571.8421050445,,,11034.485862725789,46552509.64738481
2025-10-01 00:00:00,21Shares,5.03e-7,0.00208554363,,,11034.485863228789,45751295.63097784
2025-10-02 00:00:00,21Shares,0,0,,,11034.485863228789,48003434.195662834
2025-10-03 00:00:00,21Shares,599.128355834,2688618.4532228666,,,11633.614219062789,52206425.48875522
2025-10-04 00:00:00,21Shares,0,0,,,11633.614219062789,52534842.41815936
2025-10-05 00:00:00,21Shares,0,0,,,11633.614219062789,52237836.24714669
2025-10-06 00:00:00,21Shares,0,0,,,11633.614219062789,52544381.981819
2025-10-07 00:00:00,21Shares,0,0,,,11633.614219062789,54545363.62749779
2025-10-08 00:00:00,21Shares,798.8196446134027,3555897.718817885,,,12432.433863676191,55342233.39812274
2025-10-09 00:00:00,21Shares,0,0,,,12432.433863676191,56300649.72467354
2025-10-10 00:00:00,21Shares,-599.1066230446313,-2618155.8533673435,,,11833.32724063156,51712823.374283984
2025-10-11 00:00:00,21Shares,1e-9,0.00000384169,,,11833.32724063256,45459974.9270657
2025-10-12 00:00:00,21Shares,5e-9,0.000018764100000000002,,,11833.32724063756,44408347.13520945
2025-10-13 00:00:00,21Shares,0,0,,,11833.32724063756,49223682.98924209
2025-10-14 00:00:00,21Shares,0,0,,,11833.32724063756,50245845.79628836
2025-10-15 00:00:00,21Shares,-0.9351933738399959,-3859.6272212413087,,,11832.39204726372,48833346.894341625
2025-10-16 00:00:00,21Shares,-1997.022231334785,-7962407.219444174,,,9835.369815928934,39214996.40788289
2025-10-17 00:00:00,21Shares,0,0,,,9835.369815928934,38308372.01825056
2025-10-18 00:00:00,21Shares,0,0,,,9835.369815928934,37716577.81642612
2025-10-19 00:00:00,21Shares,0,0,,,9835.369815928934,38288701.2786187
2025-10-20 00:00:00,21Shares,0,0,,,9835.369815928934,39216570.067053445
2025-10-21 00:00:00,21Shares,0,0,,,9835.369815928934,39170540.53631489
2025-10-22 00:00:00,21Shares,0,0,,,9835.369815928934,38123368.71201294
2025-10-23 00:00:00,21Shares,0,0,,,9835.369815928934,37439810.50980588
2025-10-24 00:00:00,21Shares,0,0,,,9835.369815928934,37934431.25784894
2025-10-25 00:00:00,21Shares,0,0,,,9835.369815928934,38714966.20644107
2025-10-26 00:00:00,21Shares,0,0,,,9835.369815928934,38910198.297287256
2025-10-27 00:00:00,21Shares,0,0,,,9835.369815928934,40884353.72674051
2025-10-28 00:00:00,21Shares,0,0,,,9835.369815928934,40541787.7960517
2025-10-29 00:00:00,21Shares,0,0,,,9835.369815928934,39185391.94473694
2025-10-30 00:00:00,21Shares,0,0,,,9835.369815928934,38424527.735776685
2025-10-31 00:00:00,21Shares,-848.734448537694,-3229129.032284452,,,8986.63536739124,34190912.38419141
2025-11-01 00:00:00,21Shares,2.000000848e-9,0.00000770058326504592,,,8986.63536739324,34601152.28872052
2025-11-02 00:00:00,21Shares,0,0,,,8986.63536739324,34839298.12595644
2025-11-03 00:00:00,21Shares,0,0,,,8986.63536739324,35129386.7156159
2025-11-04 00:00:00,21Shares,0,0,,,8986.63536739324,32380914.154852346
2025-11-05 00:00:00,21Shares,0,0,,,8986.63536739324,29579510.311774854
2025-11-06 00:00:00,21Shares,149.77813852,512958.6710219108,,,9136.41350591324,31290297.610916607
2025-11-07 00:00:00,21Shares,0,0,,,9136.41350591324,30277891.63032636
2025-11-08 00:00:00,21Shares,2.0199999999999998e-7,0.0006942982399999999,,,9136.413506115241,31402949.590138815
2025-11-09 00:00:00,21Shares,0,0,,,9136.413506115241,31098341.563844938
2025-11-10 00:00:00,21Shares,0,0,,,9136.413506115241,32754956.06077375
2025-11-11 00:00:00,21Shares,0,0,,,9136.413506115241,32606854.797839623
2025-11-12 00:00:00,21Shares,0,0,,,9136.413506115241,31236301.407787275
2025-11-13 00:00:00,21Shares,0,0,,,9136.413506115241,31198750.748277143
2025-11-14 00:00:00,21Shares,0,0,,,9136.413506115241,29551364.0289895
2025-11-15 00:00:00,21Shares,0,0,,,9136.413506115241,28421372.40655317
2025-11-16 00:00:00,21Shares,0,0,,,9136.413506115241,28956126.689066093
2025-11-17 00:00:00,21Shares,0,0,,,9136.413506115241,28303055.851648975
2024-07-24 00:00:00,Fidelity,20500,71417285,,,21750.0361,75772123.264097
2024-07-25 00:00:00,Fidelity,22000,73452940,,,43750.0361,146071308.02959698
2024-07-26 00:00:00,Fidelity,11000.000100000001,34949640.317724004,,,54750.0362,173954005.016088
2024-07-27 00:00:00,Fidelity,0,0,,,54750.0362,179460216.156722
2024-07-28 00:00:00,Fidelity,0,0,,,54750.0362,177964445.167738
2024-07-29 00:00:00,Fidelity,12000.000100000001,39291120.32742601,,,66750.0363,218556973.85563803
2024-07-30 00:00:00,Fidelity,7500,24916350,,,74250.0363,246671985.59513402
2024-07-31 00:00:00,Fidelity,5000,16403400,,,79250.0363,259994009.08868402
2024-08-01 00:00:00,Fidelity,5750,18600272.5,,,85000.0363,274960667.42432904
2024-08-02 00:00:00,Fidelity,3750,12019912.5,,,88750.0363,284471378.85275304
2024-08-03 00:00:00,Fidelity,0,0,,,88750.0363,265422071.06132102
2024-08-04 00:00:00,Fidelity,0,0,,,88750.0363,257965293.01139504
2024-08-05 00:00:00,Fidelity,2000,5379580,,,90750.0363,244098540.13937703
2024-08-06 00:00:00,Fidelity,6750,16334392.499999998,,,97500.0363,235941312.842733
2024-08-07 00:00:00,Fidelity,9000,22148550,,,106500.0363,262091264.332485
2024-08-08 00:00:00,Fidelity,890,2081736.7000000002,,,107390.0363,251188516.60678905
2024-08-09 00:00:00,Fidelity,0,0,,,107390.0363,288378760.07784206
2024-08-10 00:00:00,Fidelity,0,0,,,107390.0363,279279602.30214304
2024-08-11 00:00:00,Fidelity,0,0,,,107390.0363,280524252.82286
2024-08-12 00:00:00,Fidelity,1500,3834210,,,108890.0363,278338177.387882
2024-08-13 00:00:00,Fidelity,1500,4087170.0000000005,,,110390.0363,300788563.10951406
2024-08-14 00:00:00,Fidelity,2000,5409100,,,112390.0363,303964472.67516506
2024-08-15 00:00:00,Fidelity,2500,6662450,,,114890.0363,306179648.93877405
2024-08-16 00:00:00,Fidelity,1000,2572160,,,115890.0363,298087715.769408
2024-08-17 00:00:00,Fidelity,0,0,,,115890.0363,300728849.696685
2024-08-18 00:00:00,Fidelity,0,0,,,115890.0363,303250616.886573
2024-08-19 00:00:00,Fidelity,2750,7198400,,,118640.0363,310552159.01888
2024-08-20 00:00:00,Fidelity,0,0,,,118640.0363,313049531.78299505
2024-08-21 00:00:00,Fidelity,0,0,,,118640.0363,305597751.10299206
2024-08-22 00:00:00,Fidelity,3000,7896900.000000001,,,121640.0363,320193067.55249006
2024-08-23 00:00:00,Fidelity,5500,14433650.000000002,,,127140.0363,333653597.26209
2024-08-24 00:00:00,Fidelity,0,0,,,127140.0363,351525672.16478103
2024-08-25 00:00:00,Fidelity,0,0,,,127140.0363,352327925.793834
2024-08-26 00:00:00,Fidelity,-733.5,-2018386.6199999999,,,126406.5363,347835394.067436
2024-08-27 00:00:00,Fidelity,0,0,,,126406.5363,339318121.651542
2024-08-28 00:00:00,Fidelity,1500.000001,3691605.0024610707,,,127906.536301,314786939.2943021
2024-08-29 00:00:00,Fidelity,500,1264850,,,128406.536301,324830014.8806397
2024-08-30 00:00:00,Fidelity,0,0,,,128406.536301,324995659.31246793
2024-08-31 00:00:00,Fidelity,0,0,,,128406.536301,324624564.42255807
2024-09-01 00:00:00,Fidelity,0,0,,,128406.536301,323176138.69308287
2024-09-02 00:00:00,Fidelity,0,0,,,128406.536301,312246174.3231417
2024-09-03 00:00:00,Fidelity,0.000002000000000001,0.0050789400000025384,,,128406.536303,326084546.7453794
2024-09-04 00:00:00,Fidelity,2000,4847820,,,130406.536303,316093707.4102047
2024-09-05 00:00:00,Fidelity,0.000001,0.0024519,,,130406.536304,319743786.3637776
2024-09-06 00:00:00,Fidelity,0,0,,,130406.536304,308942212.9617173
2024-09-07 00:00:00,Fidelity,0,0,,,130406.536304,290248435.9825388
2024-09-08 00:00:00,Fidelity,0,0,,,130406.536304,296899169.33404285
2024-09-09 00:00:00,Fidelity,0,0,,,130406.536304,299901127.79976094
2024-09-10 00:00:00,Fidelity,3250,7667334.999999999,,,133656.536304,315319827.3176707
2024-09-11 00:00:00,Fidelity,3000.000029999,7169910.07169671,,,136656.536333999,326605022.14216757
2024-09-12 00:00:00,Fidelity,500.000049999,1171205.1171181574,,,137156.53638399803,321276842.3912408
2024-09-13 00:00:00,Fidelity,0,0,,,137156.53638399803,324046032.8608337
2024-09-14 00:00:00,Fidelity,0,0,,,137156.53638399803,335000725.4218236
2024-09-15 00:00:00,Fidelity,0,0,,,137156.53638399803,331811835.95089567
2024-09-16 00:00:00,Fidelity,0,0,,,137156.53638399803,318478849.0490073
2024-09-17 00:00:00,Fidelity,0,0,,,137156.53638399803,315077366.9466841
2024-09-18 00:00:00,Fidelity,0,0,,,137156.53638399803,321392053.8818034
2024-09-19 00:00:00,Fidelity,0,0,,,137156.53638399803,325077450.0144414
2024-09-20 00:00:00,Fidelity,0,0,,,137156.53638399803,338134752.27819806
2024-09-21 00:00:00,Fidelity,0,0,,,137156.53638399803,351223600.54532295
2024-09-22 00:00:00,Fidelity,0,0,,,137156.53638399803,358390029.5713869
2024-09-23 00:00:00,Fidelity,0,0,,,137156.53638399803,354300021.656416
2024-09-24 00:00:00,Fidelity,0,0,,,137156.53638399803,363263201.30911034
2024-09-25 00:00:00,Fidelity,0,0,,,137156.53638399803,363914694.8569343
2024-09-26 00:00:00,Fidelity,2500,6451675,,,139656.53638399803,360407433.7500922
2024-09-27 00:00:00,Fidelity,6000,15798360,,,145656.53638399803,383522399.69124985
2024-09-28 00:00:00,Fidelity,0,0,,,145656.53638399803,392774502.8823614
2024-09-29 00:00:00,Fidelity,0,0,,,145656.53638399803,390087139.78607666
2024-09-30 00:00:00,Fidelity,15750,41889802.5,,,161406.53638399803,429288122.62442803
2024-10-01 00:00:00,Fidelity,-9630,-25081046.099999998,,,151776.53638399803,395297435.7160313
2024-10-02 00:00:00,Fidelity,0,0,,,151776.53638399803,372084732.2414627
2024-10-03 00:00:00,Fidelity,-253.7,-600776.8219999999,,,151522.83638399802,358815167.92749035
2024-10-04 00:00:00,Fidelity,0,0,,,151522.83638399802,356330193.41079277
2024-10-05 00:00:00,Fidelity,0,0,,,151522.83638399802,366106446.8142883
2024-10-06 00:00:00,Fidelity,-1490,-3602075,,,150032.83638399802,362704381.9583152
2024-10-07 00:00:00,Fidelity,0,0,,,150032.83638399802,366147635.5533279
2024-10-08 00:00:00,Fidelity,0,0,,,150032.83638399802,363772615.7533693
2024-10-09 00:00:00,Fidelity,0,0,,,150032.83638399802,366335176.59880793
2024-10-10 00:00:00,Fidelity,-1480,-3508177.1999999997,,,148552.83638399802,352128157.836265
2024-10-11 00:00:00,Fidelity,0,0,,,148552.83638399802,354505003.218409
2024-10-12 00:00:00,Fidelity,0,0,,,148552.83638399802,362030689.9096224
2024-10-13 00:00:00,Fidelity,0,0,,,148552.83638399802,367837620.28387284
2024-10-14 00:00:00,Fidelity,0,0,,,148552.83638399802,366821518.88300633
2024-10-15 00:00:00,Fidelity,4000,10516040,,,152552.83638399802,401062932.38189465
2024-10-16 00:00:00,Fidelity,1000,2605810,,,153552.83638399802,400129516.57778585
2024-10-17 00:00:00,Fidelity,3250,8487212.5,,,156802.83638399802,409482767.0749916
2024-10-18 00:00:00,Fidelity,12000.000000000002,31248360.000000007,,,168802.83638399802,439567650.0290224
2024-10-19 00:00:00,Fidelity,0,0,,,168802.83638399802,445956837.3861567
2024-10-20 00:00:00,Fidelity,0,0,,,168802.83638399802,446848116.36226416
2024-10-21 00:00:00,Fidelity,0,0,,,168802.83638399802,463277696.42751867
2024-10-22 00:00:00,Fidelity,0,0,,,168802.83638399802,450075626.59392625
2024-10-23 00:00:00,Fidelity,0,0,,,168802.83638399802,442617917.2824812
2024-10-24 00:00:00,Fidelity,2500,6307075,,,171302.83638399802,432167934.7146417
2024-10-25 00:00:00,Fidelity,0,0,,,171302.83638399802,434252690.233435
2024-10-26 00:00:00,Fidelity,0,0,,,171302.83638399802,417960077.4649529
2024-10-27 00:00:00,Fidelity,0,0,,,171302.83638399802,425267856.4650943
2024-10-28 00:00:00,Fidelity,0,0,,,171302.83638399802,429463062.9281384
2024-10-29 00:00:00,Fidelity,2000,5134680,,,173302.83638399802,444927303.9620935
2024-10-30 00:00:00,Fidelity,0,0,,,173302.83638399802,457301126.4799109
2024-10-31 00:00:00,Fidelity,2000,5319780,,,175302.83638399802,466286261.4694325
2024-11-01 00:00:00,Fidelity,0,0,,,175302.83638399802,441533500.972012
2024-11-02 00:00:00,Fidelity,0,0,,,175302.83638399802,440614914.1093598
2024-11-03 00:00:00,Fidelity,0,0,,,175302.83638399802,437170213.37441427
2024-11-04 00:00:00,Fidelity,-12820,-31519123.8,,,162482.83638399802,399478676.7053337
2024-11-05 00:00:00,Fidelity,0,0,,,162482.83638399802,389879190.7317671
2024-11-06 00:00:00,Fidelity,0,0,,,162482.83638399802,393913639.55918175
2024-11-07 00:00:00,Fidelity,10000,27215200,,,172482.83638399802,469415488.87577826
2024-11-08 00:00:00,Fidelity,10000,28942100,,,182482.83638399802,528143649.8909309
2024-11-09 00:00:00,Fidelity,0,0,,,182482.83638399802,540537884.1381321
2024-11-10 00:00:00,Fidelity,0,0,,,182482.83638399802,570658501.1116748
2024-11-11 00:00:00,Fidelity,0,0,,,182482.83638399802,581680464.4292682
2024-11-12 00:00:00,Fidelity,40750.000000000095,137500687.50000033,,,223232.8363839981,753243398.1687056
2024-11-13 00:00:00,Fidelity,0,0,,,223232.8363839981,724930777.5301231
2024-11-14 00:00:00,Fidelity,32000,102165440,,,255232.8363839981,814874219.7380992
2024-11-15 00:00:00,Fidelity,-6010,-18404483.1,,,249222.8363839981,763197584.0870812
2024-11-16 00:00:00,Fidelity,0,0,,,249222.8363839981,770811341.7386124
2024-11-17 00:00:00,Fidelity,0,0,,,249222.8363839981,781635089.5227695
2024-11-18 00:00:00,Fidelity,0,0,,,249222.8363839981,767269885.2335957
2024-11-19 00:00:00,Fidelity,-13550,-43494280.5,,,235672.8363839981,756488594.2373593
2024-11-20 00:00:00,Fidelity,-9860,-30681756.4,,,225812.8363839981,702670835.4895422
2024-11-21 00:00:00,Fidelity,0,0,,,225812.8363839981,694069624.5516758
2024-11-22 00:00:00,Fidelity,5000,16793700,,,230812.8363839981,775240306.0763898
2024-11-23 00:00:00,Fidelity,0,0,,,230812.8363839981,768399013.6059681
2024-11-24 00:00:00,Fidelity,0,0,,,230812.8363839981,783736526.5836848
2024-11-25 00:00:00,Fidelity,1750,5885757.5,,,232562.8363839981,782176261.9819369
2024-11-26 00:00:00,Fidelity,752.500025,2569004.9853490004,,,233315.3364089981,796529225.8868631
2024-11-27 00:00:00,Fidelity,0,0,,,233315.3364089981,776072137.1905222
2024-11-28 00:00:00,Fidelity,0,0,,,233315.3364089981,853189855.3337883
2024-11-29 00:00:00,Fidelity,10500,37588740,,,243815.3364089981,872829646.5038441
2024-11-30 00:00:00,Fidelity,0,0,,,243815.3364089981,875889528.9757769
2024-12-01 00:00:00,Fidelity,0,0,,,243815.3364089981,902711654.134131
2024-12-02 00:00:00,Fidelity,22000,81562580,,,265815.3364089981,985481120.0493555
2024-12-03 00:00:00,Fidelity,5500,20033805,,,271315.3364089981,988268826.0231398
2024-12-04 00:00:00,Fidelity,20500,74137020,,,291815.3364089981,1055332655.2029572
2024-12-05 00:00:00,Fidelity,10500,40310130,,,302315.3364089981,1160606715.3943284
2024-12-06 00:00:00,Fidelity,29750,112801290,,,332065.3364089981,1259072212.1418135
2024-12-07 00:00:00,Fidelity,0,0,,,332065.3364089981,1329579645.021536
2024-12-08 00:00:00,Fidelity,0,0,,,332065.3364089981,1327979090.100045
2024-12-09 00:00:00,Fidelity,11750,47046412.5,,,343815.3364089981,1376619416.214808
2024-12-10 00:00:00,Fidelity,8000,29758800,,,351815.3364089981,1308700279.1410117
2024-12-11 00:00:00,Fidelity,55500,201543810,,,407315.3364089981,1479133058.942364
2024-12-12 00:00:00,Fidelity,0,0,,,407315.3364089981,1560816076.5058243
2024-12-13 00:00:00,Fidelity,5000,19410600,,,412315.3364089981,1600657613.7800996
2024-12-14 00:00:00,Fidelity,0,0,,,412315.3364089981,1611006728.7239656
2024-12-15 00:00:00,Fidelity,0,0,,,412315.3364089981,1595825278.0373864
2024-12-16 00:00:00,Fidelity,1750,6917190,,,414065.3364089981,1636667773.9171185
2024-12-17 00:00:00,Fidelity,1000,3988750,,,415065.3364089981,1655591860.6013913
2024-12-18 00:00:00,Fidelity,1000,3890230,,,416065.3364089981,1618589853.6583767
2024-12-19 00:00:00,Fidelity,0,0,,,416065.3364089981,1508578018.0584736
2024-12-20 00:00:00,Fidelity,1500.00559967,5130439.152439308,,,417565.3420086681,1428190387.9654074
2024-12-21 00:00:00,Fidelity,0,0,,,417565.3420086681,1450709686.8599348
2024-12-22 00:00:00,Fidelity,0,0,,,417565.3420086681,1394246501.3135226
2024-12-23 00:00:00,Fidelity,3750,12305850,,,421315.3420086681,1382571573.7219648
2024-12-24 00:00:00,Fidelity,13749.999999999998,47018812.5,,,435065.3420086681,1487727690.265741
2024-12-25 00:00:00,Fidelity,0,0,,,435065.3420086681,1520157460.8590672
2024-12-26 00:00:00,Fidelity,1000,3495460,,,436065.3420086681,1524248960.377619
2024-12-27 00:00:00,Fidelity,25000,83346750,,,461065.3420086681,1537131911.7624383
2024-12-28 00:00:00,Fidelity,0,0,,,461065.3420086681,1535767158.3500926
2024-12-29 00:00:00,Fidelity,0,0,,,461065.3420086681,1568507408.2861283
2024-12-30 00:00:00,Fidelity,2170.0000010000003,7280350.003355001,,,463235.3420096681,1554154572.4424365
2024-12-31 00:00:00,Fidelity,0,0,,,463235.3420096681,1556378102.084083
2025-01-01 00:00:00,Fidelity,0,0,,,463235.3420096681,1544686042.051759
2025-01-02 00:00:00,Fidelity,9500,31892260,,,472735.3420096681,1587010361.9538167
2025-01-03 00:00:00,Fidelity,0,0,,,472735.3420096681,1632553684.803028
2025-01-04 00:00:00,Fidelity,0,0,,,472735.3420096681,1704087996.755931
2025-01-05 00:00:00,Fidelity,0,0,,,472735.3420096681,1728944421.0387995
2025-01-06 00:00:00,Fidelity,7499.845368300001,27262537.901399966,,,480235.1873779681,1745693324.9339042
2025-01-07 00:00:00,Fidelity,-18749.22879735,-69173217.23265511,,,461485.9585806181,1702601680.7277465
2025-01-08 00:00:00,Fidelity,-44997.65,-152250898.70450002,,,416488.30858061806,1409200686.7317786
2025-01-09 00:00:00,Fidelity,0,0,,,416488.30858061806,1385802373.5557194
2025-01-10 00:00:00,Fidelity,-19998.75,-64408374.225,,,396489.55858061806,1276942202.15591
2025-01-11 00:00:00,Fidelity,0,0,,,396489.55858061806,1296156086.164727
2025-01-12 00:00:00,Fidelity,0,0,,,396489.55858061806,1303197740.7251186
2025-01-13 00:00:00,Fidelity,0,0,,,396489.55858061806,1295573246.5136135
2025-01-14 00:00:00,Fidelity,0,0,,,396489.55858061806,1243898762.3438015
2025-01-15 00:00:00,Fidelity,0,0,,,396489.55858061806,1278682791.3180792
2025-01-16 00:00:00,Fidelity,8499.187646499999,29325597.055483595,,,404988.74622711807,1397373169.9820483
2025-01-17 00:00:00,Fidelity,20997.77461488,69440270.58464661,,,425986.52084199805,1408750204.020113
2025-01-18 00:00:00,Fidelity,0,0,,,425986.52084199805,1480085906.8003137
2025-01-19 00:00:00,Fidelity,0,0,,,425986.52084199805,1408541470.6249
2025-01-20 00:00:00,Fidelity,0,0,,,425986.52084199805,1369014181.3559713
2025-01-21 00:00:00,Fidelity,3999.53529072,13117755.837209271,,,429986.05613271805,1410276866.6252115
2025-01-22 00:00:00,Fidelity,999.8739158,3328750.244263886,,,430985.93004851806,1434825428.739625
2025-01-23 00:00:00,Fidelity,2749.6248857,8916483.57934796,,,433735.55493421806,1406517657.5406823
2025-01-24 00:00:00,Fidelity,2249.66971899,7512232.105834548,,,435985.22465320805,1455868021.2754717
2025-01-25 00:00:00,Fidelity,0,0,,,435985.22465320805,1444092060.3575883
2025-01-26 00:00:00,Fidelity,0,0,,,435985.22465320805,1447723817.2789495
2025-01-27 00:00:00,Fidelity,-21996.32,-71235302.28320001,,,413988.90465320804,1340707207.608461
2025-01-28 00:00:00,Fidelity,0,0,,,413988.90465320804,1316960804.0375528
2025-01-29 00:00:00,Fidelity,0,0,,,413988.90465320804,1274891251.5466938
2025-01-30 00:00:00,Fidelity,1749.66941002,5451514.967575714,,,415738.57406322804,1295333304.751762
2025-01-31 00:00:00,Fidelity,4749.05323328,15426777.03245442,,,420487.62729650806,1365907803.6337037
2025-02-01 00:00:00,Fidelity,0,0,,,420487.62729650806,1387474614.0377417
2025-02-02 00:00:00,Fidelity,0,0,,,420487.62729650806,1312640431.0077822
2025-02-03 00:00:00,Fidelity,0,0,,,420487.62729650806,1206681753.805335
2025-02-04 00:00:00,Fidelity,18245.98520667,52620509.03677595,,,438733.61250317807,1265285801.7785404
2025-02-05 00:00:00,Fidelity,9997.685056400001,27339069.69412806,,,448731.2975595781,1227073682.4285686
2025-02-06 00:00:00,Fidelity,7248.245769120001,20215212.4851603,,,455979.5433286981,1271717826.7528725
2025-02-07 00:00:00,Fidelity,0,0,,,455979.5433286981,1226644248.8948307
2025-02-08 00:00:00,Fidelity,0,0,,,455979.5433286981,1196868784.7154665
2025-02-09 00:00:00,Fidelity,0,0,,,455979.5433286981,1201884559.6920822
2025-02-10 00:00:00,Fidelity,0,0,,,455979.5433286981,1199732336.247571
2025-02-11 00:00:00,Fidelity,0,0,,,455979.5433286981,1214496953.860554
2025-02-12 00:00:00,Fidelity,-3998.81,-10417979.728699999,,,451980.7333286981,1177531845.1192572
2025-02-13 00:00:00,Fidelity,0,0,,,451980.7333286981,1237685960.9179738
2025-02-14 00:00:00,Fidelity,1749.46214338,4684132.4050356485,,,453730.1954720781,1214848986.470625
2025-02-15 00:00:00,Fidelity,0,0,,,453730.1954720781,1237394839.8836324
2025-02-16 00:00:00,Fidelity,0,0,,,453730.1954720781,1223406337.9572284
2025-02-17 00:00:00,Fidelity,0,0,,,453730.1954720781,1209685536.8461528
2025-02-18 00:00:00,Fidelity,4248.64678007,11666571.625733215,,,457978.8422521481,1257587001.8822858
2025-02-19 00:00:00,Fidelity,1749.42368267,4673252.977753198,,,459728.2659348181,1228076714.074339
2025-02-20 00:00:00,Fidelity,7997.278343840002,21734763.16453804,,,467725.54427865805,1271170452.4742086
2025-02-21 00:00:00,Fidelity,0,0,,,467725.54427865805,1281881367.4381897
2025-02-22 00:00:00,Fidelity,0,0,,,467725.54427865805,1245192975.7449718
2025-02-23 00:00:00,Fidelity,0,0,,,467725.54427865805,1293831755.0945094
2025-02-24 00:00:00,Fidelity,0,0,,,467725.54427865805,1320501465.6292784
2025-02-25 00:00:00,Fidelity,-4998.06,-12580666.806600003,,,462727.48427865806,1164735977.952653
2025-02-26 00:00:00,Fidelity,-7996.85,-19957978.4505,,,454730.6342786581,1134884885.8882754
2025-02-27 00:00:00,Fidelity,-11245.43,-26256729.5984,,,443485.2042786581,1035484733.7661532
2025-02-28 00:00:00,Fidelity,0,0,,,443485.2042786581,1023648113.6639558
2025-03-01 00:00:00,Fidelity,0,0,,,443485.2042786581,992821457.1145462
2025-03-02 00:00:00,Fidelity,0,0,,,443485.2042786581,984293236.6362677
2025-03-03 00:00:00,Fidelity,-94.32,-237552.46559999997,,,443390.8842786581,1116715413.3265426
2025-03-04 00:00:00,Fidelity,0,0,,,443390.8842786581,953090875.3011895
2025-03-05 00:00:00,Fidelity,9995.6289292,21702809.399946917,,,453386.5132078581,984406399.0722977
2025-03-06 00:00:00,Fidelity,-11744.66,-26342215.3606,,,441641.8532078581,990562928.978437
2025-03-07 00:00:00,Fidelity,-5497.43,-12115016.336800002,,,436144.4232078581,961157634.0885495
2025-03-08 00:00:00,Fidelity,0,0,,,436144.4232078581,934247523.1766245
2025-03-09 00:00:00,Fidelity,0,0,,,436144.4232078581,961968862.715716
2025-03-10 00:00:00,Fidelity,-12743.91,-25738620.1488,,,423400.51320785814,855133548.5156469
2025-03-11 00:00:00,Fidelity,0,0,,,423400.51320785814,789760509.2763536
2025-03-12 00:00:00,Fidelity,0,0,,,423400.51320785814,814334675.0629377
2025-03-13 00:00:00,Fidelity,-13743.16,-26241739.4304,,,409657.35320785816,782216136.5092127
2025-03-14 00:00:00,Fidelity,0,0,,,409657.35320785816,764301820.453433
2025-03-15 00:00:00,Fidelity,0,0,,,409657.35320785816,783858862.4955763
2025-03-16 00:00:00,Fidelity,0,0,,,409657.35320785816,794788520.6791619
2025-03-17 00:00:00,Fidelity,-5996.9,-11333001.589,,,403660.45320785814,762841561.0767424
2025-03-18 00:00:00,Fidelity,0,0,,,403660.45320785814,778778075.7693886
2025-03-19 00:00:00,Fidelity,-2748.5,-5315791.395,,,400911.95320785814,775391781.3407222
2025-03-20 00:00:00,Fidelity,0,0,,,400911.95320785814,825678167.6315838
2025-03-21 00:00:00,Fidelity,0,0,,,400911.95320785814,795389269.5667301
2025-03-22 00:00:00,Fidelity,0,0,,,400911.95320785814,788898505.044295
2025-03-23 00:00:00,Fidelity,0,0,,,400911.95320785814,795918473.3449645
2025-03-24 00:00:00,Fidelity,-1749.03,-3509848.4622,,,399162.9232078581,801016204.5181372
2025-03-25 00:00:00,Fidelity,0,0,,,399162.9232078581,830462453.363181
2025-03-26 00:00:00,Fidelity,0,0,,,399162.9232078581,825592665.700045
2025-03-27 00:00:00,Fidelity,0,0,,,399162.9232078581,802828404.1895008
2025-03-28 00:00:00,Fidelity,-1449.1,-2905228.135,,,397713.82320785813,797356558.4582744
2025-03-29 00:00:00,Fidelity,0,0,,,397713.82320785813,754996059.1484054
2025-03-30 00:00:00,Fidelity,0,0,,,397713.82320785813,727939587.7555748
2025-03-31 00:00:00,Fidelity,0,0,,,397713.82320785813,719500100.427104
2025-04-01 00:00:00,Fidelity,3497.8068702199994,6381049.073342345,,,401211.63007807813,731930376.7514379
2025-04-02 00:00:00,Fidelity,0,0,,,401211.63007807813,765134651.2566997
2025-04-03 00:00:00,Fidelity,0,0,,,401211.63007807813,720363445.4562869
2025-04-04 00:00:00,Fidelity,0,0,,,401211.63007807813,729242258.8299148
2025-04-05 00:00:00,Fidelity,0.000001,0.00181625,,,401211.63007907814,728700623.1311257
2025-04-06 00:00:00,Fidelity,0,0,,,401211.63007907814,725414699.880778
2025-04-07 00:00:00,Fidelity,0,0,,,401211.63007907814,633966533.0368538
2025-04-08 00:00:00,Fidelity,0,0,,,401211.63007907814,623522994.3058953
2025-04-09 00:00:00,Fidelity,-2248.44,-3313031.3712,,,398963.19007907814,587864281.31772
2025-04-10 00:00:00,Fidelity,0,0,,,398963.19007907814,666033139.1499139
2025-04-11 00:00:00,Fidelity,0,0,,,398963.19007907814,607652855.5456423
2025-04-12 00:00:00,Fidelity,0,0,,,398963.19007907814,625654074.6820103
2025-04-13 00:00:00,Fidelity,0,0,,,398963.19007907814,656458022.588016
2025-04-14 00:00:00,Fidelity,0,0,,,398963.19007907814,637487322.8997557
2025-04-15 00:00:00,Fidelity,-34225.69,-55589365.69800001,,,364737.50007907813,592406647.6284387
2025-04-16 00:00:00,Fidelity,0,0,,,364737.50007907813,580173351.8757864
2025-04-17 00:00:00,Fidelity,0,0,,,364737.50007907813,575946044.24987
2025-04-18 00:00:00,Fidelity,0,0,,,364737.50007907813,577853621.3752835
2025-04-19 00:00:00,Fidelity,0,0,,,364737.50007907813,580304657.3758149
2025-04-20 00:00:00,Fidelity,0,0,,,364737.50007907813,588875988.6276733
2025-04-21 00:00:00,Fidelity,0,0,,,364737.50007907813,579246918.6255856
2025-04-22 00:00:00,Fidelity,0,0,,,364737.50007907813,576617161.2500155
2025-04-23 00:00:00,Fidelity,19235.05738983,33784839.500645205,,,383972.55746890814,674417079.3895397
2025-04-24 00:00:00,Fidelity,0,0,,,383972.55746890814,689679988.5489287
2025-04-25 00:00:00,Fidelity,0,0,,,383972.55746890814,679562311.659623
2025-04-26 00:00:00,Fidelity,0,0,,,383972.55746890814,686565971.1078559
2025-04-27 00:00:00,Fidelity,0,0,,,383972.55746890814,699663275.0431204
2025-04-28 00:00:00,Fidelity,19983.8913164,35836712.61987379,,,403956.44878530817,724407020.4777174
2025-04-29 00:00:00,Fidelity,0,0,,,403956.44878530817,727024658.2658463
2025-04-30 00:00:00,Fidelity,13988.4533182,25186629.853018645,,,417944.9021035082,752522334.5844296
2025-05-01 00:00:00,Fidelity,3247.28727233,5831186.227795705,,,421192.1893758382,756339026.3840865
2025-05-02 00:00:00,Fidelity,3497.0451292599996,6433269.131140574,,,424689.2345050982,781271056.4726138
2025-05-03 00:00:00,Fidelity,0,0,,,424689.2345050982,783105713.9656758
2025-05-04 00:00:00,Fidelity,0,0,,,424689.2345050982,779984248.0920633
2025-05-05 00:00:00,Fidelity,0,0,,,424689.2345050982,769711015.5093851
2025-05-06 00:00:00,Fidelity,-9991.25,-18202259.075,,,414697.9845050982,755505082.131078
2025-05-07 00:00:00,Fidelity,0,0,,,414697.9845050982,753804820.3946071
2025-05-08 00:00:00,Fidelity,-9241.75,-16748361.4375,,,405456.2345050982,734788060.9818642
2025-05-09 00:00:00,Fidelity,0,0,,,405456.2345050982,894067488.144847
2025-05-10 00:00:00,Fidelity,0,0,,,405456.2345050982,950632687.4206532
2025-05-11 00:00:00,Fidelity,0,0,,,405456.2345050982,1046397395.4484124
2025-05-12 00:00:00,Fidelity,-3247.03,-8157740.7611,,,402209.20450509817,1010498339.1224735
2025-05-13 00:00:00,Fidelity,0,0,,,402209.20450509817,1003717091.9345176
2025-05-14 00:00:00,Fidelity,0,0,,,402209.20450509817,1077321376.3589506
2025-05-15 00:00:00,Fidelity,-10240.32119049,-26731232.032443188,,,391968.8833146082,1023191653.3156201
2025-05-16 00:00:00,Fidelity,0.000003247898743387,0.008280322972340553,,,391968.88331785606,999301149.885875
2025-05-17 00:00:00,Fidelity,0.000001,0.0025409,,,391968.88331885607,995953735.6248814
2025-05-18 00:00:00,Fidelity,0,0,,,391968.88331885607,971302812.5529586
2025-05-19 00:00:00,Fidelity,5244.993356604993,13110175.594435576,,,397213.87667546107,992859917.5829154
2025-05-20 00:00:00,Fidelity,0.000005999999999999999,0.015179939999999998,,,397213.87668146106,1004947135.8653296
2025-05-21 00:00:00,Fidelity,-1748.1892623599988,-4414247.815029492,,,395465.6874191011,998566679.360727
2025-05-22 00:00:00,Fidelity,0,0,,,395465.6874191011,1009821632.8246746
2025-05-23 00:00:00,Fidelity,15984.10745728,42590613.36637,,,411449.79487638106,1096332665.4358099
2025-05-24 00:00:00,Fidelity,0.000003,0.00758337,,,411449.7948793811,1040058676.9981507
2025-05-25 00:00:00,Fidelity,0,0,,,411449.7948793811,1042087124.4869059
2025-05-26 00:00:00,Fidelity,0,0,,,411449.7948793811,1050320234.8824425
2025-05-27 00:00:00,Fidelity,0,0,,,411449.7948793811,1055557990.771257
2025-05-28 00:00:00,Fidelity,1248.7338039502001,3325840.1514268443,,,412698.5286833313,1099168880.339324
2025-05-29 00:00:00,Fidelity,9740.027125139999,26133953.78081939,,,422438.5558084713,1133466011.0174997
2025-05-30 00:00:00,Fidelity,14485.025591431504,38164855.7277919,,,436923.58139990276,1151197513.8008358
2025-05-31 00:00:00,Fidelity,7.12e-8,0.00018045284,,,436923.58139997395,1107360970.879164
2025-06-01 00:00:00,Fidelity,4e-8,0.0001013256,,,436923.58140001394,1106788600.9876313
2025-06-02 00:00:00,Fidelity,0,0,,,436923.58140001394,1109777158.2844074
2025-06-03 00:00:00,Fidelity,11737.639157450001,30640050.632999055,,,448661.22055746394,1171189736.7554095
2025-06-04 00:00:00,Fidelity,-998.8431604795005,-2593176.6363736694,,,447662.37739698443,1162212110.9505029
2025-06-05 00:00:00,Fidelity,-9239.9699999998,-24122327.680499475,,,438422.40739698464,1144567457.870938
2025-06-06 00:00:00,Fidelity,0,0,,,438422.40739698464,1060719172.4562646
2025-06-07 00:00:00,Fidelity,0,0,,,438422.40739698464,1087423481.2908149
2025-06-08 00:00:00,Fidelity,0,0,,,438422.40739698464,1108244161.4180977
2025-06-09 00:00:00,Fidelity,0,0,,,438422.40739698464,1101667825.307143
2025-06-10 00:00:00,Fidelity,4994.4776378,13390094.657389043,,,443416.8850347846,1188791800.4405568
2025-06-11 00:00:00,Fidelity,9489.4085683803,26697691.854452506,,,452906.2936031649,1274215624.5490162
2025-06-12 00:00:00,Fidelity,13235.0914513305,36733466.919509746,,,466141.3850544954,1293756768.56335
2025-06-13 00:00:00,Fidelity,499.4585790402002,1323315.5051670105,,,466640.8436335356,1236364915.2070527
2025-06-14 00:00:00,Fidelity,0,0,,,466640.8436335356,1204493345.586882
2025-06-15 00:00:00,Fidelity,0,0,,,466640.8436335356,1183312517.694356
2025-06-16 00:00:00,Fidelity,0,0,,,466640.8436335356,1190228134.997005
2025-06-17 00:00:00,Fidelity,-5992.9615761599,-15249929.745159527,,,460647.8820573757,1172183026.5984805
2025-06-18 00:00:00,Fidelity,0,0,,,460647.8820573757,1157783173.805367
2025-06-19 00:00:00,Fidelity,0,0,,,460647.8820573757,1163845299.9332418
2025-06-20 00:00:00,Fidelity,0,0,,,460647.8820573757,1162661434.8763545
2025-06-21 00:00:00,Fidelity,0,0,,,460647.8820573757,1109917252.380785
2025-06-22 00:00:00,Fidelity,0,0,,,460647.8820573757,1058674781.9807225
2025-06-23 00:00:00,Fidelity,0,0,,,460647.8820573757,1027244776.9879478
2025-06-24 00:00:00,Fidelity,26218.5617379001,63395695.7253903,,,486866.44379527576,1177228455.1036627
2025-06-25 00:00:00,Fidelity,-10986.7199999998,-26913069.311999507,,,475879.72379527596,1165714971.408908
2025-06-26 00:00:00,Fidelity,0,0,,,475879.72379527596,1152209504.847598
2025-06-27 00:00:00,Fidelity,1997.5429528801,4833294.879647748,,,477877.26674815605,1156281392.1691732
2025-06-28 00:00:00,Fidelity,0,0,,,477877.26674815605,1159206001.041672
2025-06-29 00:00:00,Fidelity,0,0,,,477877.26674815605,1165504423.4174128
2025-06-30 00:00:00,Fidelity,11985.132840960301,29981409.058304243,,,489862.39958911634,1225415285.6921542
2025-07-01 00:00:00,Fidelity,4906.37,12212396.5033,,,494768.76958911633,1231523996.6965737
2025-07-02 00:00:00,Fidelity,0,0,,,494768.76958911633,1191695110.74465
2025-07-03 00:00:00,Fidelity,9987.3223224002,25684197.070070144,,,504756.0919115165,1298071146.4470086
2025-07-04 00:00:00,Fidelity,0,0,,,504756.0919115165,1307893699.995607
2025-07-05 00:00:00,Fidelity,0,0,,,504756.0919115165,1266781316.309414
2025-07-06 00:00:00,Fidelity,0,0,,,504756.0919115165,1271505833.3297057
2025-07-07 00:00:00,Fidelity,24968.065933000096,64211873.24385233,,,529724.1578445166,1362323400.178214
2025-07-08 00:00:00,Fidelity,3495.4968172600998,8889642.640751367,,,533219.6546617766,1356068229.1461904
2025-07-09 00:00:00,Fidelity,0,0,,,533219.6546617766,1394508034.0507581
2025-07-10 00:00:00,Fidelity,10735.97072067,29714912.40096322,,,543955.6253824466,1505554940.3772817
2025-07-11 00:00:00,Fidelity,13232.5824886301,39015078.53530187,,,557188.2078710767,1642819283.969161
2025-07-12 00:00:00,Fidelity,3e-10,8.86644e-7,,,557188.207871077,1646758604.5988107
2025-07-13 00:00:00,Fidelity,0,0,,,557188.207871077,1637955030.9144475
2025-07-14 00:00:00,Fidelity,1997.35240248,5932516.132322071,,,559185.560273557,1660887359.2689161
2025-07-15 00:00:00,Fidelity,10486.00316736,31588979.681640327,,,569671.563440917,1716129888.1501276
2025-07-16 00:00:00,Fidelity,3994.6303064,12527360.37238572,,,573666.193747317,1799045866.9012735
2025-07-17 00:00:00,Fidelity,33704.38050165,113574662.10782504,,,607370.574248967,2046674845.1639717
2025-07-18 00:00:00,Fidelity,-7739.305444,-26895247.313716598,,,599631.2688049669,2083808603.787581
2025-07-19 00:00:00,Fidelity,0,0,,,599631.2688049669,2125896722.5450015
2025-07-20 00:00:00,Fidelity,0,0,,,599631.2688049669,2153611679.789167
2025-07-21 00:00:00,Fidelity,0,0,,,599631.2688049669,2251867259.495549
2025-07-22 00:00:00,Fidelity,31953.100177599998,120177526.95396425,,,631584.368982567,2375426706.8055735
2025-07-23 00:00:00,Fidelity,9486.803981780002,35531401.29315973,,,641071.172964347,2401035917.662017
2025-07-24 00:00:00,Fidelity,998.60200788,3621659.8600386325,,,642069.7749722269,2328613714.9850245
2025-07-25 00:00:00,Fidelity,56170.839180999996,208047800.99215505,,,698240.614153227,2586171516.3252883
2025-07-26 00:00:00,Fidelity,0,0,,,698240.614153227,2600024610.110088
2025-07-27 00:00:00,Fidelity,0,0,,,698240.614153227,2611021899.7830014
2025-07-28 00:00:00,Fidelity,-10984.33350588,-42514533.30450336,,,687256.280647347,2660004816.557137
2025-07-29 00:00:00,Fidelity,0,0,,,687256.280647347,2607278514.7058725
2025-07-30 00:00:00,Fidelity,-5991.31,-22723301.350100003,,,681264.9706473469,2583840466.8238993
2025-07-31 00:00:00,Fidelity,0,0,,,681264.9706473469,2593752872.146818
2025-08-01 00:00:00,Fidelity,-370.87097713900016,-1371959.297020532,,,680894.099670208,2518824733.9690037
2025-08-02 00:00:00,Fidelity,0,0,,,680894.099670208,2375612277.9853687
2025-08-03 00:00:00,Fidelity,0,0,,,680894.099670208,2313562398.6824226
2025-08-04 00:00:00,Fidelity,-14977.94,-52432226.1022,,,665916.159670208,2331126086.0263205
2025-08-05 00:00:00,Fidelity,0,0,,,665916.159670208,2478493332.1613374
2025-08-06 00:00:00,Fidelity,0,0,,,665916.159670208,2407100460.683094
2025-08-07 00:00:00,Fidelity,0,0,,,665916.159670208,2454293938.918922
2025-08-08 00:00:00,Fidelity,8237.593598853002,32201412.385404292,,,674153.753269061,2635320953.829021
2025-08-09 00:00:00,Fidelity,0,0,,,674153.753269061,2702176781.540714
2025-08-10 00:00:00,Fidelity,0,0,,,674153.753269061,2871760158.175546
2025-08-11 00:00:00,Fidelity,32700.42530582,138911733.70337644,,,706854.1785748809,3002723619.12788
2025-08-12 00:00:00,Fidelity,64651.352323463,273094423.8630633,,,771505.5308983439,3258924228.123003
2025-08-13 00:00:00,Fidelity,31708.640002200005,145448482.94929147,,,803214.1709005439,3684367498.345922
2025-08-14 00:00:00,Fidelity,32699.497014388005,155279120.4873139,,,835913.6679149319,3969478157.4175997
2025-08-15 00:00:00,Fidelity,-49422.575161484,-224952781.5565138,,,786491.0927534479,3579808587.5984488
2025-08-16 00:00:00,Fidelity,0,0,,,786491.0927534479,3495630445.941047
2025-08-17 00:00:00,Fidelity,0,0,,,786491.0927534479,3480694980.0896597
2025-08-18 00:00:00,Fidelity,-17971.75,-80432387.4075,,,768519.3427534479,3439500633.2996287
2025-08-19 00:00:00,Fidelity,-37690.31,-162678539.11889997,,,730829.032753448,3154396962.8801045
2025-08-20 00:00:00,Fidelity,0,0,,,730829.032753448,2979838448.406944
2025-08-21 00:00:00,Fidelity,1996.8165466409998,8652485.650911983,,,732825.8493000891,3175437000.636188
2025-08-22 00:00:00,Fidelity,6739.185455140999,28464836.741715446,,,739565.0347552301,3123760002.4984455
2025-08-23 00:00:00,Fidelity,0.000005600999999999999,0.027032442359999995,,,739565.034760831,3569407101.1682844
2025-08-24 00:00:00,Fidelity,0,0,,,739565.034760831,3531911153.9059105
2025-08-25 00:00:00,Fidelity,24460.504786241007,116986522.42601128,,,764025.539547072,3654082027.225595
2025-08-26 00:00:00,Fidelity,19468.373678662,85264078.73054166,,,783493.913225734,3431405612.241689
2025-08-27 00:00:00,Fidelity,18719.41020635,86164322.01521666,,,802213.323432084,3692539794.9584765
2025-08-28 00:00:00,Fidelity,-2995.0049697959994,-13506394.211990831,,,799218.318462288,3604186897.670273
2025-08-29 00:00:00,Fidelity,0.000004004,0.018076298240000004,,,799218.318466292,3608119051.8151836
2025-08-30 00:00:00,Fidelity,0.000001,0.00436462,,,799218.318467292,3488284257.148712
2025-08-31 00:00:00,Fidelity,0,0,,,799218.318467292,3498186572.114522
2025-09-01 00:00:00,Fidelity,-11730.5,-51552028.35,,,787487.818467292,3460772715.818208
2025-09-02 00:00:00,Fidelity,-23365.44,-100837995.75359999,,,764122.3784672921,3297715307.5275073
2025-09-03 00:00:00,Fidelity,0,0,,,764122.3784672921,3304783439.52833
2025-09-04 00:00:00,Fidelity,-35938.980133734,-159951462.5424019,,,728183.3983335581,3240882159.959267
2025-09-05 00:00:00,Fidelity,-8735.12,-37573332.519200005,,,719448.2783335581,3094642018.90675
2025-09-06 00:00:00,Fidelity,0,0,,,719448.2783335581,3100368827.2022853
2025-09-07 00:00:00,Fidelity,0,0,,,719448.2783335581,3076490338.8443947
2025-09-08 00:00:00,Fidelity,0,0,,,719448.2783335581,3099656573.4067354
2025-09-09 00:00:00,Fidelity,17470.054215107004,75264312.86898184,,,736918.3325486651,3174784191.1028333
2025-09-10 00:00:00,Fidelity,0,0,,,736918.3325486651,3176493841.6343465
2025-09-11 00:00:00,Fidelity,11480.094837544002,49943119.3821998,,,748398.4273862091,3255840002.485238
2025-09-12 00:00:00,Fidelity,19965.184071904,89050311.21223198,,,768363.6114581132,3427116848.914393
2025-09-13 00:00:00,Fidelity,0.000005002999999999999,0.02357233492,,,768363.6114631161,3620252726.314077
2025-09-14 00:00:00,Fidelity,0,0,,,768363.6114631161,3584992520.184034
2025-09-15 00:00:00,Fidelity,33191.792462105004,152972009.67387718,,,801555.4039252212,3694152436.732284
2025-09-16 00:00:00,Fidelity,-10730.929994996,-48579671.25244654,,,790824.4739302251,3580117751.195304
2025-09-17 00:00:00,Fidelity,-6488.44,-29229124.512,,,784336.0339302252,3533276965.6488786
2025-09-18 00:00:00,Fidelity,0,0,,,784336.0339302252,3602290693.274399
2025-09-19 00:00:00,Fidelity,22709.370119522995,104225335.44465436,,,807045.4040497482,3703959093.2484407
2025-09-20 00:00:00,Fidelity,0.000004002,0.01789850478,,,807045.4040537502,3609421794.635952
2025-09-21 00:00:00,Fidelity,0,0,,,807045.4040537502,3620010230.337137
2025-09-22 00:00:00,Fidelity,-7985.5,-35552164.695,,,799059.9040537502,3557486608.238661
2025-09-23 00:00:00,Fidelity,-15222.25,-63985053.4275,,,783837.6540537502,3294775356.672993
2025-09-24 00:00:00,Fidelity,-7985.37,-33280067.5731,,,775852.2840537502,3233465254.590931
2025-09-25 00:00:00,Fidelity,-40176,-167041362.23999998,,,735676.2840537502,3058750713.261639
2025-09-26 00:00:00,Fidelity,-18465.81,-71521775.292,,,717210.4740537502,2777899608.104985
2025-09-27 00:00:00,Fidelity,0,0,,,717210.4740537502,2895142004.2985516
2025-09-28 00:00:00,Fidelity,0,0,,,717210.4740537502,2886141012.849177
2025-09-29 00:00:00,Fidelity,0,0,,,717210.4740537502,2973461388.0652213
2025-09-30 00:00:00,Fidelity,48409.80488756,204232253.05573586,,,765620.2789413101,3230014145.203178
2025-10-01 00:00:00,Fidelity,1.0499999999999999e-7,0.00043535205,,,765620.2789414151,3174422456.749685
2025-10-02 00:00:00,Fidelity,8484.027338182,36908148.96956655,,,774104.3062795971,3367593704.6511946
2025-10-03 00:00:00,Fidelity,13474.521402894003,60467588.52155698,,,787578.8276824912,3534299368.1665635
2025-10-04 00:00:00,Fidelity,0,0,,,787578.8276824912,3556532718.4720397
2025-10-05 00:00:00,Fidelity,0,0,,,787578.8276824912,3536425831.001306
2025-10-06 00:00:00,Fidelity,1247.629678552,5635044.206147964,,,788826.4573610432,3562813577.316888
2025-10-07 00:00:00,Fidelity,-748.5257263969997,-3509537.7207849734,,,788077.9316346461,3694982190.2622023
2025-10-08 00:00:00,Fidelity,-13973.07,-62200282.72079999,,,774104.8616346462,3445881345.274929
2025-10-09 00:00:00,Fidelity,-6986.5,-31638574.845,,,767118.3616346462,3473918514.213344
2025-10-10 00:00:00,Fidelity,-7485.43,-32712077.643000003,,,759632.9316346461,3319671874.536567
2025-10-11 00:00:00,Fidelity,0,0,,,759632.9316346461,2918274237.1315036
2025-10-12 00:00:00,Fidelity,0,0,,,759632.9316346461,2850765658.497133
2025-10-13 00:00:00,Fidelity,-4491.19,-18682227.6025,,,755141.7416346462,3141200859.7647195
2025-10-14 00:00:00,Fidelity,0,0,,,755141.7416346462,3206430003.40712
2025-10-15 00:00:00,Fidelity,37676.020346528996,155492326.81195635,,,792817.7619811752,3272030257.2948885
2025-10-16 00:00:00,Fidelity,-2994.06,-11937736.3884,,,789823.7019811751,3149137675.1172223
2025-10-17 00:00:00,Fidelity,-7984.13,-31097866.9848,,,781839.5719811751,3045233859.2837977
2025-10-18 00:00:00,Fidelity,0,0,,,781839.5719811751,2998190572.2376904
2025-10-19 00:00:00,Fidelity,0,0,,,781839.5719811751,3043670180.1398354
2025-10-20 00:00:00,Fidelity,-6986,-27855277.8,,,774853.5719811751,3089573647.5605397
2025-10-21 00:00:00,Fidelity,0,0,,,774853.5719811751,3085947332.8436675
2025-10-22 00:00:00,Fidelity,1746.6210366779997,6770165.131319429,,,776600.1930178531,3010218838.166151
2025-10-23 00:00:00,Fidelity,-19959.56,-75979059.074,,,756640.633017853,2880266065.67741
2025-10-24 00:00:00,Fidelity,0,0,,,756640.633017853,2918317523.111878
2025-10-25 00:00:00,Fidelity,0,0,,,756640.633017853,2978364523.748175
2025-10-26 00:00:00,Fidelity,0,0,,,756640.633017853,2993383840.313579
2025-10-27 00:00:00,Fidelity,0,0,,,756640.633017853,3145256748.1729226
2025-10-28 00:00:00,Fidelity,2744.3868716909997,11312472.460585168,,,759385.019889544,3130215427.385496
2025-10-29 00:00:00,Fidelity,6736.330478581003,26838416.349628933,,,766121.350368125,3052327055.642158
2025-10-30 00:00:00,Fidelity,-4989.619999695,-19493297.726208434,,,761131.73036843,2973566610.2514715
2025-10-31 00:00:00,Fidelity,-6985.5,-26577312.72,,,754146.23036843,2869254913.9089437
2025-11-01 00:00:00,Fidelity,0,0,,,754146.23036843,2903681689.3252625
2025-11-02 00:00:00,Fidelity,0,0,,,754146.23036843,2923666564.430026
2025-11-03 00:00:00,Fidelity,-7146.56,-27936403.299200002,,,746999.67036843,2920074001.4471188
2025-11-04 00:00:00,Fidelity,-6236.88,-22472913.1224,,,740762.79036843,2669138709.139238
2025-11-05 00:00:00,Fidelity,0,0,,,740762.79036843,2438220724.4976873
2025-11-06 00:00:00,Fidelity,997.8897124,3417562.708130396,,,741760.68008083,2540374559.5340257
2025-11-07 00:00:00,Fidelity,-19458.37199566,-64484655.626177326,,,722302.30808517,2393695402.9480915
2025-11-08 00:00:00,Fidelity,4.0499999999999993e-7,0.0013920335999999998,,,722302.308085575,2482639709.1670914
2025-11-09 00:00:00,Fidelity,0,0,,,722302.308085575,2458558150.2155185
2025-11-10 00:00:00,Fidelity,0,0,,,722302.308085575,2589526004.717595
2025-11-11 00:00:00,Fidelity,-997.88,-3561323.9532,,,721304.428085575,2574256160.3503275
2025-11-12 00:00:00,Fidelity,-5737.56,-19616029.1328,,,715566.8680855749,2446437253.9604106
2025-11-13 00:00:00,Fidelity,-4490.18,-15332931.958600001,,,711076.6880855749,2428163342.1739783
2025-11-14 00:00:00,Fidelity,0,0,,,711076.6880855749,2299949104.5452685
2025-11-15 00:00:00,Fidelity,0,0,,,711076.6880855749,2212003139.7628446
2025-11-16 00:00:00,Fidelity,0,0,,,711076.6880855749,2253622458.3164935
2025-11-17 00:00:00,Fidelity,0,0,,,711076.6880855749,2202794696.6521363
2024-07-24 00:00:00,Bitwise,58685.564934442016,204447010.55166107,,,59403.04986749206,206946563.0368728
2024-07-25 00:00:00,Bitwise,8752.622422110093,29222993.164268516,,,68155.67228960215,227556113.97035497
2024-07-26 00:00:00,Bitwise,5237.22475873,16639919.992427304,,,73392.89704833215,233186848.21784282
2024-07-27 00:00:00,Bitwise,0,0,,,73392.89704833215,240567971.87399358
2024-07-28 00:00:00,Bitwise,0,0,,,73392.89704833215,238562877.92663315
2024-07-29 00:00:00,Bitwise,4878.51074829,15973512.602696016,,,78271.40779662215,256280939.69216806
2024-07-30 00:00:00,Bitwise,3156.6836745451146,10487071.369900288,,,81428.09147116727,270518776.92368245
2024-07-31 00:00:00,Bitwise,1076.14207665,3530477.788024122,,,82504.23354781726,270669988.9156531
2024-08-01 00:00:00,Bitwise,1434.856102,4641515.56443266,,,83939.08964981727,271528685.3719184
2024-08-02 00:00:00,Bitwise,1076.1420765,3449368.9592262153,,,85015.23172631726,272500172.404682
2024-08-03 00:00:00,Bitwise,0,0,,,85015.23172631726,254252503.06694525
2024-08-04 00:00:00,Bitwise,0,0,,,85015.23172631726,247109523.29730007
2024-08-05 00:00:00,Bitwise,0,0,,,85015.23172631726,228673120.1451309
2024-08-06 00:00:00,Bitwise,3013.19781462,7291667.523577084,,,88028.42954093726,213020876.93040946
2024-08-07 00:00:00,Bitwise,0,0,,,88028.42954093726,216633563.67876953
2024-08-08 00:00:00,Bitwise,717.4280520000001,1678085.7364695603,,,88745.85759293726,207579223.28560805
2024-08-09 00:00:00,Bitwise,1076.1420777,2889807.3669309183,,,89821.99967063726,241202608.59554908
2024-08-10 00:00:00,Bitwise,0,0,,,89821.99967063726,233591990.56345597
2024-08-11 00:00:00,Bitwise,0,0,,,89821.99967063726,234633027.53963864
2024-08-12 00:00:00,Bitwise,0,0,,,89821.99967063726,229597606.23810273
2024-08-13 00:00:00,Bitwise,1076.142078,2932250.4112928403,,,90898.14174863727,247677438.67385188
2024-08-14 00:00:00,Bitwise,0,0,,,90898.14174863727,245838569.26627693
2024-08-15 00:00:00,Bitwise,1004.39927126,2676703.9699224746,,,91902.54101989727,244918433.76720583
2024-08-16 00:00:00,Bitwise,0,0,,,91902.54101989727,236388039.90973893
2024-08-17 00:00:00,Bitwise,0,0,,,91902.54101989727,238482498.8195824
2024-08-18 00:00:00,Bitwise,0,0,,,91902.54101989727,240482298.11217538
2024-08-19 00:00:00,Bitwise,0,0,,,91902.54101989727,240564091.37368307
2024-08-20 00:00:00,Bitwise,717.4280511000001,1893041.5270350152,,,92619.96907099726,244391681.38918695
2024-08-21 00:00:00,Bitwise,1434.856102,3695959.7417756803,,,94054.82517299727,242270180.8736133
2024-08-22 00:00:00,Bitwise,0,0,,,94054.82517299727,247580516.30288073
2024-08-23 00:00:00,Bitwise,0,0,,,94054.82517299727,246828077.70149675
2024-08-24 00:00:00,Bitwise,0,0,,,94054.82517299727,260049364.47606495
2024-08-25 00:00:00,Bitwise,0,0,,,94054.82517299727,260642850.42290655
2024-08-26 00:00:00,Bitwise,502.19963570000004,1381912.7815484041,,,94557.02480869727,260194456.30658844
2024-08-27 00:00:00,Bitwise,0,0,,,94557.02480869727,253823203.97497845
2024-08-28 00:00:00,Bitwise,717.4280512,1765640.6539667842,,,95274.45285989727,234477097.6999074
2024-08-29 00:00:00,Bitwise,0,0,,,95274.45285989727,241015783.3996821
2024-08-30 00:00:00,Bitwise,0,0,,,95274.45285989727,241138687.44387138
2024-08-31 00:00:00,Bitwise,0,0,,,95274.45285989727,240863344.27510628
2024-09-01 00:00:00,Bitwise,0,0,,,95274.45285989727,239788648.44684666
2024-09-02 00:00:00,Bitwise,0,0,,,95274.45285989727,231678887.01941216
2024-09-03 00:00:00,Bitwise,0,0,,,95274.45285989727,241946614.80412328
2024-09-04 00:00:00,Bitwise,0,0,,,95274.45285989727,230936699.0316336
2024-09-05 00:00:00,Bitwise,0,0,,,95274.45285989727,233603430.96718213
2024-09-06 00:00:00,Bitwise,0,0,,,95274.45285989727,225711848.03679684
2024-09-07 00:00:00,Bitwise,0,0,,,95274.45285989727,212054255.21933052
2024-09-08 00:00:00,Bitwise,0,0,,,95274.45285989727,216913252.31518528
2024-09-09 00:00:00,Bitwise,0,0,,,95274.45285989727,219106470.22002012
2024-09-10 00:00:00,Bitwise,789.17085687,1861796.1021105663,,,96063.62371676727,226631379.80012298
2024-09-11 00:00:00,Bitwise,0,0,,,96063.62371676727,229589178.77436224
2024-09-12 00:00:00,Bitwise,0,0,,,96063.62371676727,225020392.8303928
2024-09-13 00:00:00,Bitwise,0,0,,,96063.62371676727,226959917.39323434
2024-09-14 00:00:00,Bitwise,0,0,,,96063.62371676727,234632519.01949254
2024-09-15 00:00:00,Bitwise,0,0,,,96063.62371676727,232399039.76807767
2024-09-16 00:00:00,Bitwise,2152.2841527,4997625.325410928,,,98215.90786946726,228058320.2319817
2024-09-17 00:00:00,Bitwise,-932.6560465381202,-2142506.796667835,,,97283.25182292915,223480058.92015105
2024-09-18 00:00:00,Bitwise,0,0,,,97283.25182292915,227958979.83407873
2024-09-19 00:00:00,Bitwise,0,0,,,97283.25182292915,230572980.81056082
2024-09-20 00:00:00,Bitwise,0,0,,,97283.25182292915,239834346.3841037
2024-09-21 00:00:00,Bitwise,0,0,,,97283.25182292915,249118087.10556582
2024-09-22 00:00:00,Bitwise,0,0,,,97283.25182292915,254201137.01331386
2024-09-23 00:00:00,Bitwise,0.001,2.58318,,,97283.25282292915,251300153.0271341
2024-09-24 00:00:00,Bitwise,502.19963577000004,1330090.8013259184,,,97785.45245869915,258987704.40043846
2024-09-25 00:00:00,Bitwise,0,0,,,97785.45245869915,259452185.2996173
2024-09-26 00:00:00,Bitwise,0,0,,,97785.45245869915,252351983.59659114
2024-09-27 00:00:00,Bitwise,358.7140292,944515.5617253521,,,98144.16648789914,258419479.01262772
2024-09-28 00:00:00,Bitwise,0,0,,,98144.16648789914,264653596.46793908
2024-09-29 00:00:00,Bitwise,0.000001,0.00267813,,,98144.16648889914,262842836.59891546
2024-09-30 00:00:00,Bitwise,2008.7985652,5342741.279905484,,,100152.96505409914,266373836.5654359
2024-10-01 00:00:00,Bitwise,0,0,,,100152.96505409914,260845392.89444956
2024-10-02 00:00:00,Bitwise,-358.7132201602291,-879396.2206194066,,,99794.2518339389,244648602.19845626
2024-10-03 00:00:00,Bitwise,0.000001,0.00236806,,,99794.2518349389,236318776.0002454
2024-10-04 00:00:00,Bitwise,0,0,,,99794.2518349389,234682150.2701524
2024-10-05 00:00:00,Bitwise,0,0,,,99794.2518349389,241120875.39854264
2024-10-06 00:00:00,Bitwise,0,0,,,99794.2518349389,241252603.8109648
2024-10-07 00:00:00,Bitwise,358.71402925,875423.6526831625,,,100152.9658641889,244418305.54325977
2024-10-08 00:00:00,Bitwise,0,0,,,100152.9658641889,242832884.09362966
2024-10-09 00:00:00,Bitwise,-1865.311439686265,-4554530.942281953,,,98287.65442450263,239988965.80830806
2024-10-10 00:00:00,Bitwise,0,0,,,98287.65442450263,232980073.17129678
2024-10-11 00:00:00,Bitwise,-1793.568152690273,-4280153.103898541,,,96494.08627181235,230272522.53819028
2024-10-12 00:00:00,Bitwise,0,0,,,96494.08627181235,235160912.9487203
2024-10-13 00:00:00,Bitwise,0,0,,,96494.08627181235,238932866.78108543
2024-10-14 00:00:00,Bitwise,0,0,,,96494.08627181235,238272847.23098627
2024-10-15 00:00:00,Bitwise,0,0,,,96494.08627181235,253683917.74945742
2024-10-16 00:00:00,Bitwise,0,0,,,96494.08627181235,251445254.94795135
2024-10-17 00:00:00,Bitwise,0,0,,,96494.08627181235,251989481.59452435
2024-10-18 00:00:00,Bitwise,573.9424532,1494563.3664063963,,,97068.02872501235,252768058.84079394
2024-10-19 00:00:00,Bitwise,0,0,,,97068.02872501235,256442083.72803563
2024-10-20 00:00:00,Bitwise,0,0,,,97068.02872501235,256954602.9197037
2024-10-21 00:00:00,Bitwise,717.4280664,1968974.153954136,,,97785.45679141235,268371208.30946326
2024-10-22 00:00:00,Bitwise,0,0,,,97785.45679141235,260723407.73380694
2024-10-23 00:00:00,Bitwise,0.000001,0.0026220999999999996,,,97785.45679241234,256403246.2553844
2024-10-24 00:00:00,Bitwise,0,0,,,97785.45679241234,246696083.9596016
2024-10-25 00:00:00,Bitwise,0.000002,0.00507,,,97785.45679441234,247886132.9738353
2024-10-26 00:00:00,Bitwise,0,0,,,97785.45679441234,238585758.1781187
2024-10-27 00:00:00,Bitwise,0,0,,,97785.45679441234,242757285.76496837
2024-10-28 00:00:00,Bitwise,0,0,,,97785.45679441234,245152051.6018635
2024-10-29 00:00:00,Bitwise,0,0,,,97785.45679441234,251048514.6465666
2024-10-30 00:00:00,Bitwise,0,0,,,97785.45679441234,258030396.2616876
2024-10-31 00:00:00,Bitwise,-1363.1130089770065,-3625730.6614478496,,,96422.34378543534,256472828.0114416
2024-11-01 00:00:00,Bitwise,0.000001,0.00251869,,,96422.34378643533,242857993.07145682
2024-11-02 00:00:00,Bitwise,0,0,,,96422.34378643533,242352739.99001586
2024-11-03 00:00:00,Bitwise,0,0,,,96422.34378643533,240458040.93461245
2024-11-04 00:00:00,Bitwise,0,0,,,96422.34378643533,237063010.20989206
2024-11-05 00:00:00,Bitwise,0,0,,,96422.34378643533,231366378.13898948
2024-11-06 00:00:00,Bitwise,0,0,,,96422.34378643533,233760544.93520665
2024-11-07 00:00:00,Bitwise,0,0,,,96422.34378643533,262415337.0616595
2024-11-08 00:00:00,Bitwise,2295.7698493109997,6644440.055574388,,,98718.11363574633,285710951.66571337
2024-11-09 00:00:00,Bitwise,0,0,,,98718.11363574633,292415885.94385326
2024-11-10 00:00:00,Bitwise,0,0,,,98718.11363574633,308710297.78056955
2024-11-11 00:00:00,Bitwise,0,0,,,98718.11363574633,314672871.84416866
2024-11-12 00:00:00,Bitwise,5811.16733946,19608331.395172905,,,104529.28097520632,352707926.33058995
2024-11-13 00:00:00,Bitwise,5165.48207952,16774489.81467484,,,109694.76305472633,356224967.43917936
2024-11-14 00:00:00,Bitwise,4089.3399813300002,13055913.078192852,,,113784.10303605633,363275092.24012595
2024-11-15 00:00:00,Bitwise,0.0003733494086191058,1.143311627508374,,,113784.10340940574,348442197.7116573
2024-11-16 00:00:00,Bitwise,0.000030000000000000004,0.09278580000000002,,,113784.10343940574,351918302.16360044
2024-11-17 00:00:00,Bitwise,0.000071742,0.22500371718,,,113784.10351114774,356859946.0009775
2024-11-18 00:00:00,Bitwise,0,0,,,113784.10351114774,350301430.274595
2024-11-19 00:00:00,Bitwise,0,0,,,113784.10351114774,365236731.7014682
2024-11-20 00:00:00,Bitwise,0,0,,,113784.10351114774,354066546.25977886
2024-11-21 00:00:00,Bitwise,0,0,,,113784.10351114774,349732509.75703925
2024-11-22 00:00:00,Bitwise,860.9136807599999,2891585.216115842,,,114645.01719190774,385062805.04314816
2024-11-23 00:00:00,Bitwise,0,0,,,114645.01719190774,381664726.73358005
2024-11-24 00:00:00,Bitwise,0,0,,,114645.01719190774,389282888.12598234
2024-11-25 00:00:00,Bitwise,1506.598941,5067129.15227589,,,116151.61613290774,390651569.0236473
2024-11-26 00:00:00,Bitwise,2510.998236,8572447.53777456,,,118662.61436890774,405109418.9508763
2024-11-27 00:00:00,Bitwise,0,0,,,118662.61436890774,394705080.92301047
2024-11-28 00:00:00,Bitwise,0,0,,,118662.61436890774,433926634.8503655
2024-11-29 00:00:00,Bitwise,430.4568405,1540983.83416914,,,119093.07120940775,426338903.7611346
2024-11-30 00:00:00,Bitwise,0,0,,,119093.07120940775,427833521.80481267
2024-12-01 00:00:00,Bitwise,0,0,,,119093.07120940775,440934950.56855965
2024-12-02 00:00:00,Bitwise,0,0,,,119093.07120940775,441524461.27104616
2024-12-03 00:00:00,Bitwise,0,0,,,119093.07120940775,433797702.81097984
2024-12-04 00:00:00,Bitwise,0,0,,,119093.07120940775,430692946.4445506
2024-12-05 00:00:00,Bitwise,0,0,,,119093.07120940775,457205445.9571889
2024-12-06 00:00:00,Bitwise,1721.827362,6528549.49885368,,,120814.89857140774,458086602.0192924
2024-12-07 00:00:00,Bitwise,0,0,,,120814.89857140774,483739229.43295944
2024-12-08 00:00:00,Bitwise,0,0,,,120814.89857140774,483156901.6218453
2024-12-09 00:00:00,Bitwise,3300.1691105,13213712.109986475,,,124115.06768190775,496950525.2449745
2024-12-10 00:00:00,Bitwise,-3443.653707854823,-12809875.245163763,,,120671.41397405292,448879559.2713807
2024-12-11 00:00:00,Bitwise,0,0,,,120671.41397405292,438208586.13365525
2024-12-12 00:00:00,Bitwise,2152.2842058,8247466.985257369,,,122823.69817985292,470655498.4772692
2024-12-13 00:00:00,Bitwise,0,0,,,122823.69817985292,476816335.1779706
2024-12-14 00:00:00,Bitwise,0,0,,,122823.69817985292,479899210.0022849
2024-12-15 00:00:00,Bitwise,0,0,,,122823.69817985292,475376841.43530273
2024-12-16 00:00:00,Bitwise,0,0,,,122823.69817985292,485482775.321541
2024-12-17 00:00:00,Bitwise,2152.285445835216,8584928.572075216,,,124975.98362568812,498497954.6869635
2024-12-18 00:00:00,Bitwise,0,0,,,124975.98362568812,486185320.7801607
2024-12-19 00:00:00,Bitwise,-3945.852992419797,-14306952.696975548,,,121030.13063326833,438833468.252717
2024-12-20 00:00:00,Bitwise,-2008.7981723655678,-6870652.212978505,,,119021.33246090276,407086282.98937654
2024-12-21 00:00:00,Bitwise,0,0,,,119021.33246090276,413505103.44899297
2024-12-22 00:00:00,Bitwise,0.000001,0.0033389899999999996,,,119021.33246190276,397411038.8769687
2024-12-23 00:00:00,Bitwise,0.000001,0.0032815599999999998,,,119021.33246290275,390575643.75696313
2024-12-24 00:00:00,Bitwise,286.97122788,981312.4622970541,,,119308.30369078275,407980709.88581616
2024-12-25 00:00:00,Bitwise,0.000002,0.00698818,,,119308.30369278275,416873950.84991527
2024-12-26 00:00:00,Bitwise,1793.57017675,6269352.810022555,,,121101.87386953275,423306756.035997
2024-12-27 00:00:00,Bitwise,0,0,,,121101.87386953275,403737904.2374191
2024-12-28 00:00:00,Bitwise,0,0,,,121101.87386953275,403379442.6907653
2024-12-29 00:00:00,Bitwise,0,0,,,121101.87386953275,411978886.7542409
2024-12-30 00:00:00,Bitwise,0,0,,,121101.87386953275,406296786.83228236
2024-12-31 00:00:00,Bitwise,0,0,,,121101.87386953275,406878075.82685614
2025-01-01 00:00:00,Bitwise,0,0,,,121101.87386953275,403821464.53038913
2025-01-02 00:00:00,Bitwise,0,0,,,121101.87386953275,406548678.729931
2025-01-03 00:00:00,Bitwise,-16213.873356323653,-55993314.52619523,,,104888.00051320909,362222318.7323265
2025-01-04 00:00:00,Bitwise,0,0,,,104888.00051320909,378093970.9699853
2025-01-05 00:00:00,Bitwise,0.000002,0.00731464,,,104888.00051520909,383608982.0442845
2025-01-06 00:00:00,Bitwise,0,0,,,104888.00051520909,381276272.91282624
2025-01-07 00:00:00,Bitwise,0,0,,,104888.00051520909,386972740.22080725
2025-01-08 00:00:00,Bitwise,0,0,,,104888.00051520909,354891696.38322544
2025-01-09 00:00:00,Bitwise,0,0,,,104888.00051520909,348999088.514281
2025-01-10 00:00:00,Bitwise,0,0,,,104888.00051520909,337804392.2192927
2025-01-11 00:00:00,Bitwise,0,0,,,104888.00051520909,342887264.72425973
2025-01-12 00:00:00,Bitwise,0,0,,,104888.00051520909,344750075.6134099
2025-01-13 00:00:00,Bitwise,-932.656112216315,-3047556.4388391534,,,103955.34440299278,339685522.92466325
2025-01-14 00:00:00,Bitwise,0.000001,0.00313728,,,103955.34440399277,326137022.89175844
2025-01-15 00:00:00,Bitwise,358.714071771,1156856.4686021928,,,104314.05847576377,336413881.72492296
2025-01-16 00:00:00,Bitwise,0,0,,,104314.05847576377,359925227.3647753
2025-01-17 00:00:00,Bitwise,0,0,,,104314.05847576377,344969720.8011051
2025-01-18 00:00:00,Bitwise,0,0,,,104314.05847576377,362438153.03345644
2025-01-19 00:00:00,Bitwise,0,0,,,104314.05847576377,344918606.9124519
2025-01-20 00:00:00,Bitwise,717.4280702,2305634.4606052497,,,105031.48654596377,337544939.88709104
2025-01-21 00:00:00,Bitwise,0,0,,,105031.48654596377,344484370.2031829
2025-01-22 00:00:00,Bitwise,932.6564910000001,3104972.0101424702,,,105964.14303696377,352772646.07436866
2025-01-23 00:00:00,Bitwise,0,0,,,105964.14303696377,343620523.0402661
2025-01-24 00:00:00,Bitwise,-932.6511039089655,-3114364.5252390523,,,105031.4919330548,350727459.7523726
2025-01-25 00:00:00,Bitwise,0,0,,,105031.4919330548,347890559.15526074
2025-01-26 00:00:00,Bitwise,0.000001,0.0033205799999999996,,,105031.4919340548,348765471.4863837
2025-01-27 00:00:00,Bitwise,1793.53086425,5808367.639182268,,,106825.0227983048,345953904.58253807
2025-01-28 00:00:00,Bitwise,-1363.0758786831566,-4336148.831472924,,,105461.94691962164,335490272.44335437
2025-01-29 00:00:00,Bitwise,0.000002,0.00615906,,,105461.94692162164,324773229.4035415
2025-01-30 00:00:00,Bitwise,-1291.3190861049425,-4023414.529340613,,,104170.6278355167,324568591.97223276
2025-01-31 00:00:00,Bitwise,0.000001,0.00324839,,,104170.6278365167,338386825.75786245
2025-02-01 00:00:00,Bitwise,-5.082890423275029,-16771.911871872147,,,104165.54494609342,343712965.3477255
2025-02-02 00:00:00,Bitwise,0,0,,,104165.54494609342,325174623.31366926
2025-02-03 00:00:00,Bitwise,0,0,,,104165.54494609342,298925947.6427032
2025-02-04 00:00:00,Bitwise,0,0,,,104165.54494609342,300408223.3472861
2025-02-05 00:00:00,Bitwise,1506.489674251,4119556.2738263295,,,105672.03462034442,288964405.55071664
2025-02-06 00:00:00,Bitwise,0,0,,,105672.03462034442,294717191.1154482
2025-02-07 00:00:00,Bitwise,0,0,,,105672.03462034442,284271510.4932271
2025-02-08 00:00:00,Bitwise,0,0,,,105672.03462034442,277371126.63251865
2025-02-09 00:00:00,Bitwise,0,0,,,105672.03462034442,278533519.01334244
2025-02-10 00:00:00,Bitwise,0,0,,,105672.03462034442,278034747.0099344
2025-02-11 00:00:00,Bitwise,0,0,,,105672.03462034442,281456407.49094117
2025-02-12 00:00:00,Bitwise,0,0,,,105672.03462034442,275304181.6353447
2025-02-13 00:00:00,Bitwise,0,0,,,105672.03462034442,289368072.7229664
2025-02-14 00:00:00,Bitwise,0,0,,,105672.03462034442,282933702.53493357
2025-02-15 00:00:00,Bitwise,0,0,,,105672.03462034442,288184545.93521845
2025-02-16 00:00:00,Bitwise,0,0,,,105672.03462034442,284926677.10787326
2025-02-17 00:00:00,Bitwise,0,0,,,105672.03462034442,281731154.78095406
2025-02-18 00:00:00,Bitwise,0,0,,,105672.03462034442,290170123.4657347
2025-02-19 00:00:00,Bitwise,0,0,,,105672.03462034442,282282762.8016722
2025-02-20 00:00:00,Bitwise,0,0,,,105672.03462034442,287192285.5301334
2025-02-21 00:00:00,Bitwise,0,0,,,105672.03462034442,289612175.12293935
2025-02-22 00:00:00,Bitwise,0,0,,,105672.03462034442,281323260.72731954
2025-02-23 00:00:00,Bitwise,0,0,,,105672.03462034442,292312095.6074891
2025-02-24 00:00:00,Bitwise,-3371.3237060231572,-9518055.939792817,,,102300.71091432126,288819459.0817483
2025-02-25 00:00:00,Bitwise,-3658.2078884405455,-9208111.658072582,,,98642.50302588071,248294030.7914746
2025-02-26 00:00:00,Bitwise,-3299.543445140132,-8234769.562339582,,,95342.95958074057,237950284.51444167
2025-02-27 00:00:00,Bitwise,-1219.3775637952624,-2847100.2861542823,,,94123.5820169453,219767269.17972526
2025-02-28 00:00:00,Bitwise,0.000002,0.00461638,,,94123.58201894531,217255110.78030938
2025-03-01 00:00:00,Bitwise,-19.315270038812447,-43240.708730488645,,,94104.26674890649,210669339.88544196
2025-03-02 00:00:00,Bitwise,0,0,,,94104.26674890649,208859714.8358605
2025-03-03 00:00:00,Bitwise,0,0,,,94104.26674890649,237009124.1484609
2025-03-04 00:00:00,Bitwise,1864.8401210000002,4008567.082095551,,,95969.10686990649,206290393.6722075
2025-03-05 00:00:00,Bitwise,0,0,,,95969.10686990649,208371003.90914708
2025-03-06 00:00:00,Bitwise,0,0,,,95969.10686990649,215250069.48958194
2025-03-07 00:00:00,Bitwise,0,0,,,95969.10686990649,211492878.95562515
2025-03-08 00:00:00,Bitwise,0,0,,,95969.10686990649,205571585.0617519
2025-03-09 00:00:00,Bitwise,0,0,,,95969.10686990649,211671381.49440315
2025-03-10 00:00:00,Bitwise,0,0,,,95969.10686990649,193826885.76301274
2025-03-11 00:00:00,Bitwise,-860.6621139445878,-1605375.8278985606,,,95108.4447559619,177403879.83440062
2025-03-12 00:00:00,Bitwise,0.000008,0.015386559999999999,,,95108.4447639619,182923973.9834232
2025-03-13 00:00:00,Bitwise,0,0,,,95108.4447639619,181603868.77009943
2025-03-14 00:00:00,Bitwise,0,0,,,95108.4447639619,177444776.48057136
2025-03-15 00:00:00,Bitwise,0,0,,,95108.4447639619,181985253.63360292
2025-03-16 00:00:00,Bitwise,0,0,,,95108.4447639619,184522746.9399054
2025-03-17 00:00:00,Bitwise,0,0,,,95108.4447639619,179736889.99938282
2025-03-18 00:00:00,Bitwise,0,0,,,95108.4447639619,183491771.39866406
2025-03-19 00:00:00,Bitwise,0,0,,,95108.4447639619,183946389.7646358
2025-03-20 00:00:00,Bitwise,0,0,,,95108.4447639619,195875841.99137953
2025-03-21 00:00:00,Bitwise,0,0,,,95108.4447639619,188690398.98946223
2025-03-22 00:00:00,Bitwise,0,0,,,95108.4447639619,187150593.26873368
2025-03-23 00:00:00,Bitwise,0,0,,,95108.4447639619,188815942.13655064
2025-03-24 00:00:00,Bitwise,0,0,,,95108.4447639619,190857920.4456329
2025-03-25 00:00:00,Bitwise,0,0,,,95108.4447639619,197874070.4158704
2025-03-26 00:00:00,Bitwise,0,0,,,95108.4447639619,196713747.38975003
2025-03-27 00:00:00,Bitwise,0,0,,,95108.4447639619,191289712.7848613
2025-03-28 00:00:00,Bitwise,0,0,,,95108.4447639619,190678165.485029
2025-03-29 00:00:00,Bitwise,0,0,,,95108.4447639619,180548165.03321943
2025-03-30 00:00:00,Bitwise,0,0,,,95108.4447639619,174077937.53592712
2025-03-31 00:00:00,Bitwise,0,0,,,95108.4447639619,172059736.33803582
2025-04-01 00:00:00,Bitwise,-17.725525141309102,-32336.675515290193,,,95090.71923882059,173473999.1073804
2025-04-02 00:00:00,Bitwise,-1362.528900959395,-2598424.365863624,,,93728.19033786119,178745282.66572157
2025-04-03 00:00:00,Bitwise,0,0,,,93728.19033786119,168286153.90591964
2025-04-04 00:00:00,Bitwise,-2007.9153712582306,-3649586.97879896,,,91720.27496660296,166710771.77929753
2025-04-05 00:00:00,Bitwise,0.000002,0.0036325,,,91720.27496860296,166586949.41172513
2025-04-06 00:00:00,Bitwise,0,0,,,91720.27496860296,165835760.35973227
2025-04-07 00:00:00,Bitwise,0,0,,,91720.27496860296,144929958.0861386
2025-04-08 00:00:00,Bitwise,0,0,,,91720.27496860296,142542479.32870585
2025-04-09 00:00:00,Bitwise,0,0,,,91720.27496860296,135147990.7607371
2025-04-10 00:00:00,Bitwise,0,0,,,91720.27496860296,153118744.23533547
2025-04-11 00:00:00,Bitwise,-1649.2905073564502,-2512001.385944462,,,90070.98446124651,137185315.01323533
2025-04-12 00:00:00,Bitwise,0,0,,,90070.98446124651,141249317.83212677
2025-04-13 00:00:00,Bitwise,0,0,,,90070.98446124651,148203698.54237962
2025-04-14 00:00:00,Bitwise,-2007.7903487604397,-3208167.8866703557,,,88063.19411248608,140712655.34457698
2025-04-15 00:00:00,Bitwise,0,0,,,88063.19411248608,143032239.87749988
2025-04-16 00:00:00,Bitwise,0,0,,,88063.19411248608,140078600.3469671
2025-04-17 00:00:00,Bitwise,0,0,,,88063.19411248608,139057947.9272034
2025-04-18 00:00:00,Bitwise,0,0,,,88063.19411248608,139518518.43241167
2025-04-19 00:00:00,Bitwise,0.000004,0.006364079999999999,,,88063.19411648608,140110303.10321167
2025-04-20 00:00:00,Bitwise,0,0,,,88063.19411648608,142179788.1649491
2025-04-21 00:00:00,Bitwise,0,0,,,88063.19411648608,139854919.84027386
2025-04-22 00:00:00,Bitwise,0,0,,,88063.19411648608,139219984.21069402
2025-04-23 00:00:00,Bitwise,3585.17048252,6297065.138907779,,,91648.36459900608,160973020.54898626
2025-04-24 00:00:00,Bitwise,0,0,,,91648.36459900608,164616043.04179674
2025-04-25 00:00:00,Bitwise,2868.14588391,5076101.948261596,,,94516.51048291607,167277210.5828745
2025-04-26 00:00:00,Bitwise,0,0,,,94516.51048291607,169001191.7340829
2025-04-27 00:00:00,Bitwise,0,0,,,94516.51048291607,172225149.9066552
2025-04-28 00:00:00,Bitwise,1003.83308999,1800153.8036172672,,,95520.34357290607,171294721.722421
2025-04-29 00:00:00,Bitwise,-1864.2554315438927,-3355212.3554754364,,,93656.08814136218,168558481.193298
2025-04-30 00:00:00,Bitwise,0,0,,,93656.08814136218,168630596.38116685
2025-05-01 00:00:00,Bitwise,-587.8382425725923,-1055587.0105700297,,,93068.2498987896,167123587.02575547
2025-05-02 00:00:00,Bitwise,0,0,,,93068.2498987896,171211144.56131032
2025-05-03 00:00:00,Bitwise,0,0,,,93068.2498987896,171613199.40087306
2025-05-04 00:00:00,Bitwise,0,0,,,93068.2498987896,170929147.76411697
2025-05-05 00:00:00,Bitwise,0,0,,,93068.2498987896,168677826.79906526
2025-05-06 00:00:00,Bitwise,0.00004448,0.0810345536,,,93068.24994326959,169553599.1116474
2025-05-07 00:00:00,Bitwise,0.000027,0.04907844,,,93068.2499702696,169172019.33595845
2025-05-08 00:00:00,Bitwise,0,0,,,93068.2499702696,168662936.00862107
2025-05-09 00:00:00,Bitwise,0,0,,,93068.2499702696,205223867.3269418
2025-05-10 00:00:00,Bitwise,0.00006,0.140676,,,93068.2500302696,218207819.0209701
2025-05-11 00:00:00,Bitwise,0,0,,,93068.2500302696,240189608.99561948
2025-05-12 00:00:00,Bitwise,0.00002,0.050247400000000005,,,93068.2500502696,233821879.37879583
2025-05-13 00:00:00,Bitwise,0.000005,0.012477550000000002,,,93068.2500552696,232252748.69542587
2025-05-14 00:00:00,Bitwise,0.000015000000000000002,0.04017765000000001,,,93068.2500702696,249284238.49571785
2025-05-15 00:00:00,Bitwise,0,0,,,93068.2500702696,242944429.30093104
2025-05-16 00:00:00,Bitwise,0.000002,0.00509888,,,93068.2500722696,237271919.46424702
2025-05-17 00:00:00,Bitwise,0.000002,0.0050818,,,93068.2500742696,236477116.61371163
2025-05-18 00:00:00,Bitwise,0,0,,,93068.2500742696,230624054.36654082
2025-05-19 00:00:00,Bitwise,0,0,,,93068.2500742696,232629675.15564132
2025-05-20 00:00:00,Bitwise,0,0,,,93068.2500742696,235461742.0054013
2025-05-21 00:00:00,Bitwise,0,0,,,93068.2500742696,235001054.1675337
2025-05-22 00:00:00,Bitwise,0,0,,,93068.2500742696,237649776.56464744
2025-05-23 00:00:00,Bitwise,2150.8015957800003,5730939.900051557,,,95219.0516700496,253716876.31794733
2025-05-24 00:00:00,Bitwise,0,0,,,95219.0516700496,240693766.62103465
2025-05-25 00:00:00,Bitwise,0,0,,,95219.0516700496,241163196.545768
2025-05-26 00:00:00,Bitwise,0,0,,,95219.0516700496,243068529.76968572
2025-05-27 00:00:00,Bitwise,0,0,,,95219.0516700496,244280668.29744545
2025-05-28 00:00:00,Bitwise,0,0,,,95219.0516700496,253603565.64645997
2025-05-29 00:00:00,Bitwise,0,0,,,95219.0516700496,255486998.48849356
2025-05-30 00:00:00,Bitwise,1705.9405474318155,4494778.035562399,,,96924.99221748141,255376030.99477568
2025-05-31 00:00:00,Bitwise,3.0599999999999996e-8,0.00007755416999999998,,,96924.99221751202,245651546.5256733
2025-06-01 00:00:00,Bitwise,1e-8,0.0000253314,,,96924.99221752201,245524574.7858937
2025-06-02 00:00:00,Bitwise,0,0,,,96924.99221752201,246187541.73266158
2025-06-03 00:00:00,Bitwise,0,0,,,96924.99221752201,253013968.9345416
2025-06-04 00:00:00,Bitwise,0,0,,,96924.99221752201,251634726.2952863
2025-06-05 00:00:00,Bitwise,0,0,,,96924.99221752201,253037230.93267384
2025-06-06 00:00:00,Bitwise,0,0,,,96924.99221752201,234500326.17107278
2025-06-07 00:00:00,Bitwise,0,0,,,96924.99221752201,240404027.44704202
2025-06-08 00:00:00,Bitwise,0,0,,,96924.99221752201,245006995.32745215
2025-06-09 00:00:00,Bitwise,0.005000000703148544,12.564001766871662,,,96924.99721752272,243553133.0081911
2025-06-10 00:00:00,Bitwise,0,0,,,96924.99721752272,259853979.04023406
2025-06-11 00:00:00,Bitwise,3010.8206569000004,8470703.0525356,,,99935.81787442272,281161428.72425836
2025-06-12 00:00:00,Bitwise,2293.954703130895,6366779.5203516735,,,102229.77257755361,283734644.59809697
2025-06-13 00:00:00,Bitwise,0,0,,,102229.77257755361,270857782.4442283
2025-06-14 00:00:00,Bitwise,0,0,,,102229.77257755361,263875488.97718135
2025-06-15 00:00:00,Bitwise,0,0,,,102229.77257755361,259235279.5998862
2025-06-16 00:00:00,Bitwise,0,0,,,102229.77257755361,260750324.82948557
2025-06-17 00:00:00,Bitwise,0,0,,,102229.77257755361,260137968.491746
2025-06-18 00:00:00,Bitwise,1433.6716931500998,3603361.760129598,,,103663.44427070371,260545627.5611013
2025-06-19 00:00:00,Bitwise,0,0,,,103663.44427070371,261909838.48770374
2025-06-20 00:00:00,Bitwise,0,0,,,103663.44427070371,261643423.43592802
2025-06-21 00:00:00,Bitwise,0,0,,,103663.44427070371,249773959.06693244
2025-06-22 00:00:00,Bitwise,0,0,,,103663.44427070371,238242437.5262594
2025-06-23 00:00:00,Bitwise,0,0,,,103663.44427070371,231169480.72366926
2025-06-24 00:00:00,Bitwise,0,0,,,103663.44427070371,250655098.34323344
2025-06-25 00:00:00,Bitwise,0,0,,,103663.44427070371,253933973.0855158
2025-06-26 00:00:00,Bitwise,2150.3966024201004,5206583.261711595,,,105813.84087312382,256198587.79882482
2025-06-27 00:00:00,Bitwise,1075.1927317901,2601557.837693962,,,106889.03360491392,258630843.4911218
2025-06-28 00:00:00,Bitwise,0,0,,,106889.03360491392,259285004.37678385
2025-06-29 00:00:00,Bitwise,0,0,,,106889.03360491392,260693801.83969665
2025-06-30 00:00:00,Bitwise,-16.77900020309664,-41973.507958056405,,,106872.25460471082,267346288.50641435
2025-07-01 00:00:00,Bitwise,0,0,,,106872.25460471082,266014660.21403965
2025-07-02 00:00:00,Bitwise,0,0,,,106872.25460471082,257411443.71836045
2025-07-03 00:00:00,Bitwise,3225.4855257301,8294916.616809583,,,110097.74013044091,283136156.33865225
2025-07-04 00:00:00,Bitwise,0,0,,,110097.74013044091,285278658.3615907
2025-07-05 00:00:00,Bitwise,0,0,,,110097.74013044091,276311197.42796624
2025-07-06 00:00:00,Bitwise,0,0,,,110097.74013044091,277341712.2755872
2025-07-07 00:00:00,Bitwise,0,0,,,110097.74013044091,283144964.1578627
2025-07-08 00:00:00,Bitwise,0,0,,,110097.74013044091,279997269.7675334
2025-07-09 00:00:00,Bitwise,1863.5527459,4873674.954242434,,,111961.29287634091,292807890.8077794
2025-07-10 00:00:00,Bitwise,1e-10,2.76779e-7,,,111961.29287634102,309885346.8102079
2025-07-11 00:00:00,Bitwise,1146.7928837101003,3381215.6062596967,,,113108.08576005112,333489011.1357923
2025-07-12 00:00:00,Bitwise,0,0,,,113108.08576005112,334288685.3021159
2025-07-13 00:00:00,Bitwise,0,0,,,113108.08576005112,332501577.54710704
2025-07-14 00:00:00,Bitwise,2866.9369110500006,8515347.3438316,,,115975.02267110112,344467852.58747786
2025-07-15 00:00:00,Bitwise,3727.0081749200003,11227574.85686475,,,119702.03084602112,360601170.90333015
2025-07-16 00:00:00,Bitwise,0,0,,,119702.03084602112,375391553.8346646
2025-07-17 00:00:00,Bitwise,4300.3534317511585,14491029.969574831,,,124002.38427777227,417854554.3723376
2025-07-18 00:00:00,Bitwise,1290.1069460900003,4483315.153704665,,,125292.49122386228,435410200.87660503
2025-07-19 00:00:00,Bitwise,0,0,,,125292.49122386228,444204480.8356079
2025-07-20 00:00:00,Bitwise,0,0,,,125292.49122386228,449995499.7799748
2025-07-21 00:00:00,Bitwise,3655.24669702,13726986.550922848,,,128947.73792088228,484252913.94283974
2025-07-22 00:00:00,Bitwise,3511.8926949000006,13208439.139080595,,,132459.63061578228,498188618.3237941
2025-07-23 00:00:00,Bitwise,0,0,,,132459.63061578228,496107677.5268202
2025-07-24 00:00:00,Bitwise,0.000008334303856827319,0.030226269826671343,,,132459.63062411657,480395316.1734023
2025-07-25 00:00:00,Bitwise,3081.8156726700004,11414552.161062054,,,135541.44629678657,502023830.45189
2025-07-26 00:00:00,Bitwise,0,0,,,135541.44629678657,504712972.7464182
2025-07-27 00:00:00,Bitwise,0,0,,,135541.44629678657,506847750.52559257
2025-07-28 00:00:00,Bitwise,2723.4298907700004,10540953.689328562,,,138264.87618755657,535150055.337652
2025-07-29 00:00:00,Bitwise,0,0,,,138264.87618755657,524542374.0365427
2025-07-30 00:00:00,Bitwise,0.00003227898559998721,0.12242483147492748,,,138264.87621983554,524398578.68773246
2025-07-31 00:00:00,Bitwise,-17.918109288898826,-68218.90077125294,,,138246.95811054663,526342113.7359598
2025-08-01 00:00:00,Bitwise,0,0,,,138246.95811054663,511415589.66876405
2025-08-02 00:00:00,Bitwise,0,0,,,138246.95811054663,482338106.9693728
2025-08-03 00:00:00,Bitwise,0,0,,,138246.95811054663,469739661.67675865
2025-08-04 00:00:00,Bitwise,-11394.970620376642,-39889576.002809085,,,126851.98749017,444061872.96771383
2025-08-05 00:00:00,Bitwise,0,0,,,126851.98749017,472134217.7992884
2025-08-06 00:00:00,Bitwise,0,0,,,126851.98749017,458534416.22046727
2025-08-07 00:00:00,Bitwise,0.000020002,0.07371917118,,,126851.987510172,467524416.64761484
2025-08-08 00:00:00,Bitwise,6449.848475129274,25212973.677158345,,,133301.83598530127,521087541.0134215
2025-08-09 00:00:00,Bitwise,0,0,,,133301.83598530127,534307084.0880838
2025-08-10 00:00:00,Bitwise,0,0,,,133301.83598530127,567839160.9301864
2025-08-11 00:00:00,Bitwise,1934.92609075,8219585.382766908,,,135236.76207605127,574487117.6666865
2025-08-12 00:00:00,Bitwise,1003.2918374098663,4238015.08332139,,,136240.05391346113,575492974.1363902
2025-08-13 00:00:00,Bitwise,0,0,,,136240.05391346113,624937214.5026636
2025-08-14 00:00:00,Bitwise,2293.2239114362674,10889763.59152006,,,138533.2778248974,657848820.4087555
2025-08-15 00:00:00,Bitwise,0,0,,,138533.2778248974,630550838.0133595
2025-08-16 00:00:00,Bitwise,0,0,,,138533.2778248974,615723621.2877607
2025-08-17 00:00:00,Bitwise,0,0,,,138533.2778248974,613092874.341866
2025-08-18 00:00:00,Bitwise,-3583.083800440561,-16036055.718033725,,,134950.19402445684,603968243.8545163
2025-08-19 00:00:00,Bitwise,-214.9832963073195,-927908.7536886893,,,134735.2107281495,581542769.1927316
2025-08-20 00:00:00,Bitwise,-9602.530003087977,-39152779.682790734,,,125132.68072506154,510208484.4275224
2025-08-21 00:00:00,Bitwise,0.000004399999999999999,0.019065816,,,125132.68072946154,542217424.176059
2025-08-22 00:00:00,Bitwise,1648.177342009999,6961538.493634993,,,126780.85807147154,535494452.70512
2025-08-23 00:00:00,Bitwise,0.0000022009999999999998,0.010622818359999998,,,126780.85807367254,611890062.1724502
2025-08-24 00:00:00,Bitwise,0,0,,,126780.85807367254,605462272.668115
2025-08-25 00:00:00,Bitwise,7524.144562927777,35985500.47677779,,,134305.00263660031,642336506.9599892
2025-08-26 00:00:00,Bitwise,2149.7729537999994,9415188.623921553,,,136454.77559040033,597620064.271229
2025-08-27 00:00:00,Bitwise,0.00004126337876186881,0.1899328566381564,,,136454.7756316637,628093144.9460101
2025-08-28 00:00:00,Bitwise,0,0,,,136454.7756316637,615361914.379576
2025-08-29 00:00:00,Bitwise,-286.62978399341574,-1294007.3576253152,,,136168.1458476703,614739264.5180584
2025-08-30 00:00:00,Bitwise,-21.568924130213368,-94140.15763721187,,,136146.5769235401,594228072.5720216
2025-08-31 00:00:00,Bitwise,0,0,,,136146.5769235401,595914928.6601043
2025-09-01 00:00:00,Bitwise,0,0,,,136146.5769235401,598323361.6058816
2025-09-02 00:00:00,Bitwise,-5445.831252169129,-23502519.476673786,,,130700.74567137097,564063901.086479
2025-09-03 00:00:00,Bitwise,-5660.7699825985355,-24482490.52853971,,,125039.97568877244,540790392.4553994
2025-09-04 00:00:00,Bitwise,4657.0242013728575,20726738.191598095,,,129696.9998901453,577234655.5910763
2025-09-05 00:00:00,Bitwise,-10676.529133769898,-45924129.18128917,,,119020.47075637539,511955843.11618066
2025-09-06 00:00:00,Bitwise,0,0,,,119020.47075637539,512903246.0634014
2025-09-07 00:00:00,Bitwise,0,0,,,119020.47075637539,508952956.6389974
2025-09-08 00:00:00,Bitwise,0,0,,,119020.47075637539,512785415.7973526
2025-09-09 00:00:00,Bitwise,0.00000745470065099973,0.03211626679763052,,,119020.47076383009,512762801.9400251
2025-09-10 00:00:00,Bitwise,0,0,,,119020.47076383009,513038929.4321973
2025-09-11 00:00:00,Bitwise,1934.5989901819999,8416298.792877674,,,120955.06975401209,526204145.0085517
2025-09-12 00:00:00,Bitwise,4442.388295813507,19814295.668051068,,,125397.4580498256,559307774.1904761
2025-09-13 00:00:00,Bitwise,0.0000061039999999999995,0.02875985056,,,125397.4580559296,590827679.2746402
2025-09-14 00:00:00,Bitwise,0,0,,,125397.4580559296,585073189.9244535
2025-09-15 00:00:00,Bitwise,3582.5169925010005,16510853.538849134,,,128979.9750484306,594433880.4049535
2025-09-16 00:00:00,Bitwise,0.000005012999999999999,0.022694201909999996,,,128979.9750534436,583901375.6651928
2025-09-17 00:00:00,Bitwise,1504.6418927884297,6778110.798633318,,,130484.61694623204,587807102.4193861
2025-09-18 00:00:00,Bitwise,-2149.4695879289407,-9872062.42874416,,,128335.1473583031,589416381.435741
2025-09-19 00:00:00,Bitwise,3797.386630278147,17428219.861260463,,,132132.53398858124,606426228.7166133
2025-09-20 00:00:00,Bitwise,0.000007003999999999998,0.03132461955999999,,,132132.53399558525,590948223.7165155
2025-09-21 00:00:00,Bitwise,0,0,,,132132.53399558525,592681802.5625377
2025-09-22 00:00:00,Bitwise,-1576.250329225014,-7017608.3282393925,,,130556.28366636024,581248324.9481658
2025-09-23 00:00:00,Bitwise,-5373.535608724825,-22587065.842357844,,,125182.74805763541,526191911.3579842
2025-09-24 00:00:00,Bitwise,-5731.691091408454,-23887567.743286613,,,119451.05696622696,497827808.54415643
2025-09-25 00:00:00,Bitwise,-1074.6866577387664,-4468267.704346778,,,118376.37030848819,492178169.88641363
2025-09-26 00:00:00,Bitwise,-7021.248270773235,-27194698.80235889,,,111355.12203771494,431300658.6764775
2025-09-27 00:00:00,Bitwise,0,0,,,111355.12203771494,449503880.4759828
2025-09-28 00:00:00,Bitwise,0,0,,,111355.12203771494,448106373.69440943
2025-09-29 00:00:00,Bitwise,0,0,,,111355.12203771494,461663859.80250126
2025-09-30 00:00:00,Bitwise,8719.20134186979,36784741.005107105,,,120074.32337958473,506571956.9602596
2025-10-01 00:00:00,Bitwise,4.03e-7,0.00167092263,,,120074.32337998773,497853360.34133893
2025-10-02 00:00:00,Bitwise,0,0,,,120074.32337998773,522360529.74319446
2025-10-03 00:00:00,Bitwise,10316.532900168724,46295957.21615216,,,130390.85628015645,585135487.1000161
2025-10-04 00:00:00,Bitwise,0.000010101,0.04561389378,,,130390.85629025745,588816421.0184188
2025-10-05 00:00:00,Bitwise,0,0,,,130390.85629025745,585487542.4573286
2025-10-06 00:00:00,Bitwise,0.0000264585432887543,0.11950265661798767,,,130390.85631671599,588923341.6400795
2025-10-07 00:00:00,Bitwise,5731.284281608004,26871699.48274729,,,136122.14059832398,638222268.4093019
2025-10-08 00:00:00,Bitwise,0.00001791491422409308,0.0797471657736969,,,136122.1406162389,605939541.6247505
2025-10-09 00:00:00,Bitwise,0,0,,,136122.1406162389,616433197.4448563
2025-10-10 00:00:00,Bitwise,-1862.6351419950574,-8139901.834032601,,,134259.50547424384,586727464.872993
2025-10-11 00:00:00,Bitwise,0,0,,,134259.50547424384,515783399.58534783
2025-10-12 00:00:00,Bitwise,4e-9,0.000015011280000000002,,,134259.50547424782,503851757.3338667
2025-10-13 00:00:00,Bitwise,0,0,,,134259.50547424782,558485977.8965024
2025-10-14 00:00:00,Bitwise,-8381.677508305453,-35589692.31834103,,,125877.82796594237,534493621.6610269
2025-10-15 00:00:00,Bitwise,3223.6992505040002,13304496.939762555,,,129101.52721644637,532813621.95972365
2025-10-16 00:00:00,Bitwise,3080.3992085240025,12281982.90027439,,,132181.92642497038,527027846.1260564
2025-10-17 00:00:00,Bitwise,-4083.2862797814937,-15904236.728297727,,,128098.6401451889,498939079.41990495
2025-10-18 00:00:00,Bitwise,1e-9,0.00000383479,,,128098.6401451899,491231384.24237275
2025-10-19 00:00:00,Bitwise,0,0,,,128098.6401451899,498682882.13961846
2025-10-20 00:00:00,Bitwise,-5372.641949357988,-21422335.244675107,,,122725.99819583191,489345372.60624063
2025-10-21 00:00:00,Bitwise,0,0,,,122725.99819583191,488771014.9346841
2025-10-22 00:00:00,Bitwise,0,0,,,122725.99819583191,475704377.90677387
2025-10-23 00:00:00,Bitwise,0,0,,,122725.99819583191,467174921.03216356
2025-10-24 00:00:00,Bitwise,-2292.2716294097377,-8841154.138335593,,,120433.72656642218,464505657.3430964
2025-10-25 00:00:00,Bitwise,0,0,,,120433.72656642218,474063277.88340765
2025-10-26 00:00:00,Bitwise,0,0,,,120433.72656642218,476453887.3557511
2025-10-27 00:00:00,Bitwise,0,0,,,120433.72656642218,500627344.95216334
2025-10-28 00:00:00,Bitwise,5372.417790202001,22145321.027924255,,,125806.14435662418,518577959.28377914
2025-10-29 00:00:00,Bitwise,2.0000010740000003e-9,0.000007968264278955622,,,125806.14435662617,501228033.9155651
2025-10-30 00:00:00,Bitwise,0,0,,,125806.14435662617,491495670.58813643
2025-10-31 00:00:00,Bitwise,-8403.78693888156,-31973383.939146336,,,117402.35741774461,446673705.1258479
2025-11-01 00:00:00,Bitwise,1.0099999999999999e-7,0.00038887928999999994,,,117402.35741784562,452033122.7423568
2025-11-02 00:00:00,Bitwise,0,0,,,117402.35741784562,455144285.2139297
2025-11-03 00:00:00,Bitwise,-1719.0978981423898,-6720074.020691472,,,115683.25951970324,452213959.29068637
2025-11-04 00:00:00,Bitwise,-1719.1023704568531,-6194321.234301247,,,113964.15714924638,410639069.96487904
2025-11-05 00:00:00,Bitwise,1.0099999999999999e-7,0.00033244149999999995,,,113964.15714934739,375113023.2570769
2025-11-06 00:00:00,Bitwise,0,0,,,113964.15714934739,390303305.76351345
2025-11-07 00:00:00,Bitwise,931.165118661,3085862.5799401808,,,114895.32226800839,380760800.08973444
2025-11-08 00:00:00,Bitwise,4.059999999999999e-7,0.0013954707199999997,,,114895.32226841438,394909010.0752124
2025-11-09 00:00:00,Bitwise,0,0,,,114895.32226841438,391078400.03078353
2025-11-10 00:00:00,Bitwise,0,0,,,114895.32226841438,411911219.8644924
2025-11-11 00:00:00,Bitwise,0,0,,,114895.32226841438,410048766.6905214
2025-11-12 00:00:00,Bitwise,-1289.2711214999238,-4407863.25187366,,,113606.05114691445,388405456.1451629
2025-11-13 00:00:00,Bitwise,0,0,,,113606.05114691445,387938535.2749491
2025-11-14 00:00:00,Bitwise,0,0,,,113606.05114691445,367454228.19264895
2025-11-15 00:00:00,Bitwise,0,0,,,113606.05114691445,353403431.7867986
2025-11-16 00:00:00,Bitwise,0,0,,,113606.05114691445,360052793.96042746
2025-11-17 00:00:00,Bitwise,0,0,,,113606.05114691445,351932233.424446
2024-07-24 00:00:00,Invesco,1600.0021125300002,5574039.359568639,,,1930.00611253,6723697.394648639
2024-07-25 00:00:00,Invesco,749.99965531,2504076.349159369,,,2680.00576784,8947922.857491156
2024-07-26 00:00:00,Invesco,1999.9876030900004,6354440.612041673,,,4679.99337093,14869462.137853634
2024-07-27 00:00:00,Invesco,0,0,,,4679.99337093,15340129.071168063
2024-07-28 00:00:00,Invesco,0,0,,,4679.99337093,15212271.652274257
2024-07-29 00:00:00,Invesco,0,0,,,4679.99337093,15323515.094701264
2024-07-30 00:00:00,Invesco,0,0,,,4679.99337093,15547780.377036227
2024-07-31 00:00:00,Invesco,0,0,,,4679.99337093,15353560.652142633
2024-08-01 00:00:00,Invesco,0,0,,,4679.99337093,15138982.956085492
2024-08-02 00:00:00,Invesco,0,0,,,4679.99337093,15000829.55177564
2024-08-03 00:00:00,Invesco,0,0,,,4679.99337093,13996315.774639225
2024-08-04 00:00:00,Invesco,0,0,,,4679.99337093,13603102.731613686
2024-08-05 00:00:00,Invesco,0,0,,,4679.99337093,12588199.369193805
2024-08-06 00:00:00,Invesco,0,0,,,4679.99337093,11325162.758247217
2024-08-07 00:00:00,Invesco,0,0,,,4679.99337093,11517229.686190184
2024-08-08 00:00:00,Invesco,0,0,,,4679.99337093,10946644.894406399
2024-08-09 00:00:00,Invesco,0,0,,,4679.99337093,12567373.398693169
2024-08-10 00:00:00,Invesco,0,0,,,4679.99337093,12170837.56037427
2024-08-11 00:00:00,Invesco,0,0,,,4679.99337093,12225078.683543347
2024-08-12 00:00:00,Invesco,0,0,,,4679.99337093,11962718.25516901
2024-08-13 00:00:00,Invesco,0,0,,,4679.99337093,12751952.337242648
2024-08-14 00:00:00,Invesco,299.95724222,811249.3594461011,,,4979.95061315,13468525.430794833
2024-08-15 00:00:00,Invesco,0,0,,,4979.95061315,13271468.785032488
2024-08-16 00:00:00,Invesco,0,0,,,4979.95061315,12809229.769119903
2024-08-17 00:00:00,Invesco,0,0,,,4979.95061315,12922722.843593592
2024-08-18 00:00:00,Invesco,0,0,,,4979.95061315,13031086.568935737
2024-08-19 00:00:00,Invesco,0,0,,,4979.95061315,13035518.72498144
2024-08-20 00:00:00,Invesco,0,0,,,4979.95061315,13140346.685388248
2024-08-21 00:00:00,Invesco,0,0,,,4979.95061315,12827555.987376297
2024-08-22 00:00:00,Invesco,0,0,,,4979.95061315,13108723.998994747
2024-08-23 00:00:00,Invesco,0,0,,,4979.95061315,13068884.394089546
2024-08-24 00:00:00,Invesco,0,0,,,4979.95061315,13768916.051780041
2024-08-25 00:00:00,Invesco,0,0,,,4979.95061315,13800339.540149016
2024-08-26 00:00:00,Invesco,0,0,,,4979.95061315,13703429.701217117
2024-08-27 00:00:00,Invesco,0,0,,,4979.95061315,13367880.628903072
2024-08-28 00:00:00,Invesco,0,0,,,4979.95061315,12256007.055505073
2024-08-29 00:00:00,Invesco,0,0,,,4979.95061315,12597781.066085555
2024-08-30 00:00:00,Invesco,0,0,,,4979.95061315,12604205.202376518
2024-08-31 00:00:00,Invesco,0,0,,,4979.95061315,12589813.145104514
2024-09-01 00:00:00,Invesco,0,0,,,4979.95061315,12533639.302188184
2024-09-02 00:00:00,Invesco,0,0,,,4979.95061315,12109745.905996855
2024-09-03 00:00:00,Invesco,0,0,,,4979.95061315,12646435.18357603
2024-09-04 00:00:00,Invesco,-1.380651213387192,-3346.5742826413484,,,4978.569961936613,12067605.516437776
2024-09-05 00:00:00,Invesco,0,0,,,4978.569961936613,12206955.689672383
2024-09-06 00:00:00,Invesco,0,0,,,4978.569961936613,11794580.739725173
2024-09-07 00:00:00,Invesco,0,0,,,4978.569961936613,11080902.735681558
2024-09-08 00:00:00,Invesco,0,0,,,4978.569961936613,11334809.803740324
2024-09-09 00:00:00,Invesco,0,0,,,4978.569961936613,11449416.484264106
2024-09-10 00:00:00,Invesco,0,0,,,4978.569961936613,11745342.68280162
2024-09-11 00:00:00,Invesco,0,0,,,4978.569961936613,11898632.851929646
2024-09-12 00:00:00,Invesco,0,0,,,4978.569961936613,11661852.064539941
2024-09-13 00:00:00,Invesco,0,0,,,4978.569961936613,11762369.392071443
2024-09-14 00:00:00,Invesco,0,0,,,4978.569961936613,12160007.774931319
2024-09-15 00:00:00,Invesco,0,0,,,4978.569961936613,12044256.023316292
2024-09-16 00:00:00,Invesco,0,0,,,4978.569961936613,11560289.237316437
2024-09-17 00:00:00,Invesco,0,0,,,4978.569961936613,11436820.702260407
2024-09-18 00:00:00,Invesco,0,0,,,4978.569961936613,11666034.063307969
2024-09-19 00:00:00,Invesco,0,0,,,4978.569961936613,11799808.238185205
2024-09-20 00:00:00,Invesco,0,0,,,4978.569961936613,12273768.098561572
2024-09-21 00:00:00,Invesco,0,0,,,4978.569961936613,12748873.030029183
2024-09-22 00:00:00,Invesco,0,0,,,4978.569961936613,13009003.31054037
2024-09-23 00:00:00,Invesco,0,0,,,4978.569961936613,12860542.35427542
2024-09-24 00:00:00,Invesco,0,0,,,4978.569961936613,13185891.901287979
2024-09-25 00:00:00,Invesco,499.7835624334406,1326065.7305333994,,,5478.3535243700535,14535605.839140577
2024-09-26 00:00:00,Invesco,0,0,,,5478.3535243700535,14137822.589736067
2024-09-27 00:00:00,Invesco,749.659268733363,1973897.8341310688,,,6228.012793103417,16398731.365008881
2024-09-28 00:00:00,Invesco,0,0,,,6228.012793103417,16794334.73762681
2024-09-29 00:00:00,Invesco,0,0,,,6228.012793103417,16679427.901594054
2024-09-30 00:00:00,Invesco,1599.2698255655978,4253529.976962053,,,7827.2826186690145,20817988.76239542
2024-10-01 00:00:00,Invesco,0,0,,,7827.2826186690145,20385922.76184489
2024-10-02 00:00:00,Invesco,-1.043217515702006,-2557.479036268939,,,7826.239401153312,19186260.679109383
2024-10-03 00:00:00,Invesco,0,0,,,7826.239401153312,18533004.476295114
2024-10-04 00:00:00,Invesco,0,0,,,7826.239401153312,18404654.150116198
2024-10-05 00:00:00,Invesco,0,0,,,7826.239401153312,18909603.116278607
2024-10-06 00:00:00,Invesco,0,0,,,7826.239401153312,18919933.752288133
2024-10-07 00:00:00,Invesco,0,0,,,7826.239401153312,19099545.9465446
2024-10-08 00:00:00,Invesco,0,0,,,7826.239401153312,18975656.576824345
2024-10-09 00:00:00,Invesco,0,0,,,7826.239401153312,19109328.74579604
2024-10-10 00:00:00,Invesco,0,0,,,7826.239401153312,18551239.6140998
2024-10-11 00:00:00,Invesco,0,0,,,7826.239401153312,18676459.444518253
2024-10-12 00:00:00,Invesco,0,0,,,7826.239401153312,19072936.73258068
2024-10-13 00:00:00,Invesco,0,0,,,7826.239401153312,19378864.43077176
2024-10-14 00:00:00,Invesco,0,0,,,7826.239401153312,19325332.953267876
2024-10-15 00:00:00,Invesco,399.77043841512915,1051000.4802977587,,,8226.009839568442,21626262.12832383
2024-10-16 00:00:00,Invesco,0.00019166284107199997,0.4994369478938282,,,8226.010031231282,21435419.199482787
2024-10-17 00:00:00,Invesco,0,0,,,8226.010031231282,21481813.896058932
2024-10-18 00:00:00,Invesco,199.88279989145107,520500.8074013354,,,8425.892831122734,21941277.709028535
2024-10-19 00:00:00,Invesco,0,0,,,8425.892831122734,22260197.75268653
2024-10-20 00:00:00,Invesco,0,0,,,8425.892831122734,22304686.466834854
2024-10-21 00:00:00,Invesco,0,0,,,8425.892831122734,23124778.61608803
2024-10-22 00:00:00,Invesco,0,0,,,8425.892831122734,22465789.537765924
2024-10-23 00:00:00,Invesco,0,0,,,8425.892831122734,22093533.592486918
2024-10-24 00:00:00,Invesco,399.74811857399993,1008496.5459820442,,,8825.640949696734,22265591.75712341
2024-10-25 00:00:00,Invesco,0,0,,,8825.640949696734,22372999.807481218
2024-10-26 00:00:00,Invesco,0,0,,,8825.640949696734,21533593.09675556
2024-10-27 00:00:00,Invesco,0,0,,,8825.640949696734,21910094.939669628
2024-10-28 00:00:00,Invesco,0,0,,,8825.640949696734,22126234.8865277
2024-10-29 00:00:00,Invesco,0,0,,,8825.640949696734,22658421.035794415
2024-10-30 00:00:00,Invesco,0,0,,,8825.640949696734,23288571.79960276
2024-10-31 00:00:00,Invesco,0,0,,,8825.640949696734,23475234.105688844
2024-11-01 00:00:00,Invesco,0,0,,,8825.640949696734,22229053.603591666
2024-11-02 00:00:00,Invesco,0,0,,,8825.640949696734,22182807.245015252
2024-11-03 00:00:00,Invesco,0,0,,,8825.640949696734,22009383.400353715
2024-11-04 00:00:00,Invesco,198.11719166079973,487088.9462453257,,,9023.758141357534,22185721.52876022
2024-11-05 00:00:00,Invesco,0,0,,,9023.758141357534,21652597.897768818
2024-11-06 00:00:00,Invesco,0,0,,,9023.758141357534,21876657.812418725
2024-11-07 00:00:00,Invesco,0,0,,,9023.758141357534,24558338.256867353
2024-11-08 00:00:00,Invesco,799.411467461887,2313664.663242868,,,9823.16960881942,28430315.713541254
2024-11-09 00:00:00,Invesco,0,0,,,9823.16960881942,29097505.39337227
2024-11-10 00:00:00,Invesco,0,0,,,9823.16960881942,30718917.769004002
2024-11-11 00:00:00,Invesco,0,0,,,9823.16960881942,31312237.213376697
2024-11-12 00:00:00,Invesco,0,0,,,9823.16960881942,33145830.05255893
2024-11-13 00:00:00,Invesco,0,0,,,9823.16960881942,31899957.45107236
2024-11-14 00:00:00,Invesco,0,0,,,9823.16960881942,31362138.9149895
2024-11-15 00:00:00,Invesco,299.7678773633938,917982.1685286944,,,10122.937486182815,30999572.693312496
2024-11-16 00:00:00,Invesco,0,0,,,10122.937486182815,31308828.43351538
2024-11-17 00:00:00,Invesco,0,0,,,10122.937486182815,31748467.6085403
2024-11-18 00:00:00,Invesco,0,0,,,10122.937486182815,31164981.491836723
2024-11-19 00:00:00,Invesco,0,0,,,10122.937486182815,32493718.266273078
2024-11-20 00:00:00,Invesco,0,0,,,10122.937486182815,31499949.49325451
2024-11-21 00:00:00,Invesco,0,0,,,10122.937486182815,31114366.80440581
2024-11-22 00:00:00,Invesco,0,0,,,10122.937486182815,34000315.05234166
2024-11-23 00:00:00,Invesco,0,0,,,10122.937486182815,33700271.185251206
2024-11-24 00:00:00,Invesco,0,0,,,10122.937486182815,34372940.381208055
2024-11-25 00:00:00,Invesco,0,0,,,10122.937486182815,34046374.417903796
2024-11-26 00:00:00,Invesco,0,0,,,10122.937486182815,34559303.66032868
2024-11-27 00:00:00,Invesco,-349.70393126357305,-1163213.192483398,,,9773.233554919241,32508511.309056774
2024-11-28 00:00:00,Invesco,0,0,,,9773.233554919241,35738858.19596423
2024-11-29 00:00:00,Invesco,0,0,,,9773.233554919241,34987003.3385843
2024-11-30 00:00:00,Invesco,0,0,,,9773.233554919241,35109657.41969853
2024-12-01 00:00:00,Invesco,0,0,,,9773.233554919241,36184810.84307519
2024-12-02 00:00:00,Invesco,0,0,,,9773.233554919241,36233188.34917204
2024-12-03 00:00:00,Invesco,-1999.9247932489664,-7284746.058657293,,,7773.308761670275,28314354.897471596
2024-12-04 00:00:00,Invesco,0,0,,,7773.308761670275,28111704.73805485
2024-12-05 00:00:00,Invesco,0,0,,,7773.308761670275,29842198.734577887
2024-12-06 00:00:00,Invesco,0,0,,,7773.308761670275,29473588.433099482
2024-12-07 00:00:00,Invesco,0,0,,,7773.308761670275,31124095.08246493
2024-12-08 00:00:00,Invesco,0,0,,,7773.308761670275,31086627.73423368
2024-12-09 00:00:00,Invesco,0,0,,,7773.308761670275,31123939.616289698
2024-12-10 00:00:00,Invesco,0,0,,,7773.308761670275,28915542.597099174
2024-12-11 00:00:00,Invesco,0,0,,,7773.308761670275,28228148.90330467
2024-12-12 00:00:00,Invesco,0,0,,,7773.308761670275,29787008.242370028
2024-12-13 00:00:00,Invesco,0,0,,,7773.308761670275,30176917.409855407
2024-12-14 00:00:00,Invesco,0,0,,,7773.308761670275,30372027.459773332
2024-12-15 00:00:00,Invesco,0,0,,,7773.308761670275,30085814.231168635
2024-12-16 00:00:00,Invesco,0,0,,,7773.308761670275,30725402.076078862
2024-12-17 00:00:00,Invesco,0,0,,,7773.308761670275,31005785.32311231
2024-12-18 00:00:00,Invesco,0,0,,,7773.308761670275,30239958.943912555
2024-12-19 00:00:00,Invesco,0,0,,,7773.308761670275,28184618.374239318
2024-12-20 00:00:00,Invesco,-699.2975821744245,-2391793.534359541,,,7074.01117949585,24195098.957006067
2024-12-21 00:00:00,Invesco,0,0,,,7074.01117949585,24576600.379916277
2024-12-22 00:00:00,Invesco,0,0,,,7074.01117949585,23620052.588224847
2024-12-23 00:00:00,Invesco,0.000001,0.0032815599999999998,,,7074.011180495851,23213792.129467964
2024-12-24 00:00:00,Invesco,0,0,,,7074.011180495851,24189934.93226459
2024-12-25 00:00:00,Invesco,0,0,,,7074.011180495851,24717231.72565875
2024-12-26 00:00:00,Invesco,0,0,,,7074.011180495851,24726923.120976027
2024-12-27 00:00:00,Invesco,0,0,,,7074.011180495851,23583833.6543197
2024-12-28 00:00:00,Invesco,0,0,,,7074.011180495851,23562894.581225432
2024-12-29 00:00:00,Invesco,0,0,,,7074.011180495851,24065220.115152445
2024-12-30 00:00:00,Invesco,0,0,,,7074.011180495851,23733307.51056358
2024-12-31 00:00:00,Invesco,0,0,,,7074.011180495851,23767262.76422996
2025-01-01 00:00:00,Invesco,0,0,,,7074.011180495851,23588714.722034242
2025-01-02 00:00:00,Invesco,0,0,,,7074.011180495851,23748021.45381901
2025-01-03 00:00:00,Invesco,-1.737651201826768,-6000.839413412597,,,7072.273529294024,24423530.85153457
2025-01-04 00:00:00,Invesco,0,0,,,7072.273529294024,25493707.28198734
2025-01-05 00:00:00,Invesco,0,0,,,7072.273529294024,25865567.424157623
2025-01-06 00:00:00,Invesco,0,0,,,7072.273529294024,25708280.06086612
2025-01-07 00:00:00,Invesco,0,0,,,7072.273529294024,26092375.23624208
2025-01-08 00:00:00,Invesco,0,0,,,7072.273529294024,23929249.65457221
2025-01-09 00:00:00,Invesco,0,0,,,7072.273529294024,23531929.327696472
2025-01-10 00:00:00,Invesco,0,0,,,7072.273529294024,22777105.57391492
2025-01-11 00:00:00,Invesco,0,0,,,7072.273529294024,23119827.94914451
2025-01-12 00:00:00,Invesco,0,0,,,7072.273529294024,23245431.527024772
2025-01-13 00:00:00,Invesco,0,0,,,7072.273529294024,23109431.707056448
2025-01-14 00:00:00,Invesco,0,0,,,7072.273529294024,22187702.297983557
2025-01-15 00:00:00,Invesco,0,0,,,7072.273529294024,22808152.854708523
2025-01-16 00:00:00,Invesco,0,0,,,7072.273529294024,24402172.5854761
2025-01-17 00:00:00,Invesco,0,0,,,7072.273529294024,23388220.72958122
2025-01-18 00:00:00,Invesco,0,0,,,7072.273529294024,24572543.654796794
2025-01-19 00:00:00,Invesco,0,0,,,7072.273529294024,23384755.315551862
2025-01-20 00:00:00,Invesco,0,0,,,7072.273529294024,22728519.05476867
2025-01-21 00:00:00,Invesco,0,0,,,7072.273529294024,23195784.16684913
2025-01-22 00:00:00,Invesco,0,0,,,7072.273529294024,23544800.865519788
2025-01-23 00:00:00,Invesco,0,0,,,7072.273529294024,22933968.60079466
2025-01-24 00:00:00,Invesco,0,0,,,7072.273529294024,23616160.105430365
2025-01-25 00:00:00,Invesco,0,0,,,7072.273529294024,23425137.997404132
2025-01-26 00:00:00,Invesco,0,0,,,7072.273529294024,23484050.035903152
2025-01-27 00:00:00,Invesco,599.24131272,1940648.9836568474,,,7671.514842014024,24844277.53101084
2025-01-28 00:00:00,Invesco,0,0,,,7671.514842014024,24404239.439672913
2025-01-29 00:00:00,Invesco,0,0,,,7671.514842014024,23624660.101427447
2025-01-30 00:00:00,Invesco,0,0,,,7671.514842014024,23902445.653856773
2025-01-31 00:00:00,Invesco,0,0,,,7671.514842014024,24920072.097649936
2025-02-01 00:00:00,Invesco,0,0,,,7671.514842014024,25313544.093896832
2025-02-02 00:00:00,Invesco,0,0,,,7671.514842014024,23948244.5974636
2025-02-03 00:00:00,Invesco,0,0,,,7671.514842014024,22015099.572424483
2025-02-04 00:00:00,Invesco,-1.877750426515661,-5415.3383425498405,,,7669.637091587509,22118849.890283793
2025-02-05 00:00:00,Invesco,0,0,,,7669.637091587509,20972929.412429705
2025-02-06 00:00:00,Invesco,0,0,,,7669.637091587509,21390464.45569573
2025-02-07 00:00:00,Invesco,0,0,,,7669.637091587509,20632320.829192307
2025-02-08 00:00:00,Invesco,0,0,,,7669.637091587509,20131493.52711164
2025-02-09 00:00:00,Invesco,0,0,,,7669.637091587509,20215859.5351191
2025-02-10 00:00:00,Invesco,0,0,,,7669.637091587509,20179658.84804681
2025-02-11 00:00:00,Invesco,0,0,,,7669.637091587509,20428001.697072413
2025-02-12 00:00:00,Invesco,0,0,,,7669.637091587509,19981475.42560019
2025-02-13 00:00:00,Invesco,0,0,,,7669.637091587509,21002227.42611957
2025-02-14 00:00:00,Invesco,0,0,,,7669.637091587509,20535223.223612804
2025-02-15 00:00:00,Invesco,0,0,,,7669.637091587509,20916327.49069379
2025-02-16 00:00:00,Invesco,0,0,,,7669.637091587509,20679872.579160146
2025-02-17 00:00:00,Invesco,0,0,,,7669.637091587509,20447942.753510542
2025-02-18 00:00:00,Invesco,0,0,,,7669.637091587509,21060439.97164472
2025-02-19 00:00:00,Invesco,0,0,,,7669.637091587509,20487978.259128626
2025-02-20 00:00:00,Invesco,0,0,,,7669.637091587509,20844309.59840378
2025-02-21 00:00:00,Invesco,0,0,,,7669.637091587509,21019944.28780114
2025-02-22 00:00:00,Invesco,0,0,,,7669.637091587509,20418337.954337012
2025-02-23 00:00:00,Invesco,0,0,,,7669.637091587509,21215903.515491195
2025-02-24 00:00:00,Invesco,0,0,,,7669.637091587509,21653226.222453516
2025-02-25 00:00:00,Invesco,0,0,,,7669.637091587509,19305320.219605833
2025-02-26 00:00:00,Invesco,0,0,,,7669.637091587509,19141343.378587693
2025-02-27 00:00:00,Invesco,0,0,,,7669.637091587509,17907682.252405845
2025-02-28 00:00:00,Invesco,0,0,,,7669.637091587509,17702979.63843137
2025-03-01 00:00:00,Invesco,0,0,,,7669.637091587509,17169863.164195124
2025-03-02 00:00:00,Invesco,0,0,,,7669.637091587509,17022376.042923894
2025-03-03 00:00:00,Invesco,0,0,,,7669.637091587509,19316594.586130466
2025-03-04 00:00:00,Invesco,-1.873739191217346,-4027.6960784812463,,,7667.763352396291,16482240.71414345
2025-03-05 00:00:00,Invesco,0,0,,,7667.763352396291,16648477.8236234
2025-03-06 00:00:00,Invesco,0,0,,,7667.763352396291,17198103.100723166
2025-03-07 00:00:00,Invesco,0,0,,,7667.763352396291,16897910.16547685
2025-03-08 00:00:00,Invesco,0,0,,,7667.763352396291,16424809.166633999
2025-03-09 00:00:00,Invesco,0,0,,,7667.763352396291,16912172.205312308
2025-03-10 00:00:00,Invesco,0,0,,,7667.763352396291,15486428.287567742
2025-03-11 00:00:00,Invesco,0,0,,,7667.763352396291,14302525.625957754
2025-03-12 00:00:00,Invesco,0,0,,,7667.763352396291,14747562.610930834
2025-03-13 00:00:00,Invesco,0,0,,,7667.763352396291,14641134.055599576
2025-03-14 00:00:00,Invesco,0,0,,,7667.763352396291,14305822.764199285
2025-03-15 00:00:00,Invesco,0,0,,,7667.763352396291,14671881.786642684
2025-03-16 00:00:00,Invesco,0,0,,,7667.763352396291,14876457.712884618
2025-03-17 00:00:00,Invesco,549.06769177,1037633.6145838636,,,8216.83104416629,15528249.475575898
2025-03-18 00:00:00,Invesco,0,0,,,8216.83104416629,15852649.965199582
2025-03-19 00:00:00,Invesco,0,0,,,8216.83104416629,15891926.417590696
2025-03-20 00:00:00,Invesco,0,0,,,8216.83104416629,16922563.535460476
2025-03-21 00:00:00,Invesco,0,0,,,8216.83104416629,16301781.950073713
2025-03-22 00:00:00,Invesco,0,0,,,8216.83104416629,16168751.45546866
2025-03-23 00:00:00,Invesco,0,0,,,8216.83104416629,16312628.167052012
2025-03-24 00:00:00,Invesco,0,0,,,8216.83104416629,16489043.529570263
2025-03-25 00:00:00,Invesco,0,0,,,8216.83104416629,17095199.15569841
2025-03-26 00:00:00,Invesco,-698.7660511682395,-1445264.8112917815,,,7518.064992998051,15549689.005667798
2025-03-27 00:00:00,Invesco,0,0,,,7518.064992998051,15120933.759117119
2025-03-28 00:00:00,Invesco,0,0,,,7518.064992998051,15072592.601212142
2025-03-29 00:00:00,Invesco,0,0,,,7518.064992998051,14271843.49880792
2025-03-30 00:00:00,Invesco,0,0,,,7518.064992998051,13760389.537334261
2025-03-31 00:00:00,Invesco,0,0,,,7518.064992998051,13600856.198182844
2025-04-01 00:00:00,Invesco,0,0,,,7518.064992998051,13715205.966726344
2025-04-02 00:00:00,Invesco,-1.75436143004645,-3345.672508784383,,,7516.310631568004,14334055.353038078
2025-04-03 00:00:00,Invesco,0,0,,,7516.310631568004,13495310.249661405
2025-04-04 00:00:00,Invesco,0,0,,,7516.310631568004,13661646.203938004
2025-04-05 00:00:00,Invesco,0.000002,0.0036325,,,7516.310633568004,13651499.188217888
2025-04-06 00:00:00,Invesco,0,0,,,7516.310633568004,13589940.604128964
2025-04-07 00:00:00,Invesco,0,0,,,7516.310633568004,11876747.92141981
2025-04-08 00:00:00,Invesco,0,0,,,7516.310633568004,11681098.355628034
2025-04-09 00:00:00,Invesco,0,0,,,7516.310633568004,11075133.392349783
2025-04-10 00:00:00,Invesco,0,0,,,7516.310633568004,12547804.134784762
2025-04-11 00:00:00,Invesco,0,0,,,7516.310633568004,11447942.399774754
2025-04-12 00:00:00,Invesco,0,0,,,7516.310633568004,11787078.335561344
2025-04-13 00:00:00,Invesco,0,0,,,7516.310633568004,12367412.67957913
2025-04-14 00:00:00,Invesco,0,0,,,7516.310633568004,12010012.10895297
2025-04-15 00:00:00,Invesco,0,0,,,7516.310633568004,12207991.731041152
2025-04-16 00:00:00,Invesco,0,0,,,7516.310633568004,11955894.672391282
2025-04-17 00:00:00,Invesco,0,0,,,7516.310633568004,11868780.632148229
2025-04-18 00:00:00,Invesco,0,0,,,7516.310633568004,11908090.936761789
2025-04-19 00:00:00,Invesco,0,0,,,7516.310633568004,11958600.544219365
2025-04-20 00:00:00,Invesco,0,0,,,7516.310633568004,12135233.844108215
2025-04-21 00:00:00,Invesco,0,0,,,7516.310633568004,11936803.243382018
2025-04-22 00:00:00,Invesco,0,0,,,7516.310633568004,11882610.643713994
2025-04-23 00:00:00,Invesco,0,0,,,7516.310633568004,13201798.323011514
2025-04-24 00:00:00,Invesco,0,0,,,7516.310633568004,13500571.670695843
2025-04-25 00:00:00,Invesco,0,0,,,7516.310633568004,13302516.885501325
2025-04-26 00:00:00,Invesco,0,0,,,7516.310633568004,13439614.391457604
2025-04-27 00:00:00,Invesco,0,0,,,7516.310633568004,13695995.74716861
2025-04-28 00:00:00,Invesco,998.0177586200002,1789725.286178074,,,8514.328392188005,15268574.819142904
2025-04-29 00:00:00,Invesco,0,0,,,8514.328392188005,15323747.667124283
2025-04-30 00:00:00,Invesco,0,0,,,8514.328392188005,15330303.699986268
2025-05-01 00:00:00,Invesco,0,0,,,8514.328392188005,15289264.637135923
2025-05-02 00:00:00,Invesco,-1.429980509732162,-2630.6350451185776,,,8512.898411678272,15660583.305075701
2025-05-03 00:00:00,Invesco,0,0,,,8512.898411678272,15697359.02621415
2025-05-04 00:00:00,Invesco,0,0,,,8512.898411678272,15634789.222888313
2025-05-05 00:00:00,Invesco,0,0,,,8512.898411678272,15428862.210309818
2025-05-06 00:00:00,Invesco,0,0,,,8512.898411678272,15508968.58436371
2025-05-07 00:00:00,Invesco,0.000008,0.014541759999999999,,,8512.898419678273,15474065.71541759
2025-05-08 00:00:00,Invesco,0,0,,,8512.898419678273,15427500.16106195
2025-05-09 00:00:00,Invesco,0,0,,,8512.898419678273,18771707.176248364
2025-05-10 00:00:00,Invesco,0,0,,,8512.898419678273,19959341.63477768
2025-05-11 00:00:00,Invesco,0,0,,,8512.898419678273,21970003.11252149
2025-05-12 00:00:00,Invesco,0,0,,,8512.898419678273,21387550.602647103
2025-05-13 00:00:00,Invesco,0,0,,,8512.898419678273,21244023.13529133
2025-05-14 00:00:00,Invesco,0,0,,,8512.898419678273,22801883.546092454
2025-05-15 00:00:00,Invesco,0,0,,,8512.898419678273,22221984.905743968
2025-05-16 00:00:00,Invesco,0,0,,,8512.898419678273,21703123.747064576
2025-05-17 00:00:00,Invesco,0.000001,0.0025409,,,8512.898420678273,21630423.597101424
2025-05-18 00:00:00,Invesco,0.000001,0.00247801,,,8512.898421678274,21095047.41790298
2025-05-19 00:00:00,Invesco,0,0,,,8512.898421678274,21278500.378890146
2025-05-20 00:00:00,Invesco,0,0,,,8512.898421678274,21537547.877861813
2025-05-21 00:00:00,Invesco,0,0,,,8512.898421678274,21495409.03067451
2025-05-22 00:00:00,Invesco,0,0,,,8512.898421678274,21737686.119755473
2025-05-23 00:00:00,Invesco,0,0,,,8512.898421678274,22683128.61846706
2025-05-24 00:00:00,Invesco,0,0,,,8512.898421678274,21518819.501334123
2025-05-25 00:00:00,Invesco,0,0,,,8512.898421678274,21560788.090552997
2025-05-26 00:00:00,Invesco,0,0,,,8512.898421678274,21731131.18797078
2025-05-27 00:00:00,Invesco,0,0,,,8512.898421678274,21839500.384878743
2025-05-28 00:00:00,Invesco,0,0,,,8512.898421678274,22672998.26934526
2025-05-29 00:00:00,Invesco,598.69720591,1606394.4080374164,,,9111.595627588275,24447777.80816348
2025-05-30 00:00:00,Invesco,7.07e-8,0.00018627894600000002,,,9111.595627658975,24007049.927843317
2025-05-31 00:00:00,Invesco,1.316e-7,0.00033353361999999997,,,9111.595627790575,23092883.53885382
2025-06-01 00:00:00,Invesco,1e-8,0.0000253314,,,9111.595627800576,23080947.34860675
2025-06-02 00:00:00,Invesco,0,0,,,9111.595627800576,23143270.662700906
2025-06-03 00:00:00,Invesco,-1.680848405487652,-4387.703486169022,,,9109.914779395089,23780612.639280733
2025-06-04 00:00:00,Invesco,0.0000075801000000000005,0.019679304018,,,9109.914786975189,23650978.571649242
2025-06-05 00:00:00,Invesco,0,0,,,9109.914786975189,23782799.038616776
2025-06-06 00:00:00,Invesco,0,0,,,9109.914786975189,22040527.83560777
2025-06-07 00:00:00,Invesco,0,0,,,9109.914786975189,22595412.74528243
2025-06-08 00:00:00,Invesco,0,0,,,9109.914786975189,23028042.598515883
2025-06-09 00:00:00,Invesco,0.004000000200903742,10.051200504830923,,,9109.91878697539,22891403.927911762
2025-06-10 00:00:00,Invesco,0,0,,,9109.91878697539,24423510.06950528
2025-06-11 00:00:00,Invesco,0,0,,,9109.91878697539,25630027.7136523
2025-06-12 00:00:00,Invesco,0,0,,,9109.91878697539,25284215.196498714
2025-06-13 00:00:00,Invesco,0,0,,,9109.91878697539,24136729.826091293
2025-06-14 00:00:00,Invesco,0,0,,,9109.91878697539,23514522.372940876
2025-06-15 00:00:00,Invesco,0,0,,,9109.91878697539,23101023.15920006
2025-06-16 00:00:00,Invesco,0,0,,,9109.91878697539,23236032.155623037
2025-06-17 00:00:00,Invesco,0,0,,,9109.91878697539,23181463.742089055
2025-06-18 00:00:00,Invesco,0,0,,,9109.91878697539,22896687.680808205
2025-06-19 00:00:00,Invesco,0,0,,,9109.91878697539,23016574.2120448
2025-06-20 00:00:00,Invesco,0,0,,,9109.91878697539,22993161.72076227
2025-06-21 00:00:00,Invesco,0,0,,,9109.91878697539,21950076.01965359
2025-06-22 00:00:00,Invesco,0,0,,,9109.91878697539,20936688.65379045
2025-06-23 00:00:00,Invesco,0,0,,,9109.91878697539,20315118.894955117
2025-06-24 00:00:00,Invesco,0,0,,,9109.91878697539,22027510.32934288
2025-06-25 00:00:00,Invesco,0,0,,,9109.91878697539,22315657.060574915
2025-06-26 00:00:00,Invesco,0,0,,,9109.91878697539,22057117.565400552
2025-06-27 00:00:00,Invesco,0,0,,,9109.91878697539,22042541.69534139
2025-06-28 00:00:00,Invesco,0,0,,,9109.91878697539,22098294.39831768
2025-06-29 00:00:00,Invesco,0,0,,,9109.91878697539,22218363.12793002
2025-06-30 00:00:00,Invesco,0,0,,,9109.91878697539,22788917.34155829
2025-07-01 00:00:00,Invesco,0,0,,,9109.91878697539,22675407.753472574
2025-07-02 00:00:00,Invesco,-1.963878480266585,-4730.178068785294,,,9107.954908495123,21937329.11305227
2025-07-03 00:00:00,Invesco,0,0,,,9107.954908495123,23422745.479078736
2025-07-04 00:00:00,Invesco,0,0,,,9107.954908495123,23599986.281598054
2025-07-05 00:00:00,Invesco,0,0,,,9107.954908495123,22858143.354301125
2025-07-06 00:00:00,Invesco,0,0,,,9107.954908495123,22943393.812244643
2025-07-07 00:00:00,Invesco,0,0,,,9107.954908495123,23423474.11547142
2025-07-08 00:00:00,Invesco,0,0,,,9107.954908495123,23163077.684637543
2025-07-09 00:00:00,Invesco,0,0,,,9107.954908495123,23819670.153990958
2025-07-10 00:00:00,Invesco,0,0,,,9107.954908495123,25208906.516183715
2025-07-11 00:00:00,Invesco,0,0,,,9107.954908495123,26853985.331756104
2025-07-12 00:00:00,Invesco,0,0,,,9107.954908495123,26918378.572959166
2025-07-13 00:00:00,Invesco,0,0,,,9107.954908495123,26774472.88540494
2025-07-14 00:00:00,Invesco,0,0,,,9107.954908495123,27052356.58966313
2025-07-15 00:00:00,Invesco,0,0,,,9107.954908495123,27437623.08229247
2025-07-16 00:00:00,Invesco,0,0,,,9107.954908495123,28563001.99078613
2025-07-17 00:00:00,Invesco,1097.2348159011594,3697385.076186614,,,10205.189724396283,34388733.96998989
2025-07-18 00:00:00,Invesco,0,0,,,10205.189724396283,35464565.070735745
2025-07-19 00:00:00,Invesco,0,0,,,10205.189724396283,36180867.33749112
2025-07-20 00:00:00,Invesco,0,0,,,10205.189724396283,36652551.206552714
2025-07-21 00:00:00,Invesco,0,0,,,10205.189724396283,38324773.59479229
2025-07-22 00:00:00,Invesco,0,0,,,10205.189724396283,38382330.864837885
2025-07-23 00:00:00,Invesco,0,0,,,10205.189724396283,38222007.334267616
2025-07-24 00:00:00,Invesco,0,0,,,10205.189724396283,37011467.729159735
2025-07-25 00:00:00,Invesco,0,0,,,10205.189724396283,37798389.90880793
2025-07-26 00:00:00,Invesco,0,0,,,10205.189724396283,38000860.87293995
2025-07-27 00:00:00,Invesco,0,0,,,10205.189724396283,38161592.61109919
2025-07-28 00:00:00,Invesco,0,0,,,10205.189724396283,39498880.67258408
2025-07-29 00:00:00,Invesco,0,0,,,10205.189724396283,38715938.5169284
2025-07-30 00:00:00,Invesco,0,0,,,10205.189724396283,38705325.119615026
2025-07-31 00:00:00,Invesco,0,0,,,10205.189724396283,38853810.630104996
2025-08-01 00:00:00,Invesco,0,0,,,10205.189724396283,37751956.295561925
2025-08-02 00:00:00,Invesco,0,0,,,10205.189724396283,35605498.740829654
2025-08-03 00:00:00,Invesco,0,0,,,10205.189724396283,34675499.80124542
2025-08-04 00:00:00,Invesco,-2395.5959051009936,-8386094.893273692,,,7809.593819295289,27338498.411639668
2025-08-05 00:00:00,Invesco,0,0,,,7809.593819295289,29066761.523849715
2025-08-06 00:00:00,Invesco,0,0,,,7809.593819295289,28229494.970483065
2025-08-07 00:00:00,Invesco,0,0,,,7809.593819295289,28782960.884456526
2025-08-08 00:00:00,Invesco,997.3395669210001,3898680.154259543,,,8806.93338621629,34427007.16139037
2025-08-09 00:00:00,Invesco,0,0,,,8806.93338621629,35300390.74530144
2025-08-10 00:00:00,Invesco,0,0,,,8806.93338621629,37515774.83860415
2025-08-11 00:00:00,Invesco,299.20219286099996,1271013.9072954564,,,9106.135579077289,38682955.00127611
2025-08-12 00:00:00,Invesco,1e-9,0.00000422411,,,9106.135579078289,38465318.36094039
2025-08-13 00:00:00,Invesco,0,0,,,9106.135579078289,41770117.085299484
2025-08-14 00:00:00,Invesco,0,0,,,9106.135579078289,43242032.8403017
2025-08-15 00:00:00,Invesco,498.655189416,2269688.933249654,,,9604.79076849429,43717357.757693976
2025-08-16 00:00:00,Invesco,0,0,,,9604.79076849429,42689357.001742035
2025-08-17 00:00:00,Invesco,0,0,,,9604.79076849429,42506962.02504833
2025-08-18 00:00:00,Invesco,0,0,,,9604.79076849429,42986145.0364885
2025-08-19 00:00:00,Invesco,0,0,,,9604.79076849429,41456101.86706736
2025-08-20 00:00:00,Invesco,-1795.0739618594675,-7319126.867648082,,,7809.716806634822,31842870.724364426
2025-08-21 00:00:00,Invesco,0.0000011,0.004766454000000001,,,7809.716807734822,33840596.288268074
2025-08-22 00:00:00,Invesco,0.0000021999999999999997,0.009292315999999998,,,7809.716809934823,32986525.667466503
2025-08-23 00:00:00,Invesco,0,0,,,7809.716809934823,37692504.82279703
2025-08-24 00:00:00,Invesco,0,0,,,7809.716809934823,37296552.180533335
2025-08-25 00:00:00,Invesco,0,0,,,7809.716809934823,37351298.29537098
2025-08-26 00:00:00,Invesco,498.6206985000001,2183769.1835645703,,,8308.337508434823,36387361.11869132
2025-08-27 00:00:00,Invesco,0.0000032999999999999997,0.015189701999999998,,,8308.337511734822,38242779.06626468
2025-08-28 00:00:00,Invesco,0,0,,,8308.337511734822,37467611.176419824
2025-08-29 00:00:00,Invesco,0,0,,,8308.337511734822,37508488.19697756
2025-08-30 00:00:00,Invesco,0,0,,,8308.337511734822,36262736.07046804
2025-08-31 00:00:00,Invesco,0,0,,,8308.337511734822,36365676.372238435
2025-09-01 00:00:00,Invesco,0,0,,,8308.337511734822,36512650.86282102
2025-09-02 00:00:00,Invesco,0,0,,,8308.337511734822,35856209.116018854
2025-09-03 00:00:00,Invesco,-1.827938007093598,-7905.722204399385,,,8306.509573727728,35925155.515797995
2025-09-04 00:00:00,Invesco,0,0,,,8306.509573727728,36969283.76921558
2025-09-05 00:00:00,Invesco,-498.5740198791224,-2144571.274848256,,,7807.935553848605,33585132.070679925
2025-09-06 00:00:00,Invesco,0,0,,,7807.935553848605,33647283.237688564
2025-09-07 00:00:00,Invesco,0,0,,,7807.935553848605,33388137.85665633
2025-09-08 00:00:00,Invesco,0,0,,,7807.935553848605,33639553.38149025
2025-09-09 00:00:00,Invesco,0.001,4.30819,,,7807.936553848605,33638074.18192502
2025-09-10 00:00:00,Invesco,-0.000986161161468,-4.250857548119429,,,7807.935567687444,33656184.343872406
2025-09-11 00:00:00,Invesco,997.1063224733248,4337821.316351177,,,8805.041890160768,38305542.28937431
2025-09-12 00:00:00,Invesco,0,0,,,8805.041890160768,39272952.24184627
2025-09-13 00:00:00,Invesco,0,0,,,8805.041890160768,41486187.57135709
2025-09-14 00:00:00,Invesco,0,0,,,8805.041890160768,41082124.19901761
2025-09-15 00:00:00,Invesco,0,0,,,8805.041890160768,40580060.710440636
2025-09-16 00:00:00,Invesco,0,0,,,8805.041890160768,39861040.9896901
2025-09-17 00:00:00,Invesco,0,0,,,8805.041890160768,39664952.70679623
2025-09-18 00:00:00,Invesco,598.2373801027643,2747578.656962175,,,9403.279270263532,43187286.99967365
2025-09-19 00:00:00,Invesco,0.000004003,0.018371888589999996,,,9403.279274266533,43156632.32762448
2025-09-20 00:00:00,Invesco,0,0,,,9403.279274266533,42055132.193436906
2025-09-21 00:00:00,Invesco,0,0,,,9403.279274266533,42178503.21751528
2025-09-22 00:00:00,Invesco,-997.0496549764669,-4438954.798424179,,,8406.229619290067,37425290.82574511
2025-09-23 00:00:00,Invesco,0,0,,,8406.229619290067,35334661.51942768
2025-09-24 00:00:00,Invesco,0,0,,,8406.229619290067,35034054.748241864
2025-09-25 00:00:00,Invesco,0,0,,,8406.229619290067,34950917.13730708
2025-09-26 00:00:00,Invesco,-598.1951451978556,-2316929.436380334,,,7808.034474092211,30242079.12505395
2025-09-27 00:00:00,Invesco,0,0,,,7808.034474092211,31518458.520533808
2025-09-28 00:00:00,Invesco,0,0,,,7808.034474092211,31420467.687883947
2025-09-29 00:00:00,Invesco,0,0,,,7808.034474092211,32371095.885104675
2025-09-30 00:00:00,Invesco,1595.1333048458273,6729580.289149673,,,9403.167778938037,39670272.28913937
2025-10-01 00:00:00,Invesco,5.05e-7,0.00209383605,,,9403.167779443038,38987508.27880452
2025-10-02 00:00:00,Invesco,-1.7322356950449331,-7535.762266510924,,,9401.435543747994,40899159.06032234
2025-10-03 00:00:00,Invesco,1.0099999999999999e-7,0.00045324255,,,9401.435543848993,42189412.07479955
2025-10-04 00:00:00,Invesco,0,0,,,9401.435543848993,42454814.600202404
2025-10-05 00:00:00,Invesco,0,0,,,9401.435543848993,42214795.95076794
2025-10-06 00:00:00,Invesco,0,0,,,9401.435543848993,42462523.77734836
2025-10-07 00:00:00,Invesco,0,0,,,9401.435543848993,44079570.690890394
2025-10-08 00:00:00,Invesco,0,0,,,9401.435543848993,41849926.237311155
2025-10-09 00:00:00,Invesco,0,0,,,9401.435543848993,42574682.90338648
2025-10-10 00:00:00,Invesco,-498.4524328110372,-2178286.9766275138,,,8902.983111037956,38906926.49354698
2025-10-11 00:00:00,Invesco,0,0,,,8902.983111037956,34202501.187843405
2025-10-12 00:00:00,Invesco,2e-9,0.000007505640000000001,,,8902.983111039957,33411293.078772973
2025-10-13 00:00:00,Invesco,0,0,,,8902.983111039957,37034183.99614846
2025-10-14 00:00:00,Invesco,0,0,,,8902.983111039957,37803223.6772801
2025-10-15 00:00:00,Invesco,0,0,,,8902.983111039957,36743412.5677419
2025-10-16 00:00:00,Invesco,0,0,,,8902.983111039957,35497440.081351854
2025-10-17 00:00:00,Invesco,0,0,,,8902.983111039957,34676763.09817619
2025-10-18 00:00:00,Invesco,0,0,,,8902.983111039957,34141070.604384914
2025-10-19 00:00:00,Invesco,0,0,,,8902.983111039957,34658957.13195411
2025-10-20 00:00:00,Invesco,0,0,,,8902.983111039957,35498864.55864962
2025-10-21 00:00:00,Invesco,0,0,,,8902.983111039957,35457198.59768996
2025-10-22 00:00:00,Invesco,0,0,,,8902.983111039957,34509297.98585753
2025-10-23 00:00:00,Invesco,0,0,,,8902.983111039957,33890540.65964025
2025-10-24 00:00:00,Invesco,0,0,,,8902.983111039957,34338271.680294454
2025-10-25 00:00:00,Invesco,0,0,,,8902.983111039957,35044812.41998658
2025-10-26 00:00:00,Invesco,0,0,,,8902.983111039957,35221536.634740725
2025-10-27 00:00:00,Invesco,0,0,,,8902.983111039957,37008543.404788665
2025-10-28 00:00:00,Invesco,0,0,,,8902.983111039957,36698452.50303114
2025-10-29 00:00:00,Invesco,0,0,,,8902.983111039957,35470642.102187626
2025-10-30 00:00:00,Invesco,0,0,,,8902.983111039957,34781907.328717574
2025-10-31 00:00:00,Invesco,-548.2115511089454,-2085747.595811138,,,8354.771559931012,31786898.067775924
2025-11-01 00:00:00,Invesco,0,0,,,8354.771559931012,32168293.38948678
2025-11-02 00:00:00,Invesco,0,0,,,8354.771559931012,32389694.835824948
2025-11-03 00:00:00,Invesco,0,0,,,8354.771559931012,32659386.861779522
2025-11-04 00:00:00,Invesco,-2.210752102820322,-7965.848299445269,,,8352.560807828191,30096197.679590773
2025-11-05 00:00:00,Invesco,0,0,,,8352.560807828191,27492453.89896649
2025-11-06 00:00:00,Invesco,0,0,,,8352.560807828191,28605766.72904191
2025-11-07 00:00:00,Invesco,0,0,,,8352.560807828191,27680219.46592647
2025-11-08 00:00:00,Invesco,0,0,,,8352.560807828191,28708753.80380243
2025-11-09 00:00:00,Invesco,0,0,,,8352.560807828191,28430279.42646944
2025-11-10 00:00:00,Invesco,747.5018866398191,2679869.013792415,,,9100.06269446801,32624634.76593726
2025-11-11 00:00:00,Invesco,2.0000014940000005e-9,0.0000071377853319216615,,,9100.06269447001,32477122.749667075
2025-11-12 00:00:00,Invesco,0,0,,,9100.06269447001,31112022.344869632
2025-11-13 00:00:00,Invesco,0,0,,,9100.06269447001,31074621.08719536
2025-11-14 00:00:00,Invesco,-1395.2812578844996,-4512981.417377098,,,7704.781436585511,24920807.365378372
2025-11-15 00:00:00,Invesco,0,0,,,7704.781436585511,23967879.997301478
2025-11-16 00:00:00,Invesco,0,0,,,7704.781436585511,24418840.854784824
2025-11-17 00:00:00,Invesco,0,0,,,7704.781436585511,23868103.077697694
2024-07-24 00:00:00,Franklin Templeton,3800.0043347012706,13238341.101102246,,,4560.054700098876,15886181.762563461
2024-07-25 00:00:00,Franklin Templeton,1140.0001539479451,3806198.3139967807,,,5700.054854046822,19031172.145045906
2024-07-26 00:00:00,Franklin Templeton,0,0,,,5700.054854046822,18110442.284471724
2024-07-27 00:00:00,Franklin Templeton,0,0,,,5700.054854046822,18683696.80114321
2024-07-28 00:00:00,Franklin Templeton,0,0,,,5700.054854046822,18527971.302530654
2024-07-29 00:00:00,Franklin Templeton,1900.0004332366498,6221095.418529433,,,7600.055287283471,24884557.02494078
2024-07-30 00:00:00,Franklin Templeton,760.0000922761687,2524857.106558042,,,8360.05537955964,27773608.780865446
2024-07-31 00:00:00,Franklin Templeton,1140.0002230057266,3739975.931610427,,,9500.055602565368,31166642.414224148
2024-08-01 00:00:00,Franklin Templeton,0,0,,,9500.055602565368,30731064.864846528
2024-08-02 00:00:00,Franklin Templeton,0,0,,,9500.055602565368,30450623.223458797
2024-08-03 00:00:00,Franklin Templeton,0,0,,,9500.055602565368,28411531.28892417
2024-08-04 00:00:00,Franklin Templeton,0,0,,,9500.055602565368,27613336.617196627
2024-08-05 00:00:00,Franklin Templeton,380.0001515392897,1022120.607608866,,,9880.055754104658,26575275.16683317
2024-08-06 00:00:00,Franklin Templeton,380.00081707555,919567.7772492941,,,10260.056571180208,24828413.497164696
2024-08-07 00:00:00,Franklin Templeton,380.0001609804953,935161.3961649499,,,10640.056732160703,26184647.61501088
2024-08-08 00:00:00,Franklin Templeton,760.0000765693492,1777662.979098005,,,11400.056808730053,26665074.87732386
2024-08-09 00:00:00,Franklin Templeton,0,0,,,11400.056808730053,30613028.55075516
2024-08-10 00:00:00,Franklin Templeton,0,0,,,11400.056808730053,29647101.737351462
2024-08-11 00:00:00,Franklin Templeton,0,0,,,11400.056808730053,29779228.39576464
2024-08-12 00:00:00,Franklin Templeton,0,0,,,11400.056808730053,29140141.211067237
2024-08-13 00:00:00,Franklin Templeton,380.0002013530048,1035416.9486426405,,,11780.057010083057,32098063.739934117
2024-08-14 00:00:00,Franklin Templeton,0,0,,,11780.057010083057,31859753.186620135
2024-08-15 00:00:00,Franklin Templeton,0,0,,,11780.057010083057,31393616.330731146
2024-08-16 00:00:00,Franklin Templeton,0,0,,,11780.057010083057,30300191.439055234
2024-08-17 00:00:00,Franklin Templeton,0,0,,,11780.057010083057,30568658.938315026
2024-08-18 00:00:00,Franklin Templeton,0,0,,,11780.057010083057,30824992.978854436
2024-08-19 00:00:00,Franklin Templeton,0,0,,,11780.057010083057,30835477.22959341
2024-08-20 00:00:00,Franklin Templeton,0,0,,,11780.057010083057,31083447.42965566
2024-08-21 00:00:00,Franklin Templeton,0,0,,,11780.057010083057,30343542.048852343
2024-08-22 00:00:00,Franklin Templeton,380.0000409968962,1000274.1079161299,,,12160.057051079953,32008918.175557762
2024-08-23 00:00:00,Franklin Templeton,0,0,,,12160.057051079953,31911637.719149124
2024-08-24 00:00:00,Franklin Templeton,0,0,,,12160.057051079953,33620976.93881943
2024-08-25 00:00:00,Franklin Templeton,0,0,,,12160.057051079953,33697706.89881174
2024-08-26 00:00:00,Franklin Templeton,0,0,,,12160.057051079953,33461072.188597728
2024-08-27 00:00:00,Franklin Templeton,-379.99980769775624,-1020048.6837953951,,,11780.057243382198,31621678.86070057
2024-08-28 00:00:00,Franklin Templeton,0,0,,,11780.057243382198,28991545.479970627
2024-08-29 00:00:00,Franklin Templeton,0,0,,,11780.057243382198,29800010.808583945
2024-08-30 00:00:00,Franklin Templeton,0,0,,,11780.057243382198,29815207.082427908
2024-08-31 00:00:00,Franklin Templeton,0,0,,,11780.057243382198,29781162.716994535
2024-09-01 00:00:00,Franklin Templeton,0,0,,,11780.057243382198,29648283.671289187
2024-09-02 00:00:00,Franklin Templeton,0,0,,,11780.057243382198,28645565.198732488
2024-09-03 00:00:00,Franklin Templeton,0,0,,,11780.057243382198,29915101.967851788
2024-09-04 00:00:00,Franklin Templeton,0,0,,,11780.057243382198,28553798.55280654
2024-09-05 00:00:00,Franklin Templeton,0,0,,,11780.057243382198,28883522.355048813
2024-09-06 00:00:00,Franklin Templeton,0,0,,,11780.057243382198,27907780.213579465
2024-09-07 00:00:00,Franklin Templeton,0,0,,,11780.057243382198,26219109.007740624
2024-09-08 00:00:00,Franklin Templeton,0,0,,,11780.057243382198,26819891.927153114
2024-09-09 00:00:00,Franklin Templeton,0,0,,,11780.057243382198,27091068.844895773
2024-09-10 00:00:00,Franklin Templeton,0,0,,,11780.057243382198,27791275.447442412
2024-09-11 00:00:00,Franklin Templeton,0,0,,,11780.057243382198,28153983.40996615
2024-09-12 00:00:00,Franklin Templeton,0,0,,,11780.057243382198,27593723.887470894
2024-09-13 00:00:00,Franklin Templeton,0,0,,,11780.057243382198,27831563.24321478
2024-09-14 00:00:00,Franklin Templeton,0,0,,,11780.057243382198,28772436.415243715
2024-09-15 00:00:00,Franklin Templeton,0,0,,,11780.057243382198,28498550.084335078
2024-09-16 00:00:00,Franklin Templeton,0,0,,,11780.057243382198,27353410.719705902
2024-09-17 00:00:00,Franklin Templeton,0,0,,,11780.057243382198,27061265.30007002
2024-09-18 00:00:00,Franklin Templeton,0,0,,,11780.057243382198,27603619.135555334
2024-09-19 00:00:00,Franklin Templeton,0,0,,,11780.057243382198,27920149.273685016
2024-09-20 00:00:00,Franklin Templeton,0,0,,,11780.057243382198,29041610.723255
2024-09-21 00:00:00,Franklin Templeton,0,0,,,11780.057243382198,30165781.585990965
2024-09-22 00:00:00,Franklin Templeton,0,0,,,11780.057243382198,30781289.576957684
2024-09-23 00:00:00,Franklin Templeton,0,0,,,11780.057243382198,30430008.269960023
2024-09-24 00:00:00,Franklin Templeton,0,0,,,11780.057243382198,31199835.010815054
2024-09-25 00:00:00,Franklin Templeton,0,0,,,11780.057243382198,31255790.28272112
2024-09-26 00:00:00,Franklin Templeton,0,0,,,11780.057243382198,30400440.326279137
2024-09-27 00:00:00,Franklin Templeton,0,0,,,11780.057243382198,31017597.52525993
2024-09-28 00:00:00,Franklin Templeton,0,0,,,11780.057243382198,31765866.761359565
2024-09-29 00:00:00,Franklin Templeton,0,0,,,11780.057243382198,31548524.70521917
2024-09-30 00:00:00,Franklin Templeton,0,0,,,11780.057243382198,31331064.84850633
2024-10-01 00:00:00,Franklin Templeton,0,0,,,11780.057243382198,30680805.68867163
2024-10-02 00:00:00,Franklin Templeton,0,0,,,11780.057243382198,28879163.733868763
2024-10-03 00:00:00,Franklin Templeton,760.0000770646775,1799725.7824937801,,,12540.057320446875,29695608.138257425
2024-10-04 00:00:00,Franklin Templeton,0,0,,,12540.057320446875,29489951.198202096
2024-10-05 00:00:00,Franklin Templeton,0,0,,,12540.057320446875,30299035.696517326
2024-10-06 00:00:00,Franklin Templeton,0,0,,,12540.057320446875,30315588.57218032
2024-10-07 00:00:00,Franklin Templeton,0,0,,,12540.057320446875,30603382.887684572
2024-10-08 00:00:00,Franklin Templeton,0,0,,,12540.057320446875,30404873.7803019
2024-10-09 00:00:00,Franklin Templeton,0,0,,,12540.057320446875,30619057.95933513
2024-10-10 00:00:00,Franklin Templeton,0,0,,,12540.057320446875,29724826.471814066
2024-10-11 00:00:00,Franklin Templeton,0,0,,,12540.057320446875,29925467.388941217
2024-10-12 00:00:00,Franklin Templeton,0,0,,,12540.057320446875,30560746.692795057
2024-10-13 00:00:00,Franklin Templeton,0,0,,,12540.057320446875,31050937.533451322
2024-10-14 00:00:00,Franklin Templeton,0,0,,,12540.057320446875,30965163.54137947
2024-10-15 00:00:00,Franklin Templeton,0,0,,,12540.057320446875,32967936.09602804
2024-10-16 00:00:00,Franklin Templeton,0,0,,,12540.057320446875,32677006.76619367
2024-10-17 00:00:00,Franklin Templeton,0,0,,,12540.057320446875,32747732.68948099
2024-10-18 00:00:00,Franklin Templeton,0,0,,,12540.057320446875,32654685.464163277
2024-10-19 00:00:00,Franklin Templeton,0,0,,,12540.057320446875,33129326.63374219
2024-10-20 00:00:00,Franklin Templeton,0,0,,,12540.057320446875,33195538.136394147
2024-10-21 00:00:00,Franklin Templeton,0,0,,,12540.057320446875,34416061.91539324
2024-10-22 00:00:00,Franklin Templeton,0,0,,,12540.057320446875,33435304.032361094
2024-10-23 00:00:00,Franklin Templeton,0,0,,,12540.057320446875,32881284.29994375
2024-10-24 00:00:00,Franklin Templeton,0,0,,,12540.057320446875,31636432.809742987
2024-10-25 00:00:00,Franklin Templeton,0,0,,,12540.057320446875,31789045.30733283
2024-10-26 00:00:00,Franklin Templeton,0,0,,,12540.057320446875,30596360.455585122
2024-10-27 00:00:00,Franklin Templeton,0,0,,,12540.057320446875,31131319.30087539
2024-10-28 00:00:00,Franklin Templeton,0,0,,,12540.057320446875,31438425.30465313
2024-10-29 00:00:00,Franklin Templeton,0,0,,,12540.057320446875,32194590.76107608
2024-10-30 00:00:00,Franklin Templeton,0,0,,,12540.057320446875,33089950.853755984
2024-10-31 00:00:00,Franklin Templeton,0,0,,,12540.057320446875,33355173.066083435
2024-11-01 00:00:00,Franklin Templeton,0,0,,,12540.057320446875,31584516.97243634
2024-11-02 00:00:00,Franklin Templeton,0,0,,,12540.057320446875,31518807.072077196
2024-11-03 00:00:00,Franklin Templeton,0,0,,,12540.057320446875,31272394.945730418
2024-11-04 00:00:00,Franklin Templeton,0,0,,,12540.057320446875,30830859.527477484
2024-11-05 00:00:00,Franklin Templeton,0,0,,,12540.057320446875,30089992.940985482
2024-11-06 00:00:00,Franklin Templeton,0,0,,,12540.057320446875,30401362.56425218
2024-11-07 00:00:00,Franklin Templeton,0,0,,,12540.057320446875,34128016.79874258
2024-11-08 00:00:00,Franklin Templeton,0,0,,,12540.057320446875,36293559.29741055
2024-11-09 00:00:00,Franklin Templeton,0,0,,,12540.057320446875,37145279.9906153
2024-11-10 00:00:00,Franklin Templeton,0,0,,,12540.057320446875,39215141.851928264
2024-11-11 00:00:00,Franklin Templeton,0,0,,,12540.057320446875,39972561.314083256
2024-11-12 00:00:00,Franklin Templeton,0,0,,,12540.057320446875,42313288.41351787
2024-11-13 00:00:00,Franklin Templeton,0,0,,,12540.057320446875,40722832.94356559
2024-11-14 00:00:00,Franklin Templeton,0,0,,,12540.057320446875,40036264.80527113
2024-11-15 00:00:00,Franklin Templeton,0,0,,,12540.057320446875,38401542.93297767
2024-11-16 00:00:00,Franklin Templeton,0,0,,,12540.057320446875,38784641.684117325
2024-11-17 00:00:00,Franklin Templeton,0,0,,,12540.057320446875,39329256.37354433
2024-11-18 00:00:00,Franklin Templeton,0,0,,,12540.057320446875,38606447.46959377
2024-11-19 00:00:00,Franklin Templeton,0,0,,,12540.057320446875,40252455.39347562
2024-11-20 00:00:00,Franklin Templeton,0,0,,,12540.057320446875,39021397.966327354
2024-11-21 00:00:00,Franklin Templeton,0,0,,,12540.057320446875,38543747.182991534
2024-11-22 00:00:00,Franklin Templeton,0,0,,,12540.057320446875,42118792.12447774
2024-11-23 00:00:00,Franklin Templeton,0,0,,,12540.057320446875,41747104.82549969
2024-11-24 00:00:00,Franklin Templeton,0,0,,,12540.057320446875,42580391.63444339
2024-11-25 00:00:00,Franklin Templeton,0,0,,,12540.057320446875,42175849.385285765
2024-11-26 00:00:00,Franklin Templeton,0,0,,,12540.057320446875,42811254.08971281
2024-11-27 00:00:00,Franklin Templeton,0,0,,,12540.057320446875,41711741.86385603
2024-11-28 00:00:00,Franklin Templeton,0,0,,,12540.057320446875,45856607.00998334
2024-11-29 00:00:00,Franklin Templeton,0,0,,,12540.057320446875,44891900.40032136
2024-11-30 00:00:00,Franklin Templeton,0,0,,,12540.057320446875,45049278.11969297
2024-12-01 00:00:00,Franklin Templeton,0,0,,,12540.057320446875,46428809.82551533
2024-12-02 00:00:00,Franklin Templeton,0,0,,,12540.057320446875,46490883.10925154
2024-12-03 00:00:00,Franklin Templeton,0,0,,,12540.057320446875,45677284.19030095
2024-12-04 00:00:00,Franklin Templeton,0,0,,,12540.057320446875,45350364.895956896
2024-12-05 00:00:00,Franklin Templeton,0,0,,,12540.057320446875,48142032.456634775
2024-12-06 00:00:00,Franklin Templeton,0,0,,,12540.057320446875,47547382.93849919
2024-12-07 00:00:00,Franklin Templeton,0,0,,,12540.057320446875,50210013.30934967
2024-12-08 00:00:00,Franklin Templeton,0,0,,,12540.057320446875,50149570.23306512
2024-12-09 00:00:00,Franklin Templeton,0,0,,,12540.057320446875,50209762.50820326
2024-12-10 00:00:00,Franklin Templeton,0,0,,,12540.057320446875,46647132.2234643
2024-12-11 00:00:00,Franklin Templeton,0,0,,,12540.057320446875,45538214.95461719
2024-12-12 00:00:00,Franklin Templeton,760.0009946723537,2912293.4115446727,,,13300.058315119228,50965291.461204275
2024-12-13 00:00:00,Franklin Templeton,0,0,,,13300.058315119228,51632422.386290655
2024-12-14 00:00:00,Franklin Templeton,0,0,,,13300.058315119228,51966253.85000014
2024-12-15 00:00:00,Franklin Templeton,0,0,,,13300.058315119228,51476545.70283746
2024-12-16 00:00:00,Franklin Templeton,0,0,,,13300.058315119228,52570874.50100546
2024-12-17 00:00:00,Franklin Templeton,0,0,,,13300.058315119228,53050607.60443182
2024-12-18 00:00:00,Franklin Templeton,380.00084747894124,1478290.6968880016,,,13680.059162598169,53218576.55611427
2024-12-19 00:00:00,Franklin Templeton,0,0,,,13680.059162598169,49601432.11293169
2024-12-20 00:00:00,Franklin Templeton,0,0,,,13680.059162598169,46789632.75265127
2024-12-21 00:00:00,Franklin Templeton,0,0,,,13680.059162598169,47527398.34329019
2024-12-22 00:00:00,Franklin Templeton,0,0,,,13680.059162598169,45677580.743323654
2024-12-23 00:00:00,Franklin Templeton,0,0,,,13680.059162598169,44891934.94561565
2024-12-24 00:00:00,Franklin Templeton,0,0,,,13680.059162598169,46779646.30946257
2024-12-25 00:00:00,Franklin Templeton,0,0,,,13680.059162598169,47799357.91944264
2024-12-26 00:00:00,Franklin Templeton,0,0,,,13680.059162598169,47818099.6004954
2024-12-27 00:00:00,Franklin Templeton,0,0,,,13680.059162598169,45607538.84041116
2024-12-28 00:00:00,Franklin Templeton,0,0,,,13680.059162598169,45567045.86528987
2024-12-29 00:00:00,Franklin Templeton,0,0,,,13680.059162598169,46538466.86642596
2024-12-30 00:00:00,Franklin Templeton,0,0,,,13680.059162598169,45896598.49051686
2024-12-31 00:00:00,Franklin Templeton,-1139.9991465579394,-3830169.132605365,,,12540.06001604023,42132093.641891964
2025-01-01 00:00:00,Franklin Templeton,0.000001,0.00333456,,,12540.06001704023,41815582.53042167
2025-01-02 00:00:00,Franklin Templeton,0,0,,,12540.06001704023,42097984.68200541
2025-01-03 00:00:00,Franklin Templeton,0,0,,,12540.06001704023,43306094.064047076
2025-01-04 00:00:00,Franklin Templeton,0,0,,,12540.06001704023,45203655.9458256
2025-01-05 00:00:00,Franklin Templeton,0,0,,,12540.06001704023,45863012.30152158
2025-01-06 00:00:00,Franklin Templeton,0,0,,,12540.06001704023,45584121.366742596
2025-01-07 00:00:00,Franklin Templeton,0,0,,,12540.06001704023,46265172.02626806
2025-01-08 00:00:00,Franklin Templeton,0,0,,,12540.06001704023,42429669.26945613
2025-01-09 00:00:00,Franklin Templeton,0,0,,,12540.06001704023,41725168.69769881
2025-01-10 00:00:00,Franklin Templeton,0,0,,,12540.06001704023,40386768.09208011
2025-01-11 00:00:00,Franklin Templeton,0,0,,,12540.06001704023,40994459.40050588
2025-01-12 00:00:00,Franklin Templeton,0,0,,,12540.06001704023,41217170.86640851
2025-01-13 00:00:00,Franklin Templeton,0,0,,,12540.06001704023,40976025.51228083
2025-01-14 00:00:00,Franklin Templeton,0,0,,,12540.06001704023,39341679.490259975
2025-01-15 00:00:00,Franklin Templeton,0,0,,,12540.06001704023,40441818.95555492
2025-01-16 00:00:00,Franklin Templeton,0,0,,,12540.06001704023,43268223.08279561
2025-01-17 00:00:00,Franklin Templeton,0,0,,,12540.06001704023,41470354.678152554
2025-01-18 00:00:00,Franklin Templeton,0,0,,,12540.06001704023,43570313.12860611
2025-01-19 00:00:00,Franklin Templeton,0,0,,,12540.06001704023,41464210.0487442
2025-01-20 00:00:00,Franklin Templeton,0,0,,,12540.06001704023,40300617.87976304
2025-01-21 00:00:00,Franklin Templeton,0,0,,,12540.06001704023,41129139.64508889
2025-01-22 00:00:00,Franklin Templeton,0,0,,,12540.06001704023,41747991.606929824
2025-01-23 00:00:00,Franklin Templeton,0,0,,,12540.06001704023,40664906.62325806
2025-01-24 00:00:00,Franklin Templeton,0,0,,,12540.06001704023,41874520.812501766
2025-01-25 00:00:00,Franklin Templeton,0,0,,,12540.06001704023,41535813.7914415
2025-01-26 00:00:00,Franklin Templeton,0,0,,,12540.06001704023,41640272.49138345
2025-01-27 00:00:00,Franklin Templeton,0,0,,,12540.06001704023,40611109.76578496
2025-01-28 00:00:00,Franklin Templeton,0,0,,,12540.06001704023,39891811.92320753
2025-01-29 00:00:00,Franklin Templeton,0,0,,,12540.06001704023,38617491.02427591
2025-01-30 00:00:00,Franklin Templeton,0,0,,,12540.06001704023,39071566.597492926
2025-01-31 00:00:00,Franklin Templeton,0,0,,,12540.06001704023,40735005.55875331
2025-02-01 00:00:00,Franklin Templeton,0,0,,,12540.06001704023,41378185.2370273
2025-02-02 00:00:00,Franklin Templeton,0,0,,,12540.06001704023,39146430.75579466
2025-02-03 00:00:00,Franklin Templeton,0,0,,,12540.06001704023,35986461.032100685
2025-02-04 00:00:00,Franklin Templeton,0,0,,,12540.06001704023,36164906.08614317
2025-02-05 00:00:00,Franklin Templeton,0,0,,,12540.06001704023,34291295.71899719
2025-02-06 00:00:00,Franklin Templeton,0,0,,,12540.06001704023,34973976.58632486
2025-02-07 00:00:00,Franklin Templeton,0,0,,,12540.06001704023,33734391.653640434
2025-02-08 00:00:00,Franklin Templeton,0,0,,,12540.06001704023,32915525.734527707
2025-02-09 00:00:00,Franklin Templeton,0,0,,,12540.06001704023,33053466.39471515
2025-02-10 00:00:00,Franklin Templeton,0,0,,,12540.06001704023,32994277.311434723
2025-02-11 00:00:00,Franklin Templeton,0,0,,,12540.06001704023,33400324.45478648
2025-02-12 00:00:00,Franklin Templeton,0,0,,,12540.06001704023,32670242.1605944
2025-02-13 00:00:00,Franklin Templeton,0,0,,,12540.06001704023,34339198.748262286
2025-02-14 00:00:00,Franklin Templeton,0,0,,,12540.06001704023,33575634.493824705
2025-02-15 00:00:00,Franklin Templeton,0,0,,,12540.06001704023,34198750.07607143
2025-02-16 00:00:00,Franklin Templeton,0,0,,,12540.06001704023,33812140.025746085
2025-02-17 00:00:00,Franklin Templeton,0,0,,,12540.06001704023,33432928.61083079
2025-02-18 00:00:00,Franklin Templeton,0,0,,,12540.06001704023,34434377.80379162
2025-02-19 00:00:00,Franklin Templeton,0,0,,,12540.06001704023,33498387.724119738
2025-02-20 00:00:00,Franklin Templeton,0,0,,,12540.06001704023,34080998.91251142
2025-02-21 00:00:00,Franklin Templeton,0,0,,,12540.06001704023,34368166.28690165
2025-02-22 00:00:00,Franklin Templeton,0,0,,,12540.06001704023,33384523.979165014
2025-02-23 00:00:00,Franklin Templeton,0,0,,,12540.06001704023,34688564.82033702
2025-02-24 00:00:00,Franklin Templeton,0,0,,,12540.06001704023,35403599.042508654
2025-02-25 00:00:00,Franklin Templeton,0,0,,,12540.06001704023,31564710.469492137
2025-02-26 00:00:00,Franklin Templeton,0,0,,,12540.06001704023,31296603.986327816
2025-02-27 00:00:00,Franklin Templeton,0,0,,,12540.06001704023,29279535.332586896
2025-02-28 00:00:00,Franklin Templeton,0,0,,,12540.06001704023,28944841.13073209
2025-03-01 00:00:00,Franklin Templeton,0,0,,,12540.06001704023,28073181.55894762
2025-03-02 00:00:00,Franklin Templeton,0,0,,,12540.06001704023,27832036.204819936
2025-03-03 00:00:00,Franklin Templeton,0,0,,,12540.06001704023,31583144.357717182
2025-03-04 00:00:00,Franklin Templeton,0,0,,,12540.06001704023,26955486.00962883
2025-03-05 00:00:00,Franklin Templeton,0,0,,,12540.06001704023,27227354.51079826
2025-03-06 00:00:00,Franklin Templeton,0,0,,,12540.06001704023,28126226.0128197
2025-03-07 00:00:00,Franklin Templeton,0,0,,,12540.06001704023,27635282.66315258
2025-03-08 00:00:00,Franklin Templeton,0,0,,,12540.06001704023,26861560.960101195
2025-03-09 00:00:00,Franklin Templeton,0,0,,,12540.06001704023,27658607.174784273
2025-03-10 00:00:00,Franklin Templeton,0,0,,,12540.06001704023,25326908.415215813
2025-03-11 00:00:00,Franklin Templeton,0,0,,,12540.06001704023,23390723.1485848
2025-03-12 00:00:00,Franklin Templeton,0,0,,,12540.06001704023,24118548.231973816
2025-03-13 00:00:00,Franklin Templeton,-759.7933008095499,-1450779.720297787,,,11780.26671623068,22493712.478639513
2025-03-14 00:00:00,Franklin Templeton,0,0,,,11780.26671623068,21978561.415138744
2025-03-15 00:00:00,Franklin Templeton,0,0,,,11780.26671623068,22540951.348171595
2025-03-16 00:00:00,Franklin Templeton,0,0,,,11780.26671623068,22855248.86416063
2025-03-17 00:00:00,Franklin Templeton,0,0,,,11780.26671623068,22262465.8429999
2025-03-18 00:00:00,Franklin Templeton,0,0,,,11780.26671623068,22727550.772956688
2025-03-19 00:00:00,Franklin Templeton,0,0,,,11780.26671623068,22783860.44786027
2025-03-20 00:00:00,Franklin Templeton,0,0,,,11780.26671623068,24261459.30207709
2025-03-21 00:00:00,Franklin Templeton,0,0,,,11780.26671623068,23371460.15166586
2025-03-22 00:00:00,Franklin Templeton,0,0,,,11780.26671623068,23180737.633530084
2025-03-23 00:00:00,Franklin Templeton,0,0,,,11780.26671623068,23387010.103731282
2025-03-24 00:00:00,Franklin Templeton,0,0,,,11780.26671623068,23639932.430128757
2025-03-25 00:00:00,Franklin Templeton,0,0,,,11780.26671623068,24508962.705785096
2025-03-26 00:00:00,Franklin Templeton,0,0,,,11780.26671623068,24365243.45184708
2025-03-27 00:00:00,Franklin Templeton,0,0,,,11780.26671623068,23693414.841020443
2025-03-28 00:00:00,Franklin Templeton,0,0,,,11780.26671623068,23617667.72603508
2025-03-29 00:00:00,Franklin Templeton,0,0,,,11780.26671623068,22362951.51808935
2025-03-30 00:00:00,Franklin Templeton,0,0,,,11780.26671623068,21561539.973384175
2025-03-31 00:00:00,Franklin Templeton,0,0,,,11780.26671623068,21311562.71366576
2025-04-01 00:00:00,Franklin Templeton,0,0,,,11780.26671623068,21490740.570419632
2025-04-02 00:00:00,Franklin Templeton,0,0,,,11780.26671623068,22465675.44385488
2025-04-03 00:00:00,Franklin Templeton,0,0,,,11780.26671623068,21151115.4809907
2025-04-04 00:00:00,Franklin Templeton,0,0,,,11780.26671623068,21411812.783420883
2025-04-05 00:00:00,Franklin Templeton,0,0,,,11780.26671623068,21395909.423353974
2025-04-06 00:00:00,Franklin Templeton,0,0,,,11780.26671623068,21299429.038948044
2025-04-07 00:00:00,Franklin Templeton,1139.5118905905817,1800576.9236788962,,,12919.778606821263,20414929.769996483
2025-04-08 00:00:00,Franklin Templeton,0,0,,,12919.778606821263,20078627.932860922
2025-04-09 00:00:00,Franklin Templeton,0,0,,,12919.778606821263,19037035.381578993
2025-04-10 00:00:00,Franklin Templeton,0,0,,,12919.778606821263,21568407.604013484
2025-04-11 00:00:00,Franklin Templeton,1.214044971411413,1849.087615057295,,,12920.992651792674,19679705.488092385
2025-04-12 00:00:00,Franklin Templeton,0,0,,,12920.992651792674,20262700.676541273
2025-04-13 00:00:00,Franklin Templeton,0,0,,,12920.992651792674,21260330.519186184
2025-04-14 00:00:00,Franklin Templeton,0,0,,,12920.992651792674,20645937.318593442
2025-04-15 00:00:00,Franklin Templeton,0,0,,,12920.992651792674,20986276.26504166
2025-04-16 00:00:00,Franklin Templeton,0,0,,,12920.992651792674,20552906.171500538
2025-04-17 00:00:00,Franklin Templeton,-1146.3690870198168,-1810197.034240382,,,11774.623564772857,18592954.832425874
2025-04-18 00:00:00,Franklin Templeton,0,0,,,11774.623564772857,18654536.113669638
2025-04-19 00:00:00,Franklin Templeton,0,0,,,11774.623564772857,18733661.58402491
2025-04-20 00:00:00,Franklin Templeton,0,0,,,11774.623564772857,19010365.237797074
2025-04-21 00:00:00,Franklin Templeton,0,0,,,11774.623564772857,18699515.175687067
2025-04-22 00:00:00,Franklin Templeton,0,0,,,11774.623564772857,18614620.13978506
2025-04-23 00:00:00,Franklin Templeton,0,0,,,11774.623564772857,20681184.321638342
2025-04-24 00:00:00,Franklin Templeton,0,0,,,11774.623564772857,21149225.608338065
2025-04-25 00:00:00,Franklin Templeton,0,0,,,11774.623564772857,20838964.277406298
2025-04-26 00:00:00,Franklin Templeton,0,0,,,11774.623564772857,21053733.411227755
2025-04-27 00:00:00,Franklin Templeton,0,0,,,11774.623564772857,21455365.821022157
2025-04-28 00:00:00,Franklin Templeton,0,0,,,11774.623564772857,21115196.94623587
2025-04-29 00:00:00,Franklin Templeton,0,0,,,11774.623564772857,21191496.506935596
2025-04-30 00:00:00,Franklin Templeton,0,0,,,11774.623564772857,21200562.967080474
2025-05-01 00:00:00,Franklin Templeton,0,0,,,11774.623564772857,21143809.28149827
2025-05-02 00:00:00,Franklin Templeton,0,0,,,11774.623564772857,21660950.748463094
2025-05-03 00:00:00,Franklin Templeton,0,0,,,11774.623564772857,21711817.12226291
2025-05-04 00:00:00,Franklin Templeton,0,0,,,11774.623564772857,21625273.639061827
2025-05-05 00:00:00,Franklin Templeton,0,0,,,11774.623564772857,21340445.495029975
2025-05-06 00:00:00,Franklin Templeton,0.00000556,0.0101293192,,,11774.623570332857,21451244.712903805
2025-05-07 00:00:00,Franklin Templeton,0.000009,0.01635948,,,11774.623579332856,21402968.77262492
2025-05-08 00:00:00,Franklin Templeton,0,0,,,11774.623579332856,21338561.58164597
2025-05-09 00:00:00,Franklin Templeton,0,0,,,11774.623579332856,25964104.70855109
2025-05-10 00:00:00,Franklin Templeton,0.00001,0.023446,,,11774.623589332856,27606782.467549812
2025-05-11 00:00:00,Franklin Templeton,0,0,,,11774.623589332856,30387830.81311434
2025-05-12 00:00:00,Franklin Templeton,0.000005,0.012561850000000001,,,11774.623594332856,29582211.079694036
2025-05-13 00:00:00,Franklin Templeton,0.000005,0.012477550000000002,,,11774.623599332856,29383690.938371137
2025-05-14 00:00:00,Franklin Templeton,1139.2847642954487,3051585.6340130023,,,12913.908363628305,34590032.691062056
2025-05-15 00:00:00,Franklin Templeton,0,0,,,12913.908363628305,33710337.25333169
2025-05-16 00:00:00,Franklin Templeton,0,0,,,12913.908363628305,32923234.538568545
2025-05-17 00:00:00,Franklin Templeton,0,0,,,12913.908363628305,32812949.761143163
2025-05-18 00:00:00,Franklin Templeton,0,0,,,12913.908363628305,32000794.06415458
2025-05-19 00:00:00,Franklin Templeton,0,0,,,12913.908363628305,32279088.789390765
2025-05-20 00:00:00,Franklin Templeton,0,0,,,12913.908363628305,32672059.020895973
2025-05-21 00:00:00,Franklin Templeton,0,0,,,12913.908363628305,32608135.174496014
2025-05-22 00:00:00,Franklin Templeton,0,0,,,12913.908363628305,32975665.006524876
2025-05-23 00:00:00,Franklin Templeton,0,0,,,12913.908363628305,34409883.669389434
2025-05-24 00:00:00,Franklin Templeton,0,0,,,12913.908363628305,32643648.42249599
2025-05-25 00:00:00,Franklin Templeton,0,0,,,12913.908363628305,32707313.990728676
2025-05-26 00:00:00,Franklin Templeton,0,0,,,12913.908363628305,32965721.297084883
2025-05-27 00:00:00,Franklin Templeton,0,0,,,12913.908363628305,33130115.35055387
2025-05-28 00:00:00,Franklin Templeton,0,0,,,12913.908363628305,34394516.11843672
2025-05-29 00:00:00,Franklin Templeton,0,0,,,12913.908363628305,34649953.22586929
2025-05-30 00:00:00,Franklin Templeton,0.00001,0.026347800000000005,,,12913.908373628305,34025307.504668385
2025-05-31 00:00:00,Franklin Templeton,0,0,,,12913.908373628305,32729655.077542253
2025-06-01 00:00:00,Franklin Templeton,0,0,,,12913.908373628305,32712737.8575728
2025-06-02 00:00:00,Franklin Templeton,0,0,,,12913.908373628305,32801068.990848422
2025-06-03 00:00:00,Franklin Templeton,0,0,,,12913.908373628305,33710595.55760306
2025-06-04 00:00:00,Franklin Templeton,1139.1636960187795,2957474.004330035,,,14053.072069647083,36484304.64577636
2025-06-05 00:00:00,Franklin Templeton,0,0,,,14053.072069647083,36687652.59862416
2025-06-06 00:00:00,Franklin Templeton,0,0,,,14053.072069647083,34000002.56530415
2025-06-07 00:00:00,Franklin Templeton,0,0,,,14053.072069647083,34855975.18506636
2025-06-08 00:00:00,Franklin Templeton,0,0,,,14053.072069647083,35523355.5776539
2025-06-09 00:00:00,Franklin Templeton,0.0010000002002925612,2.512800503295148,,,14053.073069647284,35312562.009409696
2025-06-10 00:00:00,Franklin Templeton,0,0,,,14053.073069647284,37676007.838262975
2025-06-11 00:00:00,Franklin Templeton,0,0,,,14053.073069647284,39537196.83560706
2025-06-12 00:00:00,Franklin Templeton,0,0,,,14053.073069647284,39003742.18188325
2025-06-13 00:00:00,Franklin Templeton,0,0,,,14053.073069647284,37233617.09803048
2025-06-14 00:00:00,Franklin Templeton,0,0,,,14053.073069647284,36273792.20737357
2025-06-15 00:00:00,Franklin Templeton,0,0,,,14053.073069647284,35635923.22074228
2025-06-16 00:00:00,Franklin Templeton,0,0,,,14053.073069647284,35844189.76363445
2025-06-17 00:00:00,Franklin Templeton,0,0,,,14053.073069647284,35760011.85594726
2025-06-18 00:00:00,Franklin Templeton,0,0,,,14053.073069647284,35320712.79179009
2025-06-19 00:00:00,Franklin Templeton,0,0,,,14053.073069647284,35505651.23338665
2025-06-20 00:00:00,Franklin Templeton,0,0,,,14053.073069647284,35469534.83559765
2025-06-21 00:00:00,Franklin Templeton,0,0,,,14053.073069647284,33860457.969123036
2025-06-22 00:00:00,Franklin Templeton,0,0,,,14053.073069647284,32297194.120855477
2025-06-23 00:00:00,Franklin Templeton,0,0,,,14053.073069647284,31338352.945313442
2025-06-24 00:00:00,Franklin Templeton,0,0,,,14053.073069647284,33979909.09021504
2025-06-25 00:00:00,Franklin Templeton,0,0,,,14053.073069647284,34424407.79140799
2025-06-26 00:00:00,Franklin Templeton,0,0,,,14053.073069647284,34025581.57769139
2025-06-27 00:00:00,Franklin Templeton,0,0,,,14053.073069647284,34003096.66077996
2025-06-28 00:00:00,Franklin Templeton,0,0,,,14053.073069647284,34089101.4679662
2025-06-29 00:00:00,Franklin Templeton,0,0,,,14053.073069647284,34274320.971024156
2025-06-30 00:00:00,Franklin Templeton,0,0,,,14053.073069647284,35154464.937376164
2025-07-01 00:00:00,Franklin Templeton,0,0,,,14053.073069647284,34979363.64692836
2025-07-02 00:00:00,Franklin Templeton,0,0,,,14053.073069647284,33848091.26482175
2025-07-03 00:00:00,Franklin Templeton,0,0,,,14053.073069647284,36140006.951750524
2025-07-04 00:00:00,Franklin Templeton,0,0,,,14053.073069647284,36413479.75368586
2025-07-05 00:00:00,Franklin Templeton,0,0,,,14053.073069647284,35268856.95216309
2025-07-06 00:00:00,Franklin Templeton,0,0,,,14053.073069647284,35400393.71609499
2025-07-07 00:00:00,Franklin Templeton,0,0,,,14053.073069647284,36141131.1975961
2025-07-08 00:00:00,Franklin Templeton,0,0,,,14053.073069647284,35739353.838534884
2025-07-09 00:00:00,Franklin Templeton,0,0,,,14053.073069647284,36752439.87612576
2025-07-10 00:00:00,Franklin Templeton,1893.449355650023,5240670.192074577,,,15946.522425297308,44136625.30351363
2025-07-11 00:00:00,Franklin Templeton,0,0,,,15946.522425297308,47016886.18397083
2025-07-12 00:00:00,Franklin Templeton,1e-10,2.95548e-7,,,15946.522425297408,47129628.09751798
2025-07-13 00:00:00,Franklin Templeton,0,0,,,15946.522425297408,46877673.04319828
2025-07-14 00:00:00,Franklin Templeton,0,0,,,15946.522425297408,47364201.44239411
2025-07-15 00:00:00,Franklin Templeton,1898.2736410847642,5718530.361031441,,,17844.796066382172,53757269.70201562
2025-07-16 00:00:00,Franklin Templeton,0,0,,,17844.796066382172,55962172.703977816
2025-07-17 00:00:00,Franklin Templeton,1518.6115053875067,5117310.748049443,,,19363.40757176968,65249455.39681944
2025-07-18 00:00:00,Franklin Templeton,0,0,,,19363.40757176968,67290745.8230354
2025-07-19 00:00:00,Franklin Templeton,0,0,,,19363.40757176968,68649863.40049791
2025-07-20 00:00:00,Franklin Templeton,0,0,,,19363.40757176968,69544840.09846511
2025-07-21 00:00:00,Franklin Templeton,0,0,,,19363.40757176968,72717728.06317529
2025-07-22 00:00:00,Franklin Templeton,0,0,,,19363.40757176968,72826937.68188007
2025-07-23 00:00:00,Franklin Templeton,0,0,,,19363.40757176968,72522738.54892756
2025-07-24 00:00:00,Franklin Templeton,0,0,,,19363.40757176968,70225851.14276426
2025-07-25 00:00:00,Franklin Templeton,759.2789767817014,2812247.8453631373,,,20122.68654855138,74531211.34598655
2025-07-26 00:00:00,Franklin Templeton,0,0,,,20122.68654855138,74930445.4471098
2025-07-27 00:00:00,Franklin Templeton,0,0,,,20122.68654855138,75247377.76024948
2025-07-28 00:00:00,Franklin Templeton,0,0,,,20122.68654855138,77884254.60557166
2025-07-29 00:00:00,Franklin Templeton,0,0,,,20122.68654855138,76340442.0935668
2025-07-30 00:00:00,Franklin Templeton,0,0,,,20122.68654855138,76319514.4995563
2025-07-31 00:00:00,Franklin Templeton,0,0,,,20122.68654855138,76612299.58883773
2025-08-01 00:00:00,Franklin Templeton,0,0,,,20122.68654855138,74439653.12219064
2025-08-02 00:00:00,Franklin Templeton,0,0,,,20122.68654855138,70207248.46043383
2025-08-03 00:00:00,Franklin Templeton,0,0,,,20122.68654855138,68373468.03526434
2025-08-04 00:00:00,Franklin Templeton,-1518.4997468726108,-5315705.768894668,,,18604.18680167877,65126374.44356076
2025-08-05 00:00:00,Franklin Templeton,0,0,,,18604.18680167877,69243480.98277226
2025-08-06 00:00:00,Franklin Templeton,0,0,,,18604.18680167877,67248926.11576428
2025-08-07 00:00:00,Franklin Templeton,0.000010001,0.03685958559,,,18604.18681167977,68567404.87125885
2025-08-08 00:00:00,Franklin Templeton,1518.4474538500933,5935732.572896323,,,20122.634265529865,78660987.15469748
2025-08-09 00:00:00,Franklin Templeton,0,0,,,20122.634265529865,80656548.79481009
2025-08-10 00:00:00,Franklin Templeton,0,0,,,20122.634265529865,85718397.44430412
2025-08-11 00:00:00,Franklin Templeton,0,0,,,20122.634265529865,85481151.58631353
2025-08-12 00:00:00,Franklin Templeton,1138.828764401877,4810537.971997612,,,21261.463029931743,89810758.59936497
2025-08-13 00:00:00,Franklin Templeton,0,0,,,21261.463029931743,97526968.7621878
2025-08-14 00:00:00,Franklin Templeton,759.2234817192793,3605301.7709358903,,,22020.686511651023,104568973.41728187
2025-08-15 00:00:00,Franklin Templeton,0,0,,,22020.686511651023,100229797.14016102
2025-08-16 00:00:00,Franklin Templeton,0,0,,,22020.686511651023,97872923.06281902
2025-08-17 00:00:00,Franklin Templeton,0,0,,,22020.686511651023,97454750.22596277
2025-08-18 00:00:00,Franklin Templeton,0,0,,,22020.686511651023,98553362.27602904
2025-08-19 00:00:00,Franklin Templeton,-1518.4013811504108,-6553708.857307591,,,20502.28513050061,88491758.05741543
2025-08-20 00:00:00,Franklin Templeton,-1518.3908612892799,-6190995.794369233,,,18983.89426921133,77403791.45962612
2025-08-21 00:00:00,Franklin Templeton,0.0000011,0.004766454000000001,,,18983.89427031133,82259871.61845686
2025-08-22 00:00:00,Franklin Templeton,0.000004399999999999999,0.018584631999999997,,,18983.894274711332,80183792.95964022
2025-08-23 00:00:00,Franklin Templeton,0,0,,,18983.894274711332,91623107.97169578
2025-08-24 00:00:00,Franklin Templeton,0,0,,,18983.894274711332,90660624.53196792
2025-08-25 00:00:00,Franklin Templeton,1138.76812101,5446352.129310897,,,20122.66239572133,96240053.76014453
2025-08-26 00:00:00,Franklin Templeton,0,0,,,20122.66239572133,88129614.68154906
2025-08-27 00:00:00,Franklin Templeton,0,0,,,20122.66239572133,92623407.64776154
2025-08-28 00:00:00,Franklin Templeton,0,0,,,20122.66239572133,90745963.24624075
2025-08-29 00:00:00,Franklin Templeton,0,0,,,20122.66239572133,90844966.7452277
2025-08-30 00:00:00,Franklin Templeton,0,0,,,20122.66239572133,87827774.74561323
2025-08-31 00:00:00,Franklin Templeton,0,0,,,20122.66239572133,88077094.53269623
2025-09-01 00:00:00,Franklin Templeton,0,0,,,20122.66239572133,88433064.43047653
2025-09-02 00:00:00,Franklin Templeton,0,0,,,20122.66239572133,86843172.87459058
2025-09-03 00:00:00,Franklin Templeton,0,0,,,20122.66239572133,87029307.501751
2025-09-04 00:00:00,Franklin Templeton,0,0,,,20122.66239572133,89558726.1648932
2025-09-05 00:00:00,Franklin Templeton,-379.56776096344163,-1632676.5626857574,,,19743.09463475789,84923144.69289394
2025-09-06 00:00:00,Franklin Templeton,0,0,,,19743.09463475789,85080299.7261866
2025-09-07 00:00:00,Franklin Templeton,0,0,,,19743.09463475789,84425026.415259
2025-09-08 00:00:00,Franklin Templeton,0,0,,,19743.09463475789,85060754.0624982
2025-09-09 00:00:00,Franklin Templeton,0.00002370829988199998,0.10213986046863349,,,19743.09465846619,85057002.97665745
2025-09-10 00:00:00,Franklin Templeton,0,0,,,19743.09465846619,85102806.9562651
2025-09-11 00:00:00,Franklin Templeton,0,0,,,19743.09465846619,85890556.4331379
2025-09-12 00:00:00,Franklin Templeton,759.1007648402006,3385801.9594014497,,,20502.19542330639,91445532.20266503
2025-09-13 00:00:00,Franklin Templeton,0,0,,,20502.19542330639,96598964.04426733
2025-09-14 00:00:00,Franklin Templeton,0,0,,,20502.19542330639,95658118.2962918
2025-09-15 00:00:00,Franklin Templeton,0,0,,,20502.19542330639,94489083.11325486
2025-09-16 00:00:00,Franklin Templeton,0,0,,,20502.19542330639,92814873.83498766
2025-09-17 00:00:00,Franklin Templeton,0,0,,,20502.19542330639,92358289.94291064
2025-09-18 00:00:00,Franklin Templeton,0,0,,,20502.19542330639,94162278.11820737
2025-09-19 00:00:00,Franklin Templeton,759.082441949826,3483831.6398019847,,,21261.27786525622,97579272.60092936
2025-09-20 00:00:00,Franklin Templeton,0,0,,,21261.27786525622,95088726.51179327
2025-09-21 00:00:00,Franklin Templeton,0,0,,,21261.27786525622,95367674.47738543
2025-09-22 00:00:00,Franklin Templeton,0,0,,,21261.27786525622,94657122.57112856
2025-09-23 00:00:00,Franklin Templeton,2.12e-7,0.0008911186800000001,,,21261.27786546822,89369442.76693046
2025-09-24 00:00:00,Franklin Templeton,0,0,,,21261.27786546822,88609139.47046131
2025-09-25 00:00:00,Franklin Templeton,0,0,,,21261.27786546822,88398865.43237182
2025-09-26 00:00:00,Franklin Templeton,-759.0339715087501,-2939890.378447691,,,20502.24389395947,79409291.05008382
2025-09-27 00:00:00,Franklin Templeton,0,0,,,20502.24389395947,82760792.85942937
2025-09-28 00:00:00,Franklin Templeton,0,0,,,20502.24389395947,82503489.69856018
2025-09-29 00:00:00,Franklin Templeton,0,0,,,20502.24389395947,84999637.89264974
2025-09-30 00:00:00,Franklin Templeton,1518.015442786264,6404233.910335545,,,22020.259336745734,92899510.49504963
2025-10-01 00:00:00,Franklin Templeton,0,0,,,22020.259336745734,91300619.46460854
2025-10-02 00:00:00,Franklin Templeton,0,0,,,22020.259336745734,95794954.39523834
2025-10-03 00:00:00,Franklin Templeton,0,0,,,22020.259336745734,98817014.78661332
2025-10-04 00:00:00,Franklin Templeton,0,0,,,22020.259336745734,99438646.70768964
2025-10-05 00:00:00,Franklin Templeton,0,0,,,22020.259336745734,98876469.48682253
2025-10-06 00:00:00,Franklin Templeton,0,0,,,22020.259336745734,99456703.32034579
2025-10-07 00:00:00,Franklin Templeton,0,0,,,22020.259336745734,103244187.92626606
2025-10-08 00:00:00,Franklin Templeton,0,0,,,22020.259336745734,98021863.22196342
2025-10-09 00:00:00,Franklin Templeton,0,0,,,22020.259336745734,99719405.01423316
2025-10-10 00:00:00,Franklin Templeton,-8.458910662036729,-36966.285484166714,,,22011.800426083697,96193769.04202837
2025-10-11 00:00:00,Franklin Templeton,0,0,,,22011.800426083697,84562513.57888147
2025-10-12 00:00:00,Franklin Templeton,0,0,,,22011.800426083697,82606324.87501542
2025-10-13 00:00:00,Franklin Templeton,0,0,,,22011.800426083697,91563586.82240166
2025-10-14 00:00:00,Franklin Templeton,-1517.9390676248247,-6445366.613213797,,,20493.86135845887,87019599.52999297
2025-10-15 00:00:00,Franklin Templeton,1897.4215988583273,7830829.706432214,,,22391.2829573172,92410839.98031424
2025-10-16 00:00:00,Franklin Templeton,0.000033793802550974306,0.1347406219030917,,,22391.282991111002,89277180.06517832
2025-10-17 00:00:00,Franklin Templeton,-759.9629423313525,-2960025.261862925,,,21631.32004877965,84253126.33719479
2025-10-18 00:00:00,Franklin Templeton,0,0,,,21631.32004877965,82951569.80985971
2025-10-19 00:00:00,Franklin Templeton,0,0,,,21631.32004877965,84209863.69709723
2025-10-20 00:00:00,Franklin Templeton,0,0,,,21631.32004877965,86250562.4304991
2025-10-21 00:00:00,Franklin Templeton,0,0,,,21631.32004877965,86149327.8526708
2025-10-22 00:00:00,Franklin Templeton,0,0,,,21631.32004877965,83846241.20707723
2025-10-23 00:00:00,Franklin Templeton,0,0,,,21631.32004877965,82342864.46368705
2025-10-24 00:00:00,Franklin Templeton,0,0,,,21631.32004877965,83430703.54894018
2025-10-25 00:00:00,Franklin Templeton,0,0,,,21631.32004877965,85147365.10801134
2025-10-26 00:00:00,Franklin Templeton,0,0,,,21631.32004877965,85576746.8109796
2025-10-27 00:00:00,Franklin Templeton,0,0,,,21631.32004877965,89918585.37117065
2025-10-28 00:00:00,Franklin Templeton,0,0,,,21631.32004877965,89165166.49387166
2025-10-29 00:00:00,Franklin Templeton,0,0,,,21631.32004877965,86181991.14594446
2025-10-30 00:00:00,Franklin Templeton,0,0,,,21631.32004877965,84508592.22697087
2025-10-31 00:00:00,Franklin Templeton,-1137.3503841632055,-4327208.765602698,,,20493.969664616445,77972176.7447863
2025-11-01 00:00:00,Franklin Templeton,0,0,,,20493.969664616445,78907726.45997605
2025-11-02 00:00:00,Franklin Templeton,0,0,,,20493.969664616445,79450816.65608838
2025-11-03 00:00:00,Franklin Templeton,0,0,,,20493.969664616445,80112361.9968622
2025-11-04 00:00:00,Franklin Templeton,0,0,,,20493.969664616445,73844486.31463592
2025-11-05 00:00:00,Franklin Templeton,0,0,,,20493.969664616445,67455901.15108503
2025-11-06 00:00:00,Franklin Templeton,0,0,,,20493.969664616445,70187542.36768176
2025-11-07 00:00:00,Franklin Templeton,0,0,,,20493.969664616445,67916605.5891456
2025-11-08 00:00:00,Franklin Templeton,0,0,,,20493.969664616445,70440233.01364647
2025-11-09 00:00:00,Franklin Templeton,0,0,,,20493.969664616445,69756964.06502816
2025-11-10 00:00:00,Franklin Templeton,0,0,,,20493.969664616445,73472930.64461641
2025-11-11 00:00:00,Franklin Templeton,0,0,,,20493.969664616445,73140723.39635298
2025-11-12 00:00:00,Franklin Templeton,-4.132188749850984,-14127.457473090533,,,20489.837475866592,70052295.54949078
2025-11-13 00:00:00,Franklin Templeton,1.000000007e-9,0.0000034147700239033904,,,20489.837475867593,69968082.31746837
2025-11-14 00:00:00,Franklin Templeton,0,0,,,20489.837475867593,66273559.722194694
2025-11-15 00:00:00,Franklin Templeton,0,0,,,20489.837475867593,63739376.62317939
2025-11-16 00:00:00,Franklin Templeton,0,0,,,20489.837475867593,64938646.81064192
2025-11-17 00:00:00,Franklin Templeton,0,0,,,20489.837475867593,63474033.2278669
2024-07-24 00:00:00,VanEck,3661.319509,12755195.065868929,,,8054.90267036,28061428.27592006
2024-07-25 00:00:00,VanEck,2929.0556030000002,9779442.97562831,,,10983.95827336,36672910.36434617
2024-07-26 00:00:00,VanEck,2562.923629,8143023.471003959,,,13546.88190236,43041695.055454284
2024-07-27 00:00:00,VanEck,0,0,,,13546.88190236,44404104.96837463
2024-07-28 00:00:00,VanEck,0,0,,,13546.88190236,44034004.15480216
2024-07-29 00:00:00,VanEck,2196.791518,7192866.59572668,,,15743.67342036,51548880.13334794
2024-07-30 00:00:00,VanEck,1098.395759,3649068.4226346198,,,16842.06917936,55952385.38628621
2024-07-31 00:00:00,VanEck,0,0,,,16842.06917936,55253439.515342765
2024-08-01 00:00:00,VanEck,1464.527784,4737498.41151672,,,18306.596963360003,59218729.054985836
2024-08-02 00:00:00,VanEck,0,0,,,18306.596963360003,58678318.31262745
2024-08-03 00:00:00,VanEck,0,0,,,18306.596963360003,54748990.340411864
2024-08-04 00:00:00,VanEck,0,0,,,18306.596963360003,53210870.06355035
2024-08-05 00:00:00,VanEck,2929.05454,7878541.6111466,,,21235.651503360004,57119443.05722271
2024-08-06 00:00:00,VanEck,4027.452368,9746072.25984688,,,25263.103871360006,61134437.68934279
2024-08-07 00:00:00,VanEck,0,0,,,25263.103871360006,62171235.4722234
2024-08-08 00:00:00,VanEck,0,0,,,25263.103871360006,59091157.8482272
2024-08-09 00:00:00,VanEck,0,0,,,25263.103871360006,67840023.34991789
2024-08-10 00:00:00,VanEck,0,0,,,25263.103871360006,65699480.55889755
2024-08-11 00:00:00,VanEck,0,0,,,25263.103871360006,65992279.9327666
2024-08-12 00:00:00,VanEck,-1098.395702,-2807653.18971028,,,24164.708169360005,61768377.14002788
2024-08-13 00:00:00,VanEck,0,0,,,24164.708169360005,65843513.52570876
2024-08-14 00:00:00,VanEck,0,0,,,24164.708169360005,65354661.479442604
2024-08-15 00:00:00,VanEck,0,0,,,24164.708169360005,64398463.977181025
2024-08-16 00:00:00,VanEck,0,0,,,24164.708169360005,62155495.76490103
2024-08-17 00:00:00,VanEck,0,0,,,24164.708169360005,62706209.46408074
2024-08-18 00:00:00,VanEck,0,0,,,24164.708169360005,63232033.51384602
2024-08-19 00:00:00,VanEck,-1830.659845,-4791935.210271999,,,22334.048324360007,58461604.89384475
2024-08-20 00:00:00,VanEck,0,0,,,22334.048324360007,58931736.61107253
2024-08-21 00:00:00,VanEck,0,0,,,22334.048324360007,57528935.035819486
2024-08-22 00:00:00,VanEck,366.131909,963769.0240607001,,,22700.180233360006,59753684.42827355
2024-08-23 00:00:00,VanEck,732.263957,1921680.3023551002,,,23432.444190360005,61493763.288761765
2024-08-24 00:00:00,VanEck,0,0,,,23432.444190360005,64787661.96860067
2024-08-25 00:00:00,VanEck,0,0,,,23432.444190360005,64935520.691441834
2024-08-26 00:00:00,VanEck,0,0,,,23432.444190360005,64479525.32749743
2024-08-27 00:00:00,VanEck,0,0,,,23432.444190360005,62900647.23795098
2024-08-28 00:00:00,VanEck,0,0,,,23432.444190360005,57668885.4235693
2024-08-29 00:00:00,VanEck,0,0,,,23432.444190360005,59277054.068353705
2024-08-30 00:00:00,VanEck,0,0,,,23432.444190360005,59307281.92135926
2024-08-31 00:00:00,VanEck,0,0,,,23432.444190360005,59239562.15764913
2024-09-01 00:00:00,VanEck,0,0,,,23432.444190360005,58975244.187181875
2024-09-02 00:00:00,VanEck,0,0,,,23432.444190360005,56980674.53769842
2024-09-03 00:00:00,VanEck,0,0,,,23432.444190360005,59505989.04809352
2024-09-04 00:00:00,VanEck,0,0,,,23432.444190360005,56798135.79745552
2024-09-05 00:00:00,VanEck,0,0,,,23432.444190360005,57454009.9103437
2024-09-06 00:00:00,VanEck,0,0,,,23432.444190360005,55513100.55805618
2024-09-07 00:00:00,VanEck,0,0,,,23432.444190360005,52154059.683368064
2024-09-08 00:00:00,VanEck,0,0,,,23432.444190360005,53349114.337076426
2024-09-09 00:00:00,VanEck,0,0,,,23432.444190360005,53888529.20233852
2024-09-10 00:00:00,VanEck,0,0,,,23432.444190360005,55281353.68501351
2024-09-11 00:00:00,VanEck,-732.263888,-1750088.7244033597,,,22700.180302360004,54252749.917231336
2024-09-12 00:00:00,VanEck,0,0,,,22700.180302360004,53173129.342051096
2024-09-13 00:00:00,VanEck,0,0,,,22700.180302360004,53631445.98235574
2024-09-14 00:00:00,VanEck,0,0,,,22700.180302360004,55444509.38310523
2024-09-15 00:00:00,VanEck,0,0,,,22700.180302360004,54916730.19107536
2024-09-16 00:00:00,VanEck,0,0,,,22700.180302360004,52710045.663882956
2024-09-17 00:00:00,VanEck,0,0,,,22700.180302360004,52147081.19238443
2024-09-18 00:00:00,VanEck,0,0,,,22700.180302360004,53192197.49350508
2024-09-19 00:00:00,VanEck,0,0,,,22700.180302360004,53802151.33822949
2024-09-20 00:00:00,VanEck,0,0,,,22700.180302360004,55963208.50301417
2024-09-21 00:00:00,VanEck,0,0,,,22700.180302360004,58129486.70926838
2024-09-22 00:00:00,VanEck,0,0,,,22700.180302360004,59315571.13006669
2024-09-23 00:00:00,VanEck,0,0,,,22700.180302360004,58638651.75345031
2024-09-24 00:00:00,VanEck,0,0,,,22700.180302360004,60122108.536209546
2024-09-25 00:00:00,VanEck,732.2638900000001,1942901.1340592003,,,23432.444192360002,62172835.52670495
2024-09-26 00:00:00,VanEck,366.13194500000003,944865.7265031501,,,23798.576137360003,61416271.480400845
2024-09-27 00:00:00,VanEck,732.26396,1928094.9425176,,,24530.840097360004,64591173.82675473
2024-09-28 00:00:00,VanEck,0,0,,,24530.840097360004,66149372.789739035
2024-09-29 00:00:00,VanEck,0,0,,,24530.840097360004,65696778.78994275
2024-09-30 00:00:00,VanEck,0,0,,,24530.840097360004,65243939.48174548
2024-10-01 00:00:00,VanEck,0,0,,,24530.840097360004,63889837.108371206
2024-10-02 00:00:00,VanEck,1098.395706,2692750.02513018,,,25629.235803360003,62830840.449011154
2024-10-03 00:00:00,VanEck,0,0,,,25629.235803360003,60691568.13650469
2024-10-04 00:00:00,VanEck,0,0,,,25629.235803360003,60271248.66932958
2024-10-05 00:00:00,VanEck,0,0,,,25629.235803360003,61924846.963362366
2024-10-06 00:00:00,VanEck,0,0,,,25629.235803360003,61958677.55462281
2024-10-07 00:00:00,VanEck,0,0,,,25629.235803360003,62546868.51630992
2024-10-08 00:00:00,VanEck,0,0,,,25629.235803360003,62141157.71354273
2024-10-09 00:00:00,VanEck,0,0,,,25629.235803360003,62578905.06106412
2024-10-10 00:00:00,VanEck,0,0,,,25629.235803360003,60751284.25592651
2024-10-11 00:00:00,VanEck,0,0,,,25629.235803360003,61161352.028780274
2024-10-12 00:00:00,VanEck,0,0,,,25629.235803360003,62459729.1145785
2024-10-13 00:00:00,VanEck,0,0,,,25629.235803360003,63461575.94213183
2024-10-14 00:00:00,VanEck,0,0,,,25629.235803360003,63286271.96923686
2024-10-15 00:00:00,VanEck,0,0,,,25629.235803360003,67379517.21939148
2024-10-16 00:00:00,VanEck,366.131938,954070.2653597799,,,25995.36774136,67738989.21411331
2024-10-17 00:00:00,VanEck,1098.395815,2868405.75108175,,,27093.76355636,70754008.83925632
2024-10-18 00:00:00,VanEck,0,0,,,27093.76355636,70552973.11366814
2024-10-19 00:00:00,VanEck,0,0,,,27093.76355636,71578472.06427637
2024-10-20 00:00:00,VanEck,0,0,,,27093.76355636,71721527.13585393
2024-10-21 00:00:00,VanEck,0,0,,,27093.76355636,74358563.14279446
2024-10-22 00:00:00,VanEck,1464.52771,3904840.9426188003,,,28558.29126636,76144400.83767034
2024-10-23 00:00:00,VanEck,0,0,,,28558.29126636,74882695.52952255
2024-10-24 00:00:00,VanEck,0,0,,,28558.29126636,72047713.955511
2024-10-25 00:00:00,VanEck,0,0,,,28558.29126636,72395268.3602226
2024-10-26 00:00:00,VanEck,0,0,,,28558.29126636,69679089.2778791
2024-10-27 00:00:00,VanEck,0,0,,,28558.29126636,70897385.98330203
2024-10-28 00:00:00,VanEck,0,0,,,28558.29126636,71596778.53641517
2024-10-29 00:00:00,VanEck,0,0,,,28558.29126636,73318843.49977669
2024-10-30 00:00:00,VanEck,0,0,,,28558.29126636,75357905.49619478
2024-10-31 00:00:00,VanEck,0,0,,,28558.29126636,75961913.3564783
2024-11-01 00:00:00,VanEck,0,0,,,28558.29126636,71929482.62966827
2024-11-02 00:00:00,VanEck,0,0,,,28558.29126636,71779837.18343253
2024-11-03 00:00:00,VanEck,0,0,,,28558.29126636,71218666.76004857
2024-11-04 00:00:00,VanEck,0,0,,,28558.29126636,70213129.32456003
2024-11-05 00:00:00,VanEck,0,0,,,28558.29126636,68525905.47654349
2024-11-06 00:00:00,VanEck,0,0,,,28558.29126636,69235007.8486872
2024-11-07 00:00:00,VanEck,1464.527612,3985741.18661024,,,30022.81887836,81707702.03383431
2024-11-08 00:00:00,VanEck,4393.583009,12715951.88047789,,,34416.40188736,99608294.50641619
2024-11-09 00:00:00,VanEck,0,0,,,34416.40188736,101945856.52260569
2024-11-10 00:00:00,VanEck,0,0,,,34416.40188736,107626627.81813332
2024-11-11 00:00:00,VanEck,0,0,,,34416.40188736,109705378.49212986
2024-11-12 00:00:00,VanEck,0,0,,,34416.40188736,116129544.06842448
2024-11-13 00:00:00,VanEck,1830.6597330000002,5944921.03013886,,,36247.06162036,117709432.84718947
2024-11-14 00:00:00,VanEck,-1830.659783,-5844692.569390611,,,34416.40183736,109880213.65408415
2024-11-15 00:00:00,VanEck,1098.395917,3363628.80058827,,,35514.79775436,108757320.31115417
2024-11-16 00:00:00,VanEck,0,0,,,35514.79775436,109842297.38254987
2024-11-17 00:00:00,VanEck,0,0,,,35514.79775436,111384705.04902172
2024-11-18 00:00:00,VanEck,0,0,,,35514.79775436,109337632.1064604
2024-11-19 00:00:00,VanEck,0,0,,,35514.79775436,113999304.4596977
2024-11-20 00:00:00,VanEck,0,0,,,35514.79775436,110512816.76415217
2024-11-21 00:00:00,VanEck,0,0,,,35514.79775436,109160058.11768861
2024-11-22 00:00:00,VanEck,732.2639519999999,2459484.2261404796,,,36247.06170636,121744456.03561959
2024-11-23 00:00:00,VanEck,0,0,,,36247.06170636,120670093.12664308
2024-11-24 00:00:00,VanEck,0,0,,,36247.06170636,123078710.3770307
2024-11-25 00:00:00,VanEck,0,0,,,36247.06170636,121909380.16638352
2024-11-26 00:00:00,VanEck,732.2638730000001,2499919.5718670804,,,36979.325579360004,126245938.35491188
2024-11-27 00:00:00,VanEck,3661.319173,12178572.738766441,,,40640.64475236001,135182163.82688007
2024-11-28 00:00:00,VanEck,0,0,,,40640.64475236001,148615116.1368776
2024-11-29 00:00:00,VanEck,0,0,,,40640.64475236001,145488631.33607855
2024-11-30 00:00:00,VanEck,0,0,,,40640.64475236001,145998671.42772067
2024-12-01 00:00:00,VanEck,0,0,,,40640.64475236001,150469548.7569278
2024-12-02 00:00:00,VanEck,0,0,,,40640.64475236001,150670719.94845197
2024-12-03 00:00:00,VanEck,0,0,,,40640.64475236001,148033954.91691887
2024-12-04 00:00:00,VanEck,0,0,,,40640.64475236001,146974453.30822483
2024-12-05 00:00:00,VanEck,0,0,,,40640.64475236001,156021873.6429952
2024-12-06 00:00:00,VanEck,366.13196100000005,1388240.5886060402,,,41006.77671336001,155482934.85744432
2024-12-07 00:00:00,VanEck,0,0,,,41006.77671336001,164189903.75699204
2024-12-08 00:00:00,VanEck,0,0,,,41006.77671336001,163992251.09323367
2024-12-09 00:00:00,VanEck,0,0,,,41006.77671336001,164189083.6214578
2024-12-10 00:00:00,VanEck,0,0,,,41006.77671336001,152539058.35719222
2024-12-11 00:00:00,VanEck,0,0,,,41006.77671336001,148912829.0924298
2024-12-12 00:00:00,VanEck,1464.5278440000002,5612012.117094241,,,42471.30455736001,162748340.21162125
2024-12-13 00:00:00,VanEck,0,0,,,42471.30455736001,164878700.84821844
2024-12-14 00:00:00,VanEck,0,0,,,42471.30455736001,165944730.59260818
2024-12-15 00:00:00,VanEck,0,0,,,42471.30455736001,164380937.15880617
2024-12-16 00:00:00,VanEck,0,0,,,42471.30455736001,167875476.09778577
2024-12-17 00:00:00,VanEck,0,0,,,42471.30455736001,169407416.05316973
2024-12-18 00:00:00,VanEck,0,0,,,42471.30455736001,165223143.12817863
2024-12-19 00:00:00,VanEck,0,0,,,42471.30455736001,153993305.49016708
2024-12-20 00:00:00,VanEck,1464.5276099999999,5009094.4939308,,,43935.83216736001,150272848.0453781
2024-12-21 00:00:00,VanEck,0,0,,,43935.83216736001,152642307.4741638
2024-12-22 00:00:00,VanEck,0,0,,,43935.83216736001,146701304.24849337
2024-12-23 00:00:00,VanEck,0,0,,,43935.83216736001,144178069.4071219
2024-12-24 00:00:00,VanEck,0,0,,,43935.83216736001,150240774.8878959
2024-12-25 00:00:00,VanEck,0,0,,,43935.83216736001,153515751.81765094
2024-12-26 00:00:00,VanEck,0,0,,,43935.83216736001,153575943.9077202
2024-12-27 00:00:00,VanEck,0,0,,,43935.83216736001,146476352.7877965
2024-12-28 00:00:00,VanEck,0,0,,,43935.83216736001,146346302.72458112
2024-12-29 00:00:00,VanEck,0,0,,,43935.83216736001,149466186.16678536
2024-12-30 00:00:00,VanEck,0,0,,,43935.83216736001,147404716.92149282
2024-12-31 00:00:00,VanEck,0,0,,,43935.83216736001,147615608.91589615
2025-01-01 00:00:00,VanEck,0,0,,,43935.83216736001,146506668.51199198
2025-01-02 00:00:00,VanEck,0,0,,,43935.83216736001,147496103.45240092
2025-01-03 00:00:00,VanEck,0,0,,,43935.83216736001,151728881.5234044
2025-01-04 00:00:00,VanEck,0,0,,,43935.83216736001,158377251.64696932
2025-01-05 00:00:00,VanEck,0,0,,,43935.83216736001,160687397.7023291
2025-01-06 00:00:00,VanEck,0,0,,,43935.83216736001,159710264.794927
2025-01-07 00:00:00,VanEck,0,0,,,43935.83216736001,162096419.83993635
2025-01-08 00:00:00,VanEck,0,0,,,43935.83216736001,148658206.21322763
2025-01-09 00:00:00,VanEck,0,0,,,43935.83216736001,146189891.16206533
2025-01-10 00:00:00,VanEck,0,0,,,43935.83216736001,141500619.794843
2025-01-11 00:00:00,VanEck,0,0,,,43935.83216736001,143629750.22167325
2025-01-12 00:00:00,VanEck,0,0,,,43935.83216736001,144410050.60096556
2025-01-13 00:00:00,VanEck,0,0,,,43935.83216736001,143565164.54838723
2025-01-14 00:00:00,VanEck,0,0,,,43935.83216736001,137839007.54201522
2025-01-15 00:00:00,VanEck,0,0,,,43935.83216736001,141693498.09805772
2025-01-16 00:00:00,VanEck,732.263812,2526603.0569248004,,,44668.095979360005,154122798.36718377
2025-01-17 00:00:00,VanEck,0,0,,,44668.095979360005,147718733.44662294
2025-01-18 00:00:00,VanEck,0,0,,,44668.095979360005,155198852.79932654
2025-01-19 00:00:00,VanEck,0,0,,,44668.095979360005,147696846.07959303
2025-01-20 00:00:00,VanEck,0,0,,,44668.095979360005,143552093.4536682
2025-01-21 00:00:00,VanEck,0,0,,,44668.095979360005,146503314.55502453
2025-01-22 00:00:00,VanEck,1098.395808,3656746.37211936,,,45766.491787360006,152364431.46372533
2025-01-23 00:00:00,VanEck,0,0,,,45766.491787360006,148411579.56805104
2025-01-24 00:00:00,VanEck,0,0,,,45766.491787360006,152826215.36585978
2025-01-25 00:00:00,VanEck,0,0,,,45766.491787360006,151590062.42268318
2025-01-26 00:00:00,VanEck,0,0,,,45766.491787360006,151971297.29927188
2025-01-27 00:00:00,VanEck,0,0,,,45766.491787360006,148215241.31828326
2025-01-28 00:00:00,VanEck,0,0,,,45766.491787360006,145590075.3493603
2025-01-29 00:00:00,VanEck,0,0,,,45766.491787360006,140939284.45392877
2025-01-30 00:00:00,VanEck,0,0,,,45766.491787360006,142596489.12154907
2025-01-31 00:00:00,VanEck,0,0,,,45766.491787360006,148667414.25714236
2025-02-01 00:00:00,VanEck,0,0,,,45766.491787360006,151014777.62091607
2025-02-02 00:00:00,VanEck,0,0,,,45766.491787360006,142869715.0775196
2025-02-03 00:00:00,VanEck,732.26387,2101392.2730163997,,,46498.75565736001,133438409.08503915
2025-02-04 00:00:00,VanEck,0,0,,,46498.75565736001,134100086.37804338
2025-02-05 00:00:00,VanEck,0,0,,,46498.75565736001,127152707.29527724
2025-02-06 00:00:00,VanEck,0,0,,,46498.75565736001,129684099.55326392
2025-02-07 00:00:00,VanEck,0,0,,,46498.75565736001,125087697.55653389
2025-02-08 00:00:00,VanEck,0,0,,,46498.75565736001,122051328.81210826
2025-02-09 00:00:00,VanEck,0,0,,,46498.75565736001,122562815.12433922
2025-02-10 00:00:00,VanEck,0,0,,,46498.75565736001,122343340.9976365
2025-02-11 00:00:00,VanEck,0,0,,,46498.75565736001,123848970.7058218
2025-02-12 00:00:00,VanEck,0,0,,,46498.75565736001,121141813.1514503
2025-02-13 00:00:00,VanEck,0,0,,,46498.75565736001,127330332.54188836
2025-02-14 00:00:00,VanEck,0,0,,,46498.75565736001,124499023.3099117
2025-02-15 00:00:00,VanEck,0,0,,,46498.75565736001,126809546.47852592
2025-02-16 00:00:00,VanEck,0,0,,,46498.75565736001,125375989.84160951
2025-02-17 00:00:00,VanEck,0,0,,,46498.75565736001,123969867.47053096
2025-02-18 00:00:00,VanEck,0,0,,,46498.75565736001,127683258.09732771
2025-02-19 00:00:00,VanEck,0,0,,,46498.75565736001,124212590.97506236
2025-02-20 00:00:00,VanEck,0,0,,,46498.75565736001,126372923.16290331
2025-02-21 00:00:00,VanEck,0,0,,,46498.75565736001,127437744.66745687
2025-02-22 00:00:00,VanEck,0,0,,,46498.75565736001,123790382.27369353
2025-02-23 00:00:00,VanEck,0,0,,,46498.75565736001,128625787.87450239
2025-02-24 00:00:00,VanEck,0,0,,,46498.75565736001,131277146.92208506
2025-02-25 00:00:00,VanEck,0,0,,,46498.75565736001,117042482.85269746
2025-02-26 00:00:00,VanEck,0,0,,,46498.75565736001,116048339.45674309
2025-02-27 00:00:00,VanEck,0,0,,,46498.75565736001,108569014.60925674
2025-02-28 00:00:00,VanEck,0,0,,,46498.75565736001,107327962.8207618
2025-03-01 00:00:00,VanEck,0,0,,,46498.75565736001,104095834.3150187
2025-03-02 00:00:00,VanEck,0,0,,,46498.75565736001,103201663.24372767
2025-03-03 00:00:00,VanEck,0,0,,,46498.75565736001,117110836.02351376
2025-03-04 00:00:00,VanEck,0,0,,,46498.75565736001,99951400.22327821
2025-03-05 00:00:00,VanEck,0,0,,,46498.75565736001,100959493.24592978
2025-03-06 00:00:00,VanEck,0,0,,,46498.75565736001,104292524.05144933
2025-03-07 00:00:00,VanEck,0,0,,,46498.75565736001,102472097.7674637
2025-03-08 00:00:00,VanEck,0,0,,,46498.75565736001,99603124.54340458
2025-03-09 00:00:00,VanEck,0,0,,,46498.75565736001,102558585.45298637
2025-03-10 00:00:00,VanEck,0,0,,,46498.75565736001,93912606.82605687
2025-03-11 00:00:00,VanEck,0,0,,,46498.75565736001,86733198.95256047
2025-03-12 00:00:00,VanEck,0,0,,,46498.75565736001,89431986.73091365
2025-03-13 00:00:00,VanEck,732.2639200000001,1398214.0194048001,,,47231.019577360006,90184798.02179429
2025-03-14 00:00:00,VanEck,0,0,,,47231.019577360006,88119385.53567635
2025-03-15 00:00:00,VanEck,0,0,,,47231.019577360006,90374194.41029951
2025-03-16 00:00:00,VanEck,0,0,,,47231.019577360006,91634318.01262347
2025-03-17 00:00:00,VanEck,0,0,,,47231.019577360006,89257653.1074907
2025-03-18 00:00:00,VanEck,0,0,,,47231.019577360006,91122333.76040488
2025-03-19 00:00:00,VanEck,0,0,,,47231.019577360006,91348098.03398466
2025-03-20 00:00:00,VanEck,0,0,,,47231.019577360006,97272284.81957293
2025-03-21 00:00:00,VanEck,0,0,,,47231.019577360006,93703981.29050338
2025-03-22 00:00:00,VanEck,0,0,,,47231.019577360006,92939311.08354592
2025-03-23 00:00:00,VanEck,0,0,,,47231.019577360006,93766326.2363455
2025-03-24 00:00:00,VanEck,0,0,,,47231.019577360006,94780376.22667141
2025-03-25 00:00:00,VanEck,0,0,,,47231.019577360006,98264608.54089327
2025-03-26 00:00:00,VanEck,0,0,,,47231.019577360006,97688390.10204947
2025-03-27 00:00:00,VanEck,-1098.395758,-2209181.42015024,,,46132.62381936001,92785623.6354024
2025-03-28 00:00:00,VanEck,0,0,,,46132.62381936001,92488990.86424391
2025-03-29 00:00:00,VanEck,0,0,,,46132.62381936001,87575405.10124387
2025-03-30 00:00:00,VanEck,0,0,,,46132.62381936001,84437002.7028128
2025-03-31 00:00:00,VanEck,0,0,,,46132.62381936001,83458068.425366
2025-04-01 00:00:00,VanEck,0,0,,,46132.62381936001,84159745.63365845
2025-04-02 00:00:00,VanEck,0,0,,,46132.62381936001,87977681.5809487
2025-04-03 00:00:00,VanEck,0,0,,,46132.62381936001,82829742.08894631
2025-04-04 00:00:00,VanEck,0,0,,,46132.62381936001,83850657.05406874
2025-04-05 00:00:00,VanEck,0,0,,,46132.62381936001,83788378.01191261
2025-04-06 00:00:00,VanEck,0,0,,,46132.62381936001,83410551.82283205
2025-04-07 00:00:00,VanEck,0,0,,,46132.62381936001,72895542.87568533
2025-04-08 00:00:00,VanEck,0,0,,,46132.62381936001,71694710.67766738
2025-04-09 00:00:00,VanEck,0,0,,,46132.62381936001,67975498.54535058
2025-04-10 00:00:00,VanEck,-2929.0560090000004,-4889795.391984691,,,43203.56781036001,72124468.1382931
2025-04-11 00:00:00,VanEck,0,0,,,43203.56781036001,65802490.06060312
2025-04-12 00:00:00,VanEck,0,0,,,43203.56781036001,67751835.04020657
2025-04-13 00:00:00,VanEck,0,0,,,43203.56781036001,71087582.51084447
2025-04-14 00:00:00,VanEck,0,0,,,43203.56781036001,69033252.86146183
2025-04-15 00:00:00,VanEck,0,0,,,43203.56781036001,70171234.83758673
2025-04-16 00:00:00,VanEck,0,0,,,43203.56781036001,68722187.17322725
2025-04-17 00:00:00,VanEck,0,0,,,43203.56781036001,68221457.82230517
2025-04-18 00:00:00,VanEck,0,0,,,43203.56781036001,68447412.48195335
2025-04-19 00:00:00,VanEck,0,0,,,43203.56781036001,68737740.45763898
2025-04-20 00:00:00,VanEck,0,0,,,43203.56781036001,69753024.30118243
2025-04-21 00:00:00,VanEck,0,0,,,43203.56781036001,68612450.11098893
2025-04-22 00:00:00,VanEck,0,0,,,43203.56781036001,68300952.38707624
2025-04-23 00:00:00,VanEck,0,0,,,43203.56781036001,75883610.57347253
2025-04-24 00:00:00,VanEck,0,0,,,43203.56781036001,77600952.39393434
2025-04-25 00:00:00,VanEck,1464.527526,2591950.10606532,,,44668.095336360006,79054488.48819666
2025-04-26 00:00:00,VanEck,0,0,,,44668.095336360006,79869234.54713187
2025-04-27 00:00:00,VanEck,0,0,,,44668.095336360006,81392863.27905512
2025-04-28 00:00:00,VanEck,0,0,,,44668.095336360006,80102402.00478767
2025-04-29 00:00:00,VanEck,0,0,,,44668.095336360006,80391851.26256728
2025-04-30 00:00:00,VanEck,0,0,,,44668.095336360006,80426245.69597627
2025-05-01 00:00:00,VanEck,0,0,,,44668.095336360006,80210945.47645503
2025-05-02 00:00:00,VanEck,0,0,,,44668.095336360006,82172768.22362795
2025-05-03 00:00:00,VanEck,0,0,,,44668.095336360006,82365734.39548104
2025-05-04 00:00:00,VanEck,0,0,,,44668.095336360006,82037423.89475878
2025-05-05 00:00:00,VanEck,0,0,,,44668.095336360006,80956902.66857225
2025-05-06 00:00:00,VanEck,0,0,,,44668.095336360006,81377229.44568738
2025-05-07 00:00:00,VanEck,0.000009,0.01635948,,,44668.09534536001,81194090.2711678
2025-05-08 00:00:00,VanEck,0,0,,,44668.09534536001,80949755.78962867
2025-05-09 00:00:00,VanEck,0,0,,,44668.09534536001,98497170.3650999
2025-05-10 00:00:00,VanEck,0,0,,,44668.09534536001,104728816.34673107
2025-05-11 00:00:00,VanEck,0,0,,,44668.09534536001,115278973.78635165
2025-05-12 00:00:00,VanEck,0,0,,,44668.09534536001,112222782.70282212
2025-05-13 00:00:00,VanEck,0,0,,,44668.09534536001,111469678.61529936
2025-05-14 00:00:00,VanEck,1098.395825,2942064.2012207503,,,45766.49117036001,122586004.26472099
2025-05-15 00:00:00,VanEck,0,0,,,45766.49117036001,119468390.88619606
2025-05-16 00:00:00,VanEck,0,0,,,45766.49117036001,116678923.24936262
2025-05-17 00:00:00,VanEck,0,0,,,45766.49117036001,116288077.41476774
2025-05-18 00:00:00,VanEck,0,0,,,45766.49117036001,113409822.78506382
2025-05-19 00:00:00,VanEck,0,0,,,45766.49117036001,114396090.66978505
2025-05-20 00:00:00,VanEck,0,0,,,45766.49117036001,115788764.99609911
2025-05-21 00:00:00,VanEck,0,0,,,45766.49117036001,115562220.86480583
2025-05-22 00:00:00,VanEck,0,0,,,45766.49117036001,116864735.20351428
2025-05-23 00:00:00,VanEck,0,0,,,45766.49117036001,121947561.71289445
2025-05-24 00:00:00,VanEck,0,0,,,45766.49117036001,115688078.71552433
2025-05-25 00:00:00,VanEck,0,0,,,45766.49117036001,115913707.5169942
2025-05-26 00:00:00,VanEck,0,0,,,45766.49117036001,116829495.0053131
2025-05-27 00:00:00,VanEck,0,0,,,45766.49117036001,117412102.4379118
2025-05-28 00:00:00,VanEck,1098.39589,2925434.6615493,,,46864.88706036001,124818534.24995103
2025-05-29 00:00:00,VanEck,0,0,,,46864.88706036001,125745521.71600495
2025-05-30 00:00:00,VanEck,0,0,,,46864.88706036001,123478667.12889536
2025-05-31 00:00:00,VanEck,0,0,,,46864.88706036001,118776713.0101294
2025-06-01 00:00:00,VanEck,0,0,,,46864.88706036001,118715320.00808035
2025-06-02 00:00:00,VanEck,0,0,,,46864.88706036001,119035875.83557321
2025-06-03 00:00:00,VanEck,0,0,,,46864.88706036001,122336569.83123437
2025-06-04 00:00:00,VanEck,0,0,,,46864.88706036001,121669682.48836544
2025-06-05 00:00:00,VanEck,0,0,,,46864.88706036001,122347817.40412886
2025-06-06 00:00:00,VanEck,0,0,,,46864.88706036001,113384907.75383501
2025-06-07 00:00:00,VanEck,0,0,,,46864.88706036001,116239448.02468152
2025-06-08 00:00:00,VanEck,0,0,,,46864.88706036001,118465061.51117803
2025-06-09 00:00:00,VanEck,0.001000000100248144,2.5128002519035366,,,46864.88806036011,117762090.71807289
2025-06-10 00:00:00,VanEck,0,0,,,46864.88806036011,125643827.59206423
2025-06-11 00:00:00,VanEck,0,0,,,46864.88806036011,131850613.36677833
2025-06-12 00:00:00,VanEck,0,0,,,46864.88806036011,130071622.21600707
2025-06-13 00:00:00,VanEck,0,0,,,46864.88806036011,124168520.9159241
2025-06-14 00:00:00,VanEck,0,0,,,46864.88806036011,120967649.0614015
2025-06-15 00:00:00,VanEck,0,0,,,46864.88806036011,118840451.79234175
2025-06-16 00:00:00,VanEck,0,0,,,46864.88806036011,119534989.43339631
2025-06-17 00:00:00,VanEck,0,0,,,46864.88806036011,119254268.75391473
2025-06-18 00:00:00,VanEck,0,0,,,46864.88806036011,117789272.3531479
2025-06-19 00:00:00,VanEck,0,0,,,46864.88806036011,118406014.28002222
2025-06-20 00:00:00,VanEck,0,0,,,46864.88806036011,118285571.5177071
2025-06-21 00:00:00,VanEck,0,0,,,46864.88806036011,112919541.83479586
2025-06-22 00:00:00,VanEck,0,0,,,46864.88806036011,107706291.68696141
2025-06-23 00:00:00,VanEck,732.263842,1632948.36766,,,47597.15190236011,106141648.74226303
2025-06-24 00:00:00,VanEck,0,0,,,47597.15190236011,115088485.38534966
2025-06-25 00:00:00,VanEck,0,0,,,47597.15190236011,116593983.30002132
2025-06-26 00:00:00,VanEck,0,0,,,47597.15190236011,115243176.12903233
2025-06-27 00:00:00,VanEck,0,0,,,47597.15190236011,115167020.68598856
2025-06-28 00:00:00,VanEck,0,0,,,47597.15190236011,115458315.255631
2025-06-29 00:00:00,VanEck,0,0,,,47597.15190236011,116085645.71770412
2025-06-30 00:00:00,VanEck,0,0,,,47597.15190236011,119066655.34134893
2025-07-01 00:00:00,VanEck,0,0,,,47597.15190236011,118473594.82864553
2025-07-02 00:00:00,VanEck,0,0,,,47597.15190236011,114642024.10050553
2025-07-03 00:00:00,VanEck,1098.395669,2824722.17405392,,,48695.547571360104,125229365.77831535
2025-07-04 00:00:00,VanEck,0,0,,,48695.547571360104,126176981.13405402
2025-07-05 00:00:00,VanEck,0,0,,,48695.547571360104,122210728.78436674
2025-07-06 00:00:00,VanEck,0,0,,,48695.547571360104,122666519.10963468
2025-07-07 00:00:00,VanEck,0,0,,,48695.547571360104,125233261.42212108
2025-07-08 00:00:00,VanEck,0,0,,,48695.547571360104,123841055.71705589
2025-07-09 00:00:00,VanEck,0,0,,,48695.547571360104,127351517.74147524
2025-07-10 00:00:00,VanEck,732.263909,2026752.72469111,,,49427.811480360106,136805802.33722588
2025-07-11 00:00:00,VanEck,0,0,,,49427.811480360106,145733453.64680853
2025-07-12 00:00:00,VanEck,0,0,,,49427.811480360106,146082908.2739747
2025-07-13 00:00:00,VanEck,0,0,,,49427.811480360106,145301948.852585
2025-07-14 00:00:00,VanEck,2196.791508,6524888.169146519,,,51624.60298836011,153334879.5499973
2025-07-15 00:00:00,VanEck,2196.791777,6617813.260294729,,,53821.394765360106,162136413.51669964
2025-07-16 00:00:00,VanEck,0,0,,,53821.394765360106,168786585.05390757
2025-07-17 00:00:00,VanEck,1098.395831,3701297.38359563,,,54919.79059636011,185064865.96627253
2025-07-18 00:00:00,VanEck,0,0,,,54919.79059636011,190854510.29094082
2025-07-19 00:00:00,VanEck,0,0,,,54919.79059636011,194709330.39289936
2025-07-20 00:00:00,VanEck,0,0,,,54919.79059636011,197247723.11426312
2025-07-21 00:00:00,VanEck,732.263844,2749958.28503448,,,55652.05444036011,208996838.28641716
2025-07-22 00:00:00,VanEck,0,0,,,55652.05444036011,209310715.8734608
2025-07-23 00:00:00,VanEck,0,0,,,55652.05444036011,208436422.09820274
2025-07-24 00:00:00,VanEck,1098.389786,3983563.18857978,,,56750.44422636011,205818538.589067
2025-07-25 00:00:00,VanEck,0,0,,,56750.44422636011,210194565.34336165
2025-07-26 00:00:00,VanEck,0,0,,,56750.44422636011,211320494.1568126
2025-07-27 00:00:00,VanEck,0,0,,,56750.44422636011,212214313.65337777
2025-07-28 00:00:00,VanEck,0,0,,,56750.44422636011,219650891.8648
2025-07-29 00:00:00,VanEck,0,0,,,56750.44422636011,215296997.78375366
2025-07-30 00:00:00,VanEck,0,0,,,56750.44422636011,215237977.32175824
2025-07-31 00:00:00,VanEck,0,0,,,56750.44422636011,216063696.2852518
2025-08-01 00:00:00,VanEck,-1467.948551,-5430367.39522879,,,55282.49567536011,204505983.4269029
2025-08-02 00:00:00,VanEck,0,0,,,55282.49567536011,192878416.1115044
2025-08-03 00:00:00,VanEck,0,0,,,55282.49567536011,187840522.28060883
2025-08-04 00:00:00,VanEck,0,0,,,55282.49567536011,193523562.83603585
2025-08-05 00:00:00,VanEck,0.579453,2156.6835042899997,,,55283.075128360106,205759735.81249732
2025-08-06 00:00:00,VanEck,1464.412802,5293442.24364544,,,56747.487930360105,205126279.57163125
2025-08-07 00:00:00,VanEck,0.000010001,0.03685958559,,,56747.487940361105,209147974.0781155
2025-08-08 00:00:00,VanEck,1830.4960170000002,7155555.37013436,,,58577.9839573611,228986025.52804112
2025-08-09 00:00:00,VanEck,0,0,,,58577.9839573611,234795204.19709265
2025-08-10 00:00:00,VanEck,0,0,,,58577.9839573611,249530496.06156683
2025-08-11 00:00:00,VanEck,0,0,,,58577.9839573611,248839861.63070956
2025-08-12 00:00:00,VanEck,2196.554939,9278489.68337929,,,60774.538896361104,256718337.49750787
2025-08-13 00:00:00,VanEck,1098.274811,5037819.5063013295,,,61872.81370736111,283812452.6600766
2025-08-14 00:00:00,VanEck,0,0,,,61872.81370736111,293813574.26773447
2025-08-15 00:00:00,VanEck,0,0,,,61872.81370736111,281621536.32669896
2025-08-16 00:00:00,VanEck,0,0,,,61872.81370736111,274999289.0756001
2025-08-17 00:00:00,VanEck,0,0,,,61872.81370736111,273824324.34329736
2025-08-18 00:00:00,VanEck,-1098.2393829999999,-4915159.376222669,,,60774.57432436111,271995999.64293486
2025-08-19 00:00:00,VanEck,-732.1550179999999,-3160120.1671414194,,,60042.41930636111,259154489.78592274
2025-08-20 00:00:00,VanEck,0,0,,,60042.41930636111,244813357.93459842
2025-08-21 00:00:00,VanEck,0,0,,,60042.41930636111,260172208.7931656
2025-08-22 00:00:00,VanEck,2196.434112,9277254.47358336,,,62238.85341836111,262883224.2914053
2025-08-23 00:00:00,VanEck,0,0,,,62238.85341836111,300387112.58424133
2025-08-24 00:00:00,VanEck,0,0,,,62238.85341836111,297231602.7159304
2025-08-25 00:00:00,VanEck,0,0,,,62238.85341836111,297667897.07839316
2025-08-26 00:00:00,VanEck,0,0,,,62238.85341836111,272582527.2081227
2025-08-27 00:00:00,VanEck,0,0,,,62238.85341836111,286481707.95351106
2025-08-28 00:00:00,VanEck,732.1260080000001,3301624.7307171207,,,62970.97942636111,283976447.6602951
2025-08-29 00:00:00,VanEck,0,0,,,62970.97942636111,284286264.87907284
2025-08-30 00:00:00,VanEck,0,0,,,62970.97942636111,274844396.2238842
2025-08-31 00:00:00,VanEck,0,0,,,62970.97942636111,275624606.65897685
2025-09-01 00:00:00,VanEck,0,0,,,62970.97942636111,276738563.2850292
2025-09-02 00:00:00,VanEck,0,0,,,62970.97942636111,271763226.20055234
2025-09-03 00:00:00,VanEck,-10.129405,-43809.0688607,,,62960.85002136111,272301898.6913855
2025-09-04 00:00:00,VanEck,-4026.479755,-17920411.856793202,,,58934.37026636111,262295665.68227744
2025-09-05 00:00:00,VanEck,0,0,,,58934.37026636111,253500889.60742834
2025-09-06 00:00:00,VanEck,0,0,,,58934.37026636111,253970007.19474858
2025-09-07 00:00:00,VanEck,1e-8,0.0000427618,,,58934.37026637111,252013975.44565082
2025-09-08 00:00:00,VanEck,0,0,,,58934.37026637111,253911662.16822797
2025-09-09 00:00:00,VanEck,0,0,,,58934.37026637111,253900464.63787732
2025-09-10 00:00:00,VanEck,732.062445,3155562.4897969505,,,59666.43271137111,257192754.8666923
2025-09-11 00:00:00,VanEck,1830.1561140000001,7961929.45990674,,,61496.58882537111,267535374.99178272
2025-09-12 00:00:00,VanEck,0,0,,,61496.58882537111,274292005.20602626
2025-09-13 00:00:00,VanEck,1e-8,0.0000471164,,,61496.588825381106,289749787.77321863
2025-09-14 00:00:00,VanEck,0,0,,,61496.588825381106,286927709.3120219
2025-09-15 00:00:00,VanEck,1464.1113719999998,6747694.0034775585,,,62960.700197381106,290168867.8206762
2025-09-16 00:00:00,VanEck,0,0,,,62960.700197381106,285027497.0425581
2025-09-17 00:00:00,VanEck,0,0,,,62960.700197381106,283625362.24916244
2025-09-18 00:00:00,VanEck,0,0,,,62960.700197381106,289165274.25952995
2025-09-19 00:00:00,VanEck,-1830.073863,-8399178.89645439,,,61130.62633438111,280560843.4804321
2025-09-20 00:00:00,VanEck,0,0,,,61130.62633438111,273400001.91162276
2025-09-21 00:00:00,VanEck,0,0,,,61130.62633438111,274202035.7291298
2025-09-22 00:00:00,VanEck,0,0,,,61130.62633438111,272159050.1970348
2025-09-23 00:00:00,VanEck,0,0,,,61130.62633438111,256955863.42767423
2025-09-24 00:00:00,VanEck,0,0,,,61130.62633438111,254769832.22995675
2025-09-25 00:00:00,VanEck,-365.99845,-1521726.395503,,,60764.62788438111,252643523.9400067
2025-09-26 00:00:00,VanEck,0,0,,,60764.62788438111,235353556.7217849
2025-09-27 00:00:00,VanEck,0,0,,,60764.62788438111,245286750.4420447
2025-09-28 00:00:00,VanEck,0,0,,,60764.62788438111,244524154.3620957
2025-09-29 00:00:00,VanEck,1463.9547309999998,6069366.000610969,,,62228.58261538111,257991613.80763006
2025-09-30 00:00:00,VanEck,2195.932096,9264242.24524672,,,64424.5147113811,271795431.1546688
2025-10-01 00:00:00,VanEck,-11,-45608.31,,,64413.5147113811,267071958.83147544
2025-10-02 00:00:00,VanEck,0.875307,3807.85679517,,,64414.390018381106,280222565.0408635
2025-10-03 00:00:00,VanEck,1463.944019,6569521.98246345,,,65878.33403738111,295632317.9094496
2025-10-04 00:00:00,VanEck,0,0,,,65878.33403738111,297492063.2793248
2025-10-05 00:00:00,VanEck,0,0,,,65878.33403738111,295810189.41135055
2025-10-06 00:00:00,VanEck,0,0,,,65878.33403738111,297546083.5132355
2025-10-07 00:00:00,VanEck,1097.937308,5147788.862288801,,,66976.2713453811,314024945.82995385
2025-10-08 00:00:00,VanEck,0,0,,,66976.2713453811,298140853.3176832
2025-10-09 00:00:00,VanEck,-1097.91886,-4971958.4950757995,,,65878.3524853811,298332095.58062285
2025-10-10 00:00:00,VanEck,0,0,,,65878.3524853811,287894988.1963639
2025-10-11 00:00:00,VanEck,0,0,,,65878.3524853811,253084207.9595637
2025-10-12 00:00:00,VanEck,0,0,,,65878.3524853811,247229598.7741879
2025-10-13 00:00:00,VanEck,-2195.775442,-9133876.8948595,,,63682.5770433811,264903599.8562045
2025-10-14 00:00:00,VanEck,0,0,,,63682.5770433811,270404500.8612118
2025-10-15 00:00:00,VanEck,2561.734937,10572510.641143331,,,66244.3119803811,273396237.53111106
2025-10-16 00:00:00,VanEck,0,0,,,66244.3119803811,264125346.0694567
2025-10-17 00:00:00,VanEck,-1097.859712,-4276119.66385152,,,65146.4522683811,253742825.72725365
2025-10-18 00:00:00,VanEck,0,0,,,65146.4522683811,249822963.69426516
2025-10-19 00:00:00,VanEck,0,0,,,65146.4522683811,253612532.8227169
2025-10-20 00:00:00,VanEck,0,0,,,65146.4522683811,259758449.12971598
2025-10-21 00:00:00,VanEck,0,0,,,65146.4522683811,259453563.73309994
2025-10-22 00:00:00,VanEck,1097.839205,4255389.43446075,,,66244.2914733811,256772810.39454618
2025-10-23 00:00:00,VanEck,0,0,,,66244.2914733811,252168832.13714617
2025-10-24 00:00:00,VanEck,-1463.7615050000002,-5645640.299094701,,,64780.5299683811,249854617.25624782
2025-10-25 00:00:00,VanEck,0,0,,,64780.5299683811,254995600.11453855
2025-10-26 00:00:00,VanEck,0,0,,,64780.5299683811,256281493.63441092
2025-10-27 00:00:00,VanEck,0,0,,,64780.5299683811,269284241.6096643
2025-10-28 00:00:00,VanEck,1097.801681,4525182.441149239,,,65878.3316493811,271553118.1920149
2025-10-29 00:00:00,VanEck,-1097.7955080000002,-4373760.01728804,,,64780.5361413811,258094077.45696068
2025-10-30 00:00:00,VanEck,-731.855238,-2859190.08816126,,,64048.6809033811,250223465.09290218
2025-10-31 00:00:00,VanEck,0,0,,,64048.6809033811,243682173.31223986
2025-11-01 00:00:00,VanEck,0,0,,,64048.6809033811,246605995.59547922
2025-11-02 00:00:00,VanEck,0,0,,,64048.6809033811,248303285.6394188
2025-11-03 00:00:00,VanEck,-745.337442,-2913576.23439894,,,63303.3434613811,247457200.82458103
2025-11-04 00:00:00,VanEck,0,0,,,63303.3434613811,228096506.26035222
2025-11-05 00:00:00,VanEck,0.76407,2514.936405,,,63304.107531381094,208365469.93954086
2025-11-06 00:00:00,VanEck,0,0,,,63304.107531381094,216803274.43239865
2025-11-07 00:00:00,VanEck,0,0,,,63304.107531381094,209788546.27684632
2025-11-08 00:00:00,VanEck,0,0,,,63304.107531381094,217583814.07826057
2025-11-09 00:00:00,VanEck,0,0,,,63304.107531381094,215473255.13316435
2025-11-10 00:00:00,VanEck,0,0,,,63304.107531381094,226951555.91075435
2025-11-11 00:00:00,VanEck,-1097.693025,-3917545.65999225,,,62206.414506381094,222007850.66767842
2025-11-12 00:00:00,VanEck,0,0,,,62206.414506381094,212676266.4275762
2025-11-13 00:00:00,VanEck,0,0,,,62206.414506381094,212420598.06395498
2025-11-14 00:00:00,VanEck,0,0,,,62206.414506381094,201204159.4643094
2025-11-15 00:00:00,VanEck,0,0,,,62206.414506381094,193510470.1181602
2025-11-16 00:00:00,VanEck,0,0,,,62206.414506381094,197151411.55921867
2025-11-17 00:00:00,VanEck,0.00015,0.46467449999999993,,,62206.414656381094,192704897.51497704
2024-07-24 00:00:00,BlackRock,75931.89609829841,264529261.67036906,30666.44085153719,106834826.64535972,101400.6355342251,353256492.0550674
2024-07-25 00:00:00,BlackRock,5215.0031905971555,17411696.202670064,-42777.26993296672,-142823465.5340913,106615.63872482226,355965096.1052748
2024-07-26 00:00:00,BlackRock,28004.290589745375,88976352.23336259,-43461.71810715181,-138088309.23876703,134619.92931456765,427719824.2154169
2024-07-27 00:00:00,BlackRock,10926.898657921949,35816297.689923145,10926.89865792193,35816297.689923085,145546.82797248958,477074848.1965061
2024-07-28 00:00:00,BlackRock,1119.9738183588042,3640463.6968371095,1119.9738183588042,3640463.6968371095,146666.80179084837,476738972.5531347
2024-07-29 00:00:00,BlackRock,26610.046940721266,87128212.29612602,-47510.80160198739,-155562717.25332326,173276.84873156965,567353454.7278293
2024-07-30 00:00:00,BlackRock,13434.309161148733,44631193.2089851,-36628.83995860287,-121687599.53367127,186711.1578927184,620288074.5280311
2024-07-31 00:00:00,BlackRock,39517.253353701846,129643462.73242256,11616.508250943196,38110046.28870432,226228.41124642023,742183024.2079059
2024-08-01 00:00:00,BlackRock,-1340.2850670716143,-4335594.34351527,-26544.989559455353,-85868528.57661295,224888.12617934862,727474857.2087423
2024-08-02 00:00:00,BlackRock,37010.20364235942,118629175.83689107,16928.740932036926,54261862.59686728,261898.32982170803,839465335.5608189
2024-08-03 00:00:00,BlackRock,-4809.466806504941,-14383528.094210131,-4809.4668065049445,-14383528.094210142,257088.8630152031,768867949.9536774
2024-08-04 00:00:00,BlackRock,2256.677749825285,6559372.381529665,2256.6777498252995,6559372.381529707,259345.5407650284,753826716.0646698
2024-08-05 00:00:00,BlackRock,11760.193101480312,31632449.80243073,-3346.812351732752,-9002222.39556724,271105.7338665087,729217491.8967965
2024-08-06 00:00:00,BlackRock,18122.753047477396,43855431.32712102,15969.926731291001,38645785.396318406,289228.4869139861,699906907.7680241
2024-08-07 00:00:00,BlackRock,39492.14614100801,97188197.04571365,34834.8983702393,85726943.14424041,328720.6330549941,808965041.9166877
2024-08-08 00:00:00,BlackRock,2335.793197653322,5463490.36310705,-8846.363841501201,-20691910.416186556,331056.4262526474,774350912.69773
2024-08-09 00:00:00,BlackRock,3455.0237893475933,9277913.582486667,-1224.068841138339,-3287041.0218624272,334511.45004199503,898276977.255771
2024-08-10 00:00:00,BlackRock,1683.5065471437774,4378143.961567579,1683.5065471437556,4378143.961567522,336194.95658913883,874311966.0552803
2024-08-11 00:00:00,BlackRock,28.120792465451814,73457.13407825322,28.120792465451814,73457.13407825322,336223.0773816043,878281922.7362267
2024-08-12 00:00:00,BlackRock,5353.859952995364,13685215.58024957,-9390.169944904876,-24002589.002969146,341576.9373345997,873118472.5984635
2024-08-13 00:00:00,BlackRock,1926.6668565338114,5249743.3173461985,4882.809135886804,13304580.677281648,343503.60419113346,935971750.6279167
2024-08-14 00:00:00,BlackRock,14266.121742791358,38583439.55946637,5138.314059077611,13896827.288478354,357769.72593392484,967606112.2745965
2024-08-15 00:00:00,BlackRock,7829.888975755202,20866497.522608098,5436.421449400994,14487954.434224661,365599.61490968004,974315661.7419991
2024-08-16 00:00:00,BlackRock,498.8660257120973,1283163.2366956281,-16776.540715848187,-43151946.967676066,366098.48093539214,941663868.7227782
2024-08-17 00:00:00,BlackRock,-2163.4214793596966,-5613970.567864444,-2163.421479359693,-5613970.567864435,363935.05945603247,944393282.5354314
2024-08-18 00:00:00,BlackRock,3313.9762362017646,8671714.757031519,3313.9762362017573,8671714.7570315,367249.03569223423,960984224.1862262
2024-08-19 00:00:00,BlackRock,3257.252060340754,8526182.993147956,-6402.503348994365,-16759192.76632765,370506.287752575,969837258.8211403
2024-08-20 00:00:00,BlackRock,-2873.6091738704563,-7582448.84663328,-8056.190853365235,-21257467.99523218,367632.67857870454,970053967.3316988
2024-08-21 00:00:00,BlackRock,15199.146179462106,39150568.694905676,2419.5936003933966,6232485.979637327,382831.8247581666,986113527.485076
2024-08-22 00:00:00,BlackRock,-5027.214491659892,-13233136.706396334,-11439.097116362329,-30111135.33940056,377804.61026650673,994495075.6045257
2024-08-23 00:00:00,BlackRock,-2537.397759632033,-6658892.940602344,-2505.503174984129,-6575191.9821108505,375267.2125068747,984813745.7817913
2024-08-24 00:00:00,BlackRock,-851.0070700506694,-2352923.9177709944,-851.0070700506549,-2352923.917770954,374416.205436824,1035212133.9261116
2024-08-25 00:00:00,BlackRock,97.47523596879546,270121.42441200657,97.47523596880274,270121.42441202677,374513.6806727928,1037844821.6068299
2024-08-26 00:00:00,BlackRock,955.8451939473889,2630218.337088909,-2828.3296767998363,-7782771.338243645,375469.52586674015,1033187003.7180262
2024-08-27 00:00:00,BlackRock,-2448.1345582536887,-6571625.520102707,-6380.279806967863,-17126840.297036115,373021.39130848646,1001316241.5450226
2024-08-28 00:00:00,BlackRock,5045.950177246908,12418436.60271705,3711.4763203870853,9134203.027815044,378067.3414857334,930450192.110294
2024-08-29 00:00:00,BlackRock,2093.004622561981,5294673.793695043,700.3304288369764,1771625.885828899,380160.3461082954,961691627.5501547
2024-08-30 00:00:00,BlackRock,-147.14537767527509,-372423.47944234445,-2482.3725063351303,-6282859.989809151,380013.20073062007,961809610.917192
2024-08-31 00:00:00,BlackRock,-707.1156143751759,-1787658.9847018821,-707.1156143751796,-1787658.9847018914,379306.0851162449,958923713.7823787
2024-09-01 00:00:00,BlackRock,1720.7903551183917,4330919.581569071,1720.7903551184208,4330919.5815691445,381026.8754713633,958976060.7238367
2024-09-02 00:00:00,BlackRock,-894.78742224093,-2175854.5746632693,-894.7874192409508,-2175854.56736822,380132.08804912237,924367198.5090507
2024-09-03 00:00:00,BlackRock,-8897.9841922146,-22596163.91660321,-14816.609370411396,-37626334.997878626,371234.10385690775,942737869.7215015
2024-09-04 00:00:00,BlackRock,7953.440990746094,19278425.151879363,-5516.678044535496,-13371931.078930033,379187.54484765383,919116481.8316765
2024-09-05 00:00:00,BlackRock,-3360.5622739346654,-8239762.639460406,-18654.933744852893,-45740032.04900481,375826.9825737192,921490178.572502
2024-09-06 00:00:00,BlackRock,3740.6021455424634,8861748.324940285,3675.9538297490585,8708591.939443603,379567.5847192616,899222177.9308612
2024-09-07 00:00:00,BlackRock,1483.9347190318003,3302823.1828434584,1483.9347190318003,3302823.1828434584,381051.5194382934,848113987.8441983
2024-09-08 00:00:00,BlackRock,-126.97902601847454,-289095.68811678136,-126.97902301848262,-289095.6812866397,380924.54041227495,867258519.6474346
2024-09-09 00:00:00,BlackRock,2753.923473712166,6333307.969434816,-2063.2210702481243,-4744872.024092421,383678.4638859871,882360710.5371599
2024-09-10 00:00:00,BlackRock,1743.707204343511,4113719.162343124,-457.1461596630543,-1078490.0769538842,385422.17109033064,909280277.5928862
2024-09-11 00:00:00,BlackRock,82.96859008650063,198292.44124903387,2350.7047320854763,5618113.788542326,385505.13968041714,921345718.6820065
2024-09-12 00:00:00,BlackRock,3094.3966606199683,7248345.6818028195,3594.396710618952,8419550.798920939,388599.53634103714,910259439.9206088
2024-09-13 00:00:00,BlackRock,-3952.51527383734,-9338212.5859681,-12846.009380643038,-30349981.76270724,384647.0210671998,908767051.9733663
2024-09-14 00:00:00,BlackRock,-1961.2406991621374,-4790271.5704825455,-1961.2406971621367,-4790271.565597604,382685.7803680377,934698537.975521
2024-09-15 00:00:00,BlackRock,-1074.6568113117874,-2599831.251061702,-1074.6568113117874,-2599831.251061702,381611.1235567259,923201262.3309023
2024-09-16 00:00:00,BlackRock,5713.166646794227,13266030.085522665,3375.559512918373,7838082.944591592,387324.29020352016,899370875.0954759
2024-09-17 00:00:00,BlackRock,1987.052733127588,4564677.409068027,-4017.9946661928075,-9230177.52712478,389311.34293664776,894329910.1074966
2024-09-18 00:00:00,BlackRock,2855.971808969596,6692255.941368006,-3566.449630056042,-8357083.095628821,392167.31474561733,918946060.2776678
2024-09-19 00:00:00,BlackRock,-373.71100593074516,-885739.9293765777,-6706.859974744194,-15896062.963340709,391793.6037396866,928597856.095506
2024-09-20 00:00:00,BlackRock,-8460.301233080518,-20857349.835938063,-8460.301233080507,-20857349.835938036,383333.3025066061,945039257.3355862
2024-09-21 00:00:00,BlackRock,10624.876561762689,27207652.655533805,10624.876561762678,27207652.655533776,393958.1790683688,1008828407.0493255
2024-09-22 00:00:00,BlackRock,-3430.2761695756526,-8963311.63110118,-3430.2761695756562,-8963311.63110119,390527.90289879317,1020449410.2745465
2024-09-23 00:00:00,BlackRock,902.6442297706235,2331692.521458879,2033.4076873706508,5252658.069862117,391430.5471285638,1011135560.7315633
2024-09-24 00:00:00,BlackRock,1125.810680153285,2981743.36070638,-28507.490480062424,-75502943.76115973,392556.35780871706,1039697290.3471215
2024-09-25 00:00:00,BlackRock,18973.891527829343,50343046.91295904,20205.938980262774,53612013.777551614,411530.2493365464,1091904979.959672
2024-09-26 00:00:00,BlackRock,5693.059975372154,14691909.086643659,19224.514404372167,49612127.58793112,417223.30931191857,1076715677.641989
2024-09-27 00:00:00,BlackRock,5800.1447744422185,15272129.199792827,189.04260763277125,497760.52845354466,423023.45408636075,1113846136.016633
2024-09-28 00:00:00,BlackRock,-2282.186232639484,-6154097.751210979,-2282.186232639495,-6154097.751211009,420741.2678537213,1134562488.0689876
2024-09-29 00:00:00,BlackRock,-1502.1865712716972,-4023050.9221198703,-1502.186564271713,-4023050.903373003,419239.0812824496,1122776760.7549667
2024-09-30 00:00:00,BlackRock,7832.826993431256,20832734.969619308,22942.55006713971,61019612.13706947,427071.90827588085,1135870342.284112
2024-10-01 00:00:00,BlackRock,2497.2807854356797,6504092.887243664,-11688.850085223574,-30443259.38146224,429569.18906131655,1118800065.834527
2024-10-02 00:00:00,BlackRock,-503.33363465211005,-1233937.5053586874,-9979.305423985788,-24464566.626063883,429065.85542666446,1051867816.5541308
2024-10-03 00:00:00,BlackRock,13206.810047603307,31274518.601327486,11435.3559486019,27079609.007646214,442272.6654742678,1047328208.2029946
2024-10-04 00:00:00,BlackRock,4054.5163384809275,9534843.892552057,-2187.79112925116,-5144940.887014782,446327.1818127487,1049609780.3817686
2024-10-05 00:00:00,BlackRock,-75.72469446136893,-182964.49226367037,-75.72469446137984,-182964.49226369674,446251.45711828733,1078223845.6600635
2024-10-06 00:00:00,BlackRock,-528.3397706975256,-1277261.3956612682,-2018.3397706975265,-4879336.39566127,445723.1173475898,1077535636.1877983
2024-10-07 00:00:00,BlackRock,7488.107637773093,18274352.284603342,4472.835869976015,10915732.298882965,453211.2249853629,1106039334.015529
2024-10-08 00:00:00,BlackRock,-17233.850318815377,-41785538.160006136,-17233.8503188154,-41785538.16000619,435977.3746665475,1057079462.1640044
2024-10-09 00:00:00,BlackRock,8956.458766339987,21868985.369772345,7091.147326653704,17314454.42749035,444933.8334328875,1086394941.0930812
2024-10-10 00:00:00,BlackRock,5206.103092133439,12340494.70856218,3726.103092133446,8832317.508562198,450139.9365250209,1067007204.1395442
2024-10-11 00:00:00,BlackRock,6203.318999317329,14803538.42678088,1438.8165658413711,3433577.4645581893,456343.2555243382,1089012981.5507255
2024-10-12 00:00:00,BlackRock,-122.1522525598557,-297691.14710099634,-122.1522325598562,-297691.09835999756,456221.1032717784,1111833639.7284875
2024-10-13 00:00:00,BlackRock,-2782.122557953313,-6888924.950650516,-2782.1225579533093,-6888924.950650507,453438.9807138251,1122778397.7047307
2024-10-14 00:00:00,BlackRock,-2582.975730573846,-6378141.971505998,-2582.9757305738676,-6378141.971506052,450856.0049832512,1113298733.1051424
2024-10-15 00:00:00,BlackRock,7514.482657451095,19755650.051265504,8186.5876931557,21522620.91118327,458370.4876407023,1205060595.712283
2024-10-16 00:00:00,BlackRock,4847.236431349331,12630977.165174399,-1033.0055522964394,-2691816.198229585,463217.7240720516,1207057377.5641928
2024-10-17 00:00:00,BlackRock,5144.557212371365,13434753.9322472,9492.953027371346,24790372.1833289,468362.28128442296,1223104679.4602063
2024-10-18 00:00:00,BlackRock,-132.99134118952497,-346313.44219775876,9451.881146804659,24612982.06271374,468229.2899432334,1219283117.8908782
2024-10-19 00:00:00,BlackRock,8638.78419411206,22822631.18674077,8638.784227821037,22822631.275795843,476868.0741373455,1259828227.7019703
2024-10-20 00:00:00,BlackRock,-3188.7089576878498,-8441022.804432968,-3188.708957687857,-8441022.804432986,473679.36517965765,1253905068.3289824
2024-10-21 00:00:00,BlackRock,2616.332754738749,7180499.082052949,3333.7608211387524,9149473.236007094,476295.6979343964,1307188780.0239716
2024-10-22 00:00:00,BlackRock,-4280.0562983138225,-11411828.50706818,-13852.51131340053,-36934673.86469357,472015.64163608255,1258525864.9814544
2024-10-23 00:00:00,BlackRock,14125.96184112243,37039684.54360712,14125.961844122401,37039684.55147335,486141.603477205,1274711898.477579
2024-10-24 00:00:00,BlackRock,-10687.855613459695,-26963642.777304523,-10170.756971312878,-25659090.80993727,475453.74786374526,1199488978.7230923
2024-10-25 00:00:00,BlackRock,333.9366608793498,846529.4353291518,333.93666287953965,846529.440399633,475787.6845246246,1206121780.2699234
2024-10-26 00:00:00,BlackRock,6413.853347986867,15649096.645219678,6413.853347986871,15649096.645219686,482201.5378726115,1176518710.240006
2024-10-27 00:00:00,BlackRock,667.0643940964728,1656020.7115641988,667.0643940964874,1656020.711564235,482868.602266708,1198745448.557216
2024-10-28 00:00:00,BlackRock,-1086.5476235944443,-2724018.3542562155,-8835.59582192784,-22151192.14940597,481782.0546431135,1207846882.2724712
2024-10-29 00:00:00,BlackRock,4416.884988953556,11339645.507540023,3048.4263845590176,7826346.994133749,486198.93963206705,1248237985.6749911
2024-10-30 00:00:00,BlackRock,-12214.453545365148,-32230767.14829683,-14488.007278128309,-38230084.32508829,473984.4860867019,1250721822.8164237
2024-10-31 00:00:00,BlackRock,10357.845779007243,27550730.409123573,10236.47833935655,27227906.370071094,484342.33186570916,1288297325.106281
2024-11-01 00:00:00,BlackRock,24494.862306081137,61694964.7417035,9929.26363847412,25008737.033588383,508837.19417179027,1281603152.5885465
2024-11-02 00:00:00,BlackRock,1236.2904819934338,3107354.311966396,1236.29048399342,3107354.316993261,510073.48465378373,1282044200.0030527
2024-11-03 00:00:00,BlackRock,-2979.408948107932,-7430050.034791561,-2979.40894810793,-7430050.034791556,507094.0757056758,1264591205.9948144
2024-11-04 00:00:00,BlackRock,3957.6156831135304,9730154.342346095,-13210.444271017022,-32479066.180279743,511051.69138878933,1256466577.9315636
2024-11-05 00:00:00,BlackRock,2715.496057569646,6515859.945098942,-14937.803847537736,-35843409.71020528,513767.18744635896,1232789503.9494128
2024-11-06 00:00:00,BlackRock,1149.1575720095716,2785948.668125685,1149.1575720095861,2785948.66812572,514916.34501836856,1248332291.8818316
2024-11-07 00:00:00,BlackRock,718.88284583739,1956454.0426033738,21606.43092783737,58802333.89872795,515635.22786420595,1403311585.3369937
2024-11-08 00:00:00,BlackRock,-13352.073994472259,-38643706.075541556,6021.294423300564,17426890.532860726,502283.1538697337,1453712926.761322
2024-11-09 00:00:00,BlackRock,17618.381763302692,52187937.172531806,17618.381763302692,52187937.172531806,519901.5356330364,1540015935.7446861
2024-11-10 00:00:00,BlackRock,242.95189034671057,759756.7219733299,242.95189034673967,759756.7219734208,520144.4875233831,1626590639.9382484
2024-11-11 00:00:00,BlackRock,-206.73922791643417,-658999.8955141464,-206.73922791647783,-658999.8955142855,519937.74829546665,1657348367.0891466
2024-11-12 00:00:00,BlackRock,49174.45008690702,165926888.205746,95735.61742636713,323035907.1009193,569112.1983823737,1920326835.3917243
2024-11-13 00:00:00,BlackRock,31240.927996354614,101452414.3939219,37653.00164996463,122275110.61812814,600353.1263787283,1949598749.66481
2024-11-14 00:00:00,BlackRock,11761.533765775515,37550696.007978514,40978.205026831565,130829885.84301433,612114.6601445038,1954280112.003553
2024-11-15 00:00:00,BlackRock,-5820.202280379788,-17823263.645229828,-17247.876627253427,-52818345.07440444,606294.457864124,1856661581.2618854
2024-11-16 00:00:00,BlackRock,11426.175242299905,35339560.359899685,11426.175272299944,35339560.45268561,617720.6331064239,1910523437.3095343
2024-11-17 00:00:00,BlackRock,-270.96153205090377,-849813.943355929,-270.9614603087757,-849813.7183518101,617449.671574373,1936501230.4619904
2024-11-18 00:00:00,BlackRock,-701.3834178333054,-2159314.0593125056,-14794.465743980676,-45546981.96270611,616748.2881565397,1898752117.3331308
2024-11-19 00:00:00,BlackRock,-4860.139604656935,-15600610.718384342,-20512.83836149735,-65844364.984953955,611888.1485518827,1964105886.9181738
2024-11-20 00:00:00,BlackRock,-6050.21064989554,-18826682.487705946,-25920.89889847622,-80659097.93834439,605837.9379019872,1885210144.8871295
2024-11-21 00:00:00,BlackRock,-3668.217878142779,-11274817.881153554,-9386.34264546477,-28850332.072232794,602169.7200238444,1850858959.9512894
2024-11-22 00:00:00,BlackRock,-8495.88803402282,-28535478.975393806,-7148.681692952942,-24010563.149388764,593673.8319898215,1993996046.457493
2024-11-23 00:00:00,BlackRock,16383.259438682202,54541508.99731692,16383.259438682238,54541508.99731704,610057.0914285037,2030941063.0746317
2024-11-24 00:00:00,BlackRock,-72.73843288529315,-246986.98578365718,-72.73843288504577,-246986.98578281718,609984.3529956185,2071232369.8142724
2024-11-25 00:00:00,BlackRock,26729.7009764759,89899735.99717163,20145.464914760414,67755040.69316456,636714.0539720943,2141454010.583805
2024-11-26 00:00:00,BlackRock,1869.2370165522734,6381500.4050288,2514.424003606656,8584142.97135298,638583.2909886466,2180097812.1036
2024-11-27 00:00:00,BlackRock,9192.303502847426,30576175.29545134,10212.211577158028,33968675.124869205,647775.594491494,2154683004.4451666
2024-11-28 00:00:00,BlackRock,5746.392373640454,21013465.095852148,5746.392398640528,21013465.187272668,653521.9868651344,2389805736.7882924
2024-11-29 00:00:00,BlackRock,-647.4037492289644,-2317627.7337897853,16225.950597337724,58086956.02439737,652874.5831159055,2337212662.604968
2024-11-30 00:00:00,BlackRock,480.6726787062871,1726782.951164827,480.67267870653814,1726782.9511657287,653355.2557946118,2347133021.574237
2024-12-01 00:00:00,BlackRock,465.8718675018681,1724862.6371136166,465.8718675018972,1724862.6371137244,653821.1276621136,2420733495.901316
2024-12-02 00:00:00,BlackRock,66762.81924452048,247515808.43894276,89668.14863788788,332434797.5786191,720583.9469066341,2671485718.9221864
2024-12-03 00:00:00,BlackRock,18997.456861005747,69198426.59078205,15272.655681438688,55630801.046197236,739581.4037676399,2693932659.0376663
2024-12-04 00:00:00,BlackRock,12325.210886283632,44573385.65759158,27784.599009427766,100481335.24165495,751906.6146539235,2719225157.4990354
2024-12-05 00:00:00,BlackRock,23467.732599851617,90094033.51478635,34465.164213777556,132313833.32654487,775374.3472537752,2976708641.568078
2024-12-06 00:00:00,BlackRock,89643.03366985507,339894112.18396926,125794.7603497355,476968445.1324711,865017.3809236303,3279834502.2052736
2024-12-07 00:00:00,BlackRock,-5051.097566587749,-20224443.123690348,-5051.0975665877195,-20224443.12369023,859966.2833570426,3443279199.5730977
2024-12-08 00:00:00,BlackRock,-7293.2041501621425,-29166617.377120934,-7293.204150162035,-29166617.377120502,852673.0792068804,3409967544.710196
2024-12-09 00:00:00,BlackRock,21949.00535756038,87882720.00140388,33645.971949778585,134716789.38831595,874622.0845644408,3501943095.4917927
2024-12-10 00:00:00,BlackRock,35675.5624165778,132707740.85530692,32334.55899307481,120279709.27038933,910297.6469810186,3386170702.122342
2024-12-11 00:00:00,BlackRock,27170.937627752777,98669086.320174,88646.66822357205,321913283.920444,937468.5846087714,3404342167.5199847
2024-12-12 00:00:00,BlackRock,20512.955237178627,78604823.950659,27788.57678460475,106484714.69553402,957981.53984595,3670946941.4280863
2024-12-13 00:00:00,BlackRock,44864.88221297995,174170856.53665373,63234.22898087936,245482865.01125136,1002846.4220589299,3893170152.0034127
2024-12-14 00:00:00,BlackRock,-3400.9501851236055,-13288260.582318652,-3400.950185123609,-13288260.582318667,999445.4718738063,3905053336.6147733
2024-12-15 00:00:00,BlackRock,15859.32053839212,61381914.211792864,15859.320538392145,61381914.21179296,1015304.7924121985,3929635668.552173
2024-12-16 00:00:00,BlackRock,-4085.792755935894,-16149831.31053269,-1994.7471723776232,-7884597.253313583,1011218.9996562626,3997025115.561316
2024-12-17 00:00:00,BlackRock,6322.140913893658,25217439.570293326,11359.030451928877,45308332.715131305,1017541.1405701563,4058717224.4492106
2024-12-18 00:00:00,BlackRock,38198.27137121727,148600061.23645055,40709.03467413611,158367507.96036452,1055739.4119413735,4107069132.5166893
2024-12-19 00:00:00,BlackRock,19404.6429526195,70357742.51046683,-2124.5922767386364,-7703389.168844483,1075144.054893993,3898278817.115738
2024-12-20 00:00:00,BlackRock,2950.2968966021144,10090841.469510281,-14266.361401110247,-48794950.57298936,1078094.351790595,3687384549.542337
2024-12-21 00:00:00,BlackRock,-1942.1883985313762,-6747570.356061692,-1942.1883985313762,-6747570.356061692,1076152.1633920637,3738778607.5783415
2024-12-22 00:00:00,BlackRock,1336.9903692883672,4464197.473150165,1336.9903932883753,4464197.553285952,1077489.153761352,3597725509.5176163
2024-12-23 00:00:00,BlackRock,-29419.946124422073,-96543318.4040585,-21803.911215212665,-71550842.88739327,1048069.2076369298,3439301989.0130434
2024-12-24 00:00:00,BlackRock,26399.98521383197,90276069.43795912,38646.58279916865,132153922.21089718,1074469.1928507618,3674201128.4128227
2024-12-25 00:00:00,BlackRock,-4595.690855644931,-16057757.461800396,-4595.69084364493,-16057757.419871315,1069873.501995117,3738234304.586118
2024-12-26 00:00:00,BlackRock,16301.060328123684,56979704.33454321,19094.630508873714,66744517.158547714,1086174.5623232406,3796679735.6183944
2024-12-27 00:00:00,BlackRock,9366.1556503654,31225545.338083692,36156.5295399553,120541169.13737077,1095540.717973606,3652390333.4306655
2024-12-28 00:00:00,BlackRock,37.71537506743698,125626.5199658765,37.715375067444256,125626.51996590075,1095578.4333486734,3649273159.4254293
2024-12-29 00:00:00,BlackRock,-8583.01370569343,-29198725.985672597,-8583.01370569346,-29198725.985672697,1086995.41964298,3697871457.9918466
2024-12-30 00:00:00,BlackRock,12318.505166656512,41328584.8341326,14488.505167656527,48608934.837487645,1099313.9248096365,3688198217.7363305
2024-12-31 00:00:00,BlackRock,-14143.853529010958,-47520519.08677102,-26012.60975389042,-87397166.25112104,1085170.0712806256,3645954405.488646
2025-01-01 00:00:00,BlackRock,8511.232411342127,28381215.149565004,8511.232416342093,28381215.16623769,1093681.3036919679,3646945928.0390882
2025-01-02 00:00:00,BlackRock,287.2244622243379,964235.4976440803,11031.482483209857,37033569.214734145,1093968.5281541923,3672539866.495876
2025-01-03 00:00:00,BlackRock,9114.55124948782,31476373.57600623,-13304.659645350142,-45946577.71244509,1103083.07940368,3809409168.074257
2025-01-04 00:00:00,BlackRock,-2045.3261318548066,-7372868.920542295,-2045.3261308548244,-7372868.916937619,1101037.7532718251,3968954830.729079
2025-01-05 00:00:00,BlackRock,-703.0770051955333,-2571377.592641728,-703.0770031955253,-2571377.5853270586,1100334.6762666297,4024276018.20347
2025-01-06 00:00:00,BlackRock,6525.747458430233,23721614.07119057,13427.205422936158,48808965.88880677,1106860.42372506,4023526189.074491
2025-01-07 00:00:00,BlackRock,37363.79469679664,137849610.51641455,18614.565900446643,68676393.28744884,1144224.2184218566,4221489389.2034135
2025-01-08 00:00:00,BlackRock,-3040.4784968182794,-10287550.208339553,-51798.085114316826,-175260374.92684442,1141183.7399250383,3861229419.548565
2025-01-09 00:00:00,BlackRock,5229.724387686205,17401123.441367693,5229.7243916862935,17401123.454677388,1146413.4643127245,3814518840.4809437
2025-01-10 00:00:00,BlackRock,-1348.3824014154088,-4342627.329646494,-24897.603543662073,-80185719.92478894,1145065.0819113092,3687819504.1052003
2025-01-11 00:00:00,BlackRock,659.319102167834,2155366.8905148227,659.3191021678213,2155366.8905147812,1145724.401013477,3745464724.865137
2025-01-12 00:00:00,BlackRock,-353.89892465945013,-1163209.1415276672,-353.8989246594465,-1163209.141527655,1145370.5020888175,3764649581.085609
2025-01-13 00:00:00,BlackRock,853.849878445486,2790048.4013072546,-78.80623377080917,-257508.03753183378,1146224.351967263,3745414154.7317486
2025-01-14 00:00:00,BlackRock,3650.4412564688973,11452456.345094742,-13290.56406826436,-41696220.84008442,1149874.793223732,3607479191.28495
2025-01-15 00:00:00,BlackRock,466.15335701328877,1503349.2379014266,824.8678880555485,2660207.1876580245,1150340.9465807453,3709861056.1323695
2025-01-16 00:00:00,BlackRock,3224.9342625495337,11127313.179500911,13367.674545231737,46123824.25086759,1153565.8808432948,3980263715.2617044
2025-01-17 00:00:00,BlackRock,33992.06515193352,112412779.21939872,50603.44450646827,167347109.08622578,1187557.9459952284,3927289754.1446004
2025-01-18 00:00:00,BlackRock,-5090.294572142637,-17686177.587963868,-5090.2945721426295,-17686177.58796384,1182467.6514230857,4108472030.192997
2025-01-19 00:00:00,BlackRock,7692.958342422018,25437074.4775521,7692.958342422047,25437074.477552194,1190160.6097655077,3935313662.614042
2025-01-20 00:00:00,BlackRock,-13974.526306139203,-44910633.916354865,-13257.098235939251,-42604999.455749765,1176186.0834593684,3779968025.7175455
2025-01-21 00:00:00,BlackRock,14869.476403586712,48769206.09801177,18869.011694306668,61886961.9352209,1191055.5598629552,3906447846.349718
2025-01-22 00:00:00,BlackRock,16314.029557674148,54312177.782522045,21774.5902478293,72491312.61536586,1207369.5894206294,4019538616.011477
2025-01-23 00:00:00,BlackRock,24275.4739736919,78720507.0018881,21667.169846322176,70262298.37765355,1231645.0633943214,3993978611.5751057
2025-01-24 00:00:00,BlackRock,-1783.0257751130994,-5953986.649804168,-6388.085596411583,-21331478.708673343,1229862.0376192082,4106829107.7403173
2025-01-25 00:00:00,BlackRock,1605.9657941379992,5319360.2016335875,1605.9657941379119,5319360.201633299,1231468.0034133461,4078929894.3058558
2025-01-26 00:00:00,BlackRock,-1347.2435163969421,-4473629.875677358,-1347.243515396949,-4473629.872356801,1230120.7598969492,4084714392.8986115
2025-01-27 00:00:00,BlackRock,4000.4277493951085,12955425.270693554,-15253.128119434861,-49397407.946071,1234121.1876463443,3996713807.404563
2025-01-28 00:00:00,BlackRock,4870.069622582872,15492421.979879504,-23273.478971515317,-74036427.63023596,1238991.257268927,3941417038.0610476
2025-01-29 00:00:00,BlackRock,-1004.8418892738409,-3094440.7432754715,-1004.8418832738971,-3094440.7247984647,1237986.4153796532,3812416305.7541037
2025-01-30 00:00:00,BlackRock,3589.765180248178,11184774.962706456,-972.5354637916362,-3030167.645954152,1241576.1805599013,3868428568.8177066
2025-01-31 00:00:00,BlackRock,22444.34686209075,72907991.90334697,17159.117437277215,55739505.492076926,1264020.527421992,4106031641.0723248
2025-02-01 00:00:00,BlackRock,2425.1613796917045,8002256.501341123,2420.0784892684133,7985484.589469197,1266445.6888016837,4178865510.4251394
2025-02-02 00:00:00,BlackRock,2103.023444768456,6565029.317768137,2103.023444768558,6565029.3177684555,1268548.7122464522,3960041200.5068727
2025-02-03 00:00:00,BlackRock,11725.563582554983,33649084.324129686,2836.2315123018343,8139190.295482819,1280274.2758290072,3674028694.8320184
2025-02-04 00:00:00,BlackRock,1248.8124148314382,3601512.563753126,31959.48264535809,92169549.97508046,1281523.0882438386,3695848510.3408184
2025-02-05 00:00:00,BlackRock,107753.62907677738,294656608.8556108,119257.80380742844,326115234.82356536,1389276.717320616,3799032754.581917
2025-02-06 00:00:00,BlackRock,-6534.054259401077,-18223346.648384415,5.930242928036023,16539.328921433906,1382742.6630612148,3856441632.424467
2025-02-07 00:00:00,BlackRock,5661.8235353712225,15231041.347208187,5661.823536371245,15231041.349898377,1388404.4865965862,3734988561.5280747
2025-02-08 00:00:00,BlackRock,1992.5869809176802,5230202.085122154,1992.5869809176947,5230202.085122192,1390397.073577504,3649555950.6384397
2025-02-09 00:00:00,BlackRock,715.3426583154942,1885521.639067729,715.3426583154942,1885521.639067729,1391112.4162358195,3666735840.0868597
2025-02-10 00:00:00,BlackRock,-826.9833471160091,-2175884.154430403,-826.9833471160528,-2175884.1544305175,1390285.4328887034,3657993905.3277965
2025-02-11 00:00:00,BlackRock,-1041.208656217459,-2773248.84374864,-9402.076942587919,-25042337.915813494,1389244.224232486,3700238098.800984
2025-02-12 00:00:00,BlackRock,6641.931220037215,17304024.149626356,2643.1212210372614,6886044.423531746,1395886.1554525231,3636660324.215795
2025-02-13 00:00:00,BlackRock,-7579.710555495993,-20755976.196748007,-18865.33662644097,-51660083.2043809,1388306.4448970272,3801682836.4482236
2025-02-14 00:00:00,BlackRock,12644.537775094039,33855370.55668104,11616.06202193629,31101657.581873756,1400950.9826721214,3751004227.5751247
2025-02-15 00:00:00,BlackRock,-1092.5833448501362,-2979649.594741497,-1092.5833448501216,-2979649.5947414576,1399858.3993272712,3817637832.3093605
2025-02-16 00:00:00,BlackRock,-11562.913250858604,-31177429.88568758,-11562.913250858608,-31177429.88568759,1388295.4860764125,3743302767.972413
2025-02-17 00:00:00,BlackRock,8129.3040444833605,21673456.219956644,8129.304044483324,21673456.219956547,1396424.790120896,3722994168.6934195
2025-02-18 00:00:00,BlackRock,4656.709165128355,12787090.531984206,8905.355945198375,24453662.157717474,1401081.4992860244,3847299742.9644585
2025-02-19 00:00:00,BlackRock,-2402.8133747148095,-6418659.396009417,-653.3896920448169,-1745406.4182562397,1398678.6859113094,3736304360.46174
2025-02-20 00:00:00,BlackRock,3234.6338058047986,8790990.718402108,9226.540402306055,25075614.709175326,1401913.3197171143,3810077962.927582
2025-02-21 00:00:00,BlackRock,-20508.318655356692,-56206533.689176425,-24268.133185947616,-66510944.57873105,1381405.0010617576,3785975244.2599273
2025-02-22 00:00:00,BlackRock,17240.49757724519,45898169.865069464,17240.497577245173,45898169.86506942,1398645.4986390027,3723516005.841712
2025-02-23 00:00:00,BlackRock,-2060.5735112660113,-5699999.658334265,-2060.5735112660113,-5699999.658334265,1396584.9251277368,3863261151.586848
2025-02-24 00:00:00,BlackRock,1829.041727173797,5163823.76582615,-1542.281978849409,-4354232.1739668045,1398413.9668549106,3948058247.7834573
2025-02-25 00:00:00,BlackRock,-17021.531886570854,-42845068.12700637,-33314.92905949288,-83857341.08494014,1381392.4349683397,3477116711.9831576
2025-02-26 00:00:00,BlackRock,3161.569118451953,7890422.895994092,-19934.960944680737,-49752280.078468055,1384554.0040867918,3455472964.619529
2025-02-27 00:00:00,BlackRock,-40594.72762277584,-94783817.63186686,-54479.325934610315,-127202688.53820294,1343959.276464016,3137983635.4303017
2025-02-28 00:00:00,BlackRock,283.48817477721605,654344.5701390223,-9608.455432408648,-22178140.74453132,1344242.7646387932,3102767706.9116163
2025-03-01 00:00:00,BlackRock,-4542.576791554184,-10169375.81171652,-4561.891965592992,-10212616.305533718,1339700.187847239,2999160016.5298567
2025-03-02 00:00:00,BlackRock,4570.914967501129,10144917.22462038,4570.915155501207,10144917.641877152,1344271.10281474,2983542499.1421747
2025-03-03 00:00:00,BlackRock,-15037.678527295167,-37873596.38527506,-20392.85535700545,-51361037.645046785,1329233.424287445,3347780717.741873
2025-03-04 00:00:00,BlackRock,-17240.107623104544,-37058473.34124438,-15377.141197295714,-33053933.860647004,1311993.3166643404,2820195233.835833
2025-03-05 00:00:00,BlackRock,-3723.6822521638096,-8084970.616365628,15237.913033996228,33085013.916803632,1308269.6344121767,2840554278.3247504
2025-03-06 00:00:00,BlackRock,4967.200911214481,11140984.59577207,-35159.644016542865,-78859917.16114415,1313236.8353233912,2945472030.3151875
2025-03-07 00:00:00,BlackRock,-4600.639128911804,-10138704.486730678,-10098.069127911847,-22253720.821327016,1308636.1961944795,2883920103.7255464
2025-03-08 00:00:00,BlackRock,-6396.220826071654,-13701088.782695048,-6396.220826071649,-13701088.782695036,1302239.9753684078,2789476161.6376514
2025-03-09 00:00:00,BlackRock,3782.7418181280627,8343291.008899617,3782.741818128041,8343291.0088995695,1306022.717186536,2880589825.480967
2025-03-10 00:00:00,BlackRock,649.9331875063945,1312657.0601429148,-12093.976812493667,-24425963.08865721,1306672.6503740423,2639060618.507446
2025-03-11 00:00:00,BlackRock,-2863.031984005953,-5340356.299126623,-10282.746294886547,-19180201.008925978,1303809.6183900363,2431970004.9905667
2025-03-12 00:00:00,BlackRock,-1121.2898112178082,-2156599.119711435,-1121.2897692177357,-2156599.0389318555,1302688.3285788186,2505486516.1222134
2025-03-13 00:00:00,BlackRock,-1115.681121921436,-2130326.161441667,-17670.341531859813,-33740456.9345944,1301572.6474568972,2485274875.960098
2025-03-14 00:00:00,BlackRock,-7985.751413480117,-14899096.269643988,-34867.73247424579,-65053077.15452512,1293586.896043417,2413458007.8171635
2025-03-15 00:00:00,BlackRock,-1445.9111532050592,-2766678.6961002205,-1445.9111532050556,-2766678.6961002136,1292140.984890212,2472447167.5381765
2025-03-16 00:00:00,BlackRock,-2886.1368213634087,-5599480.63123179,-2886.1368213634196,-5599480.631231812,1289254.8480688487,2501322008.383816
2025-03-17 00:00:00,BlackRock,-17876.323653433297,-33782855.20349478,-23324.15596166323,-44078223.17791079,1271378.5244154155,2402663849.2254963
2025-03-18 00:00:00,BlackRock,-9952.901572942399,-19202033.47566204,-13706.281266592414,-26443391.38482408,1261425.622842473,2433655839.8937545
2025-03-19 00:00:00,BlackRock,-22075.700358601374,-42695949.79256016,-29723.063574471686,-57486485.56747845,1239349.9224838717,2396989504.5783815
2025-03-20 00:00:00,BlackRock,2045.2570262999216,4212206.845664688,3630.6242494415783,7477270.64172493,1241395.1795101715,2556653372.201198
2025-03-21 00:00:00,BlackRock,-5968.598379502277,-11841400.755013542,-5968.598377502305,-11841400.751045698,1235426.5811306692,2451024565.634191
2025-03-22 00:00:00,BlackRock,3024.7135929011893,5951910.419567244,3024.713592901193,5951910.419567252,1238451.2947235703,2436974919.7052526
2025-03-23 00:00:00,BlackRock,-2057.4695358727695,-4084632.545482133,-2057.4695358727804,-4084632.545482155,1236393.8251876975,2454575569.3303804
2025-03-24 00:00:00,BlackRock,-7583.87610389723,-15218867.532734727,-12724.384491110322,-25534531.33369073,1228809.9490838004,2465902077.224426
2025-03-25 00:00:00,BlackRock,4072.6112489613733,8473108.429576628,4072.611248961395,8473108.429576673,1232882.5603327618,2565024495.5979147
2025-03-26 00:00:00,BlackRock,-13349.87822095969,-27611686.623193137,-14896.499973172264,-30810579.859511923,1219532.682111802,2522371641.7386613
2025-03-27 00:00:00,BlackRock,13167.896527781159,26484326.92839569,9620.149896025117,19348815.082877398,1232700.5786395832,2479306019.806221
2025-03-28 00:00:00,BlackRock,1179.6344007586013,2364990.028360882,-1600.3318889019642,-3208425.387465103,1233880.2130403419,2473744745.1139293
2025-03-29 00:00:00,BlackRock,-3203.8487220767256,-6081994.183067131,-3203.8487200767267,-6081994.179270453,1230676.364318265,2336242169.439935
2025-03-30 00:00:00,BlackRock,6492.183638939732,11882708.63618778,6492.1836389397395,11882708.636187794,1237168.5479572047,2264401965.0115514
2025-03-31 00:00:00,BlackRock,-7358.6470869018085,-13312454.858443191,-4918.020466762922,-8897141.646216135,1229809.900870303,2224836793.5654564
2025-04-01 00:00:00,BlackRock,3875.375145757622,7069846.87840563,7355.456490836329,13418559.276232716,1233685.2760160605,2250612049.036099
2025-04-02 00:00:00,BlackRock,-10453.52102451452,-19935491.80501066,-12331.213543295598,-23516364.0998773,1223231.754991546,2332776350.6741776
2025-04-03 00:00:00,BlackRock,2147.468501124211,3855715.269713487,-14099.365277071576,-25314987.374023702,1225379.2234926703,2200131634.4043846
2025-04-04 00:00:00,BlackRock,-6472.806918538801,-11764973.855136124,-8480.72228979697,-15414560.83393497,1218906.4165741315,2215484302.765141
2025-04-05 00:00:00,BlackRock,3529.1034942037877,6409734.221347629,3529.1035042038056,6409734.239510162,1222435.5200683353,2220248513.324114
2025-04-06 00:00:00,BlackRock,5158.233061856648,9326394.869820531,5158.233061856685,9326394.869820597,1227593.753130192,2219563161.284575
2025-04-07 00:00:00,BlackRock,2126.0490491247474,3359433.8839934873,3265.560939715302,5160010.80767234,1229719.8021793168,1943117151.0176039
2025-04-08 00:00:00,BlackRock,-7480.869368762433,-11626019.085993696,-7480.869368762382,-11626019.085993618,1222238.9328105543,1899481525.4808824
2025-04-09 00:00:00,BlackRock,5407.134109737664,7967303.968016254,3158.6941097376402,4654272.596816218,1227646.0669202919,1808911926.6857116
2025-04-10 00:00:00,BlackRock,-1973.8488632975495,-3295163.0308775622,-4902.904872297535,-8184958.422862228,1225672.2180569943,2046149457.546527
2025-04-11 00:00:00,BlackRock,-14986.593364664892,-22825780.621853802,-18133.55606508541,-27618856.571610283,1210685.6246923294,1843971061.256393
2025-04-12 00:00:00,BlackRock,1162.9723303568553,1823773.2084656206,1162.972330356848,1823773.2084656092,1211848.5970226864,1900420969.850977
2025-04-13 00:00:00,BlackRock,17541.654369972475,28863213.51689641,17541.654369972486,28863213.51689643,1229390.2513926588,2022851013.543995
2025-04-14 00:00:00,BlackRock,-7457.505534416276,-11916049.79322239,-27350.76367115242,-43702691.239587605,1221932.7458582425,1952477457.2970512
2025-04-15 00:00:00,BlackRock,1976.7428110635665,3210625.673729445,-31149.465856756477,-50592962.44454387,1223909.488669306,1987873791.496687
2025-04-16 00:00:00,BlackRock,-18902.411089302444,-30067309.223309826,-25478.591067351394,-40527775.66719317,1205007.0775800035,1916756558.0234084
2025-04-17 00:00:00,BlackRock,3116.27068287765,4920809.547211611,-1777.8324241937785,-2807321.84607167,1208123.3482628812,1907711335.5414677
2025-04-18 00:00:00,BlackRock,-2062.0358041586105,-3266883.3245284865,-2062.0358041586096,-3266883.324528485,1206061.3124587226,1910762937.3283541
2025-04-19 00:00:00,BlackRock,-1675.4053948290507,-2665603.491280916,-1675.4053908290516,-2665603.484916838,1204385.9070638935,1916202065.8567958
2025-04-20 00:00:00,BlackRock,-10500.645692460212,-16953502.48339086,-10500.645692460215,-16953502.483390868,1193885.2613714333,1927551632.1894064
2025-04-21 00:00:00,BlackRock,16416.681094130916,26071659.579211187,16416.68109413091,26071659.579211175,1210301.9424655642,1922104720.8684118
2025-04-22 00:00:00,BlackRock,11790.324228166934,18639441.47555139,-4352.140351871567,-6880342.203677279,1222092.266693731,1932017885.3387866
2025-04-23 00:00:00,BlackRock,-20144.185535160243,-35381650.35766616,2676.0423371897923,4700254.281886895,1201948.081158571,2111125648.7085373
2025-04-24 00:00:00,BlackRock,-27430.94058379608,-49270632.548397005,-23851.53187635608,-42841406.0103545,1174517.140574775,2109632452.3861935
2025-04-25 00:00:00,BlackRock,52916.381606384064,93652470.49461064,66215.59870550079,117189690.9009694,1227433.522181159,2172336396.2266583
2025-04-26 00:00:00,BlackRock,-1121.9237694609947,-2006067.015222426,-1121.923759460995,-2006066.9973418266,1226311.598411698,2192718716.6560206
2025-04-27 00:00:00,BlackRock,2357.411871405944,4295605.189719769,2357.411883405928,4295605.211585781,1228669.010283104,2238843810.4675636
2025-04-28 00:00:00,BlackRock,26039.147373645013,46695482.20221013,53676.54104285506,96257067.52133112,1254708.157656749,2250043044.9626946
2025-04-29 00:00:00,BlackRock,38721.89619339435,69690119.89302342,36857.64076585045,66334907.544747,1293430.0538501434,2327863673.7173343
2025-04-30 00:00:00,BlackRock,-3787.833996158566,-6820108.745103383,5045.820122169192,9085150.504569294,1289642.219853985,2322039506.113695
2025-05-01 00:00:00,BlackRock,1966.8446669940167,3531882.6369678257,634.74320362017,1139814.7181727756,1291609.0645209788,2319355313.250967
2025-05-02 00:00:00,BlackRock,1.397850452867715,2571.5276286090348,3510.427296476166,6457887.367416449,1291610.4623714318,2376085354.8923573
2025-05-03 00:00:00,BlackRock,4179.822667625627,7707384.007968276,4179.822667625616,7707384.007968255,1295790.2850390575,2389372496.09777
2025-05-04 00:00:00,BlackRock,-2548.9180344728775,-4681342.862112886,-2548.918034472852,-4681342.86211284,1293241.3670045845,2375167094.6406198
2025-05-05 00:00:00,BlackRock,11452.014861044037,20755746.254304826,11452.014861043994,20755746.254304744,1304693.3818656285,2364639332.2270837
2025-05-06 00:00:00,BlackRock,-392.2331011132701,-714578.1082701777,-10383.482867593251,-18916836.757838737,1304301.1487645153,2376201918.8421693
2025-05-07 00:00:00,BlackRock,-15.085275157471187,-27420.806359238526,-15.084970157462521,-27420.251954622774,1304286.063489358,2370826863.3258758
2025-05-08 00:00:00,BlackRock,-12030.799444279342,-21802816.29289524,-21272.549444279328,-38551177.73039521,1292255.2640450785,2341889602.2656937
2025-05-09 00:00:00,BlackRock,-979.0421987129375,-2158876.1619599117,527.9845008068951,1164253.3428842763,1291276.2218463656,2847380284.0312023
2025-05-10 00:00:00,BlackRock,-5266.715117547392,-12348340.264601614,-5266.714742547389,-12348339.385376606,1286009.5067288182,3015177889.476387
2025-05-11 00:00:00,BlackRock,-1524.824510382714,-3935251.8481506044,-1524.8245103826994,-3935251.8481505667,1284484.6822184355,3314985223.022516
2025-05-12 00:00:00,BlackRock,14778.860703484257,37129966.265612744,11531.830868484292,28972225.91905388,1299263.5429219196,3264230747.330743
2025-05-13 00:00:00,BlackRock,-4095.450200721214,-10220236.930401798,-8000.631859499426,-19965656.811699416,1295168.0927211985,3232104927.066678
2025-05-14 00:00:00,BlackRock,7179.297418968781,19229819.929682072,10984.252173222892,29421429.28849925,1302347.3901401672,3488350507.9643397
2025-05-15 00:00:00,BlackRock,22677.55448610161,59197261.45497478,12437.233306454611,32466029.45083605,1325024.944626269,3458831865.202966
2025-05-16 00:00:00,BlackRock,-9303.914612077337,-23719772.068614446,-15866.595122056198,-40450932.26797496,1315721.0300141915,3354351822.7593803
2025-05-17 00:00:00,BlackRock,1004.7293462700618,2552916.7959376,1004.7293789020769,2552916.8788522873,1316725.7593604615,3345668481.958997
2025-05-18 00:00:00,BlackRock,12721.518752090244,31524050.682867147,12721.518753090248,31524050.68534517,1329447.2781125517,3294383649.6356845
2025-05-19 00:00:00,BlackRock,-12668.762077773034,-31666330.939118363,-4127.256190618005,-10316324.48382114,1316778.5160347787,3291366907.5398912
2025-05-20 00:00:00,BlackRock,4631.914312584464,11718696.891695566,4631.914318584473,11718696.90687553,1321410.4303473632,3343155174.6745253
2025-05-21 00:00:00,BlackRock,20398.55264994687,51507161.38322184,18650.363387586927,47092913.5681925,1341808.98299731,3388121354.427528
2025-05-22 00:00:00,BlackRock,2320.131091942516,5924454.743275214,2320.1310919424723,5924454.743275103,1344129.1140892527,3432233692.8269067
2025-05-23 00:00:00,BlackRock,14074.264285179917,37501721.643719,55973.556169959804,149144898.8282281,1358203.3783744327,3619014393.881378
2025-05-24 00:00:00,BlackRock,-6408.3911669544905,-16199067.107915891,-6408.3911639544785,-16199067.100332491,1351794.9872074781,3417053850.713191
2025-05-25 00:00:00,BlackRock,-1445.1120180086764,-3660064.1102509345,-1445.1120180086837,-3660064.110250953,1350349.8751894694,3420058135.8898726
2025-05-26 00:00:00,BlackRock,7609.292948068833,19424470.387323752,7609.292948068829,19424470.38732374,1357959.1681375382,3466503107.279738
2025-05-27 00:00:00,BlackRock,14256.588356726963,36574707.16564876,16516.989186086896,42373675.07733849,1372215.7564942653,3520364634.655778
2025-05-28 00:00:00,BlackRock,23061.352404013684,61420914.152277924,25408.482097963904,67672188.96525413,1395277.108898279,3716139193.526409
2025-05-29 00:00:00,BlackRock,4550.174321741273,12208800.231380098,16772.527411191244,45003206.92333779,1399827.2832200204,3755946574.971798
2025-05-30 00:00:00,BlackRock,25560.35462348668,67345911.15487024,39931.17848447265,105209870.44731885,1425387.637843507,3755582840.437316
2025-05-31 00:00:00,BlackRock,-2986.5541863394974,-7569272.257568139,-2986.5541856712953,-7569272.255874613,1422401.0836571676,3605004426.4749084
2025-06-01 00:00:00,BlackRock,766.6875031542331,1942126.781740114,766.6875032644239,1942126.7820192426,1423167.7711603218,3605083207.837057
2025-06-02 00:00:00,BlackRock,29855.763020243685,75833040.95615855,29855.76302024367,75833040.95615852,1453023.5341805655,3690650716.347953
2025-06-03 00:00:00,BlackRock,16596.334300570685,43323237.02155272,28332.292609615222,73958899.95106567,1469619.8684811362,3836310400.8818426
2025-06-04 00:00:00,BlackRock,22601.80282076834,58678348.44722234,25944.267016111116,67355987.14188735,1492221.6713019046,3874076058.6005783
2025-06-05 00:00:00,BlackRock,36035.73476544954,94076690.96542084,29620.749983581947,77329410.94463821,1528257.4060673541,3989745197.1497383
2025-06-06 00:00:00,BlackRock,15147.428640186161,36647688.8520664,15147.838360975671,36648680.13054454,1543404.8347075402,3734113657.091423
2025-06-07 00:00:00,BlackRock,-5645.09132472087,-14001576.46361842,-5645.091324692472,-14001576.463547984,1537759.7433828195,3814120869.109841
2025-06-08 00:00:00,BlackRock,-3271.925850391606,-8270774.164619903,-3271.9258503916026,-8270774.164619894,1534487.8175324278,3878878305.1584716
2025-06-09 00:00:00,BlackRock,16407.096978886148,41227753.28854512,20173.932243206116,50693056.94072833,1550894.914511314,3897088741.18403
2025-06-10 00:00:00,BlackRock,8315.361368306214,22293317.521201592,15099.538190155989,40481559.897044405,1559210.27587962,4180211565.427744
2025-06-11 00:00:00,BlackRock,14822.9922340021,41703302.81098619,30807.748706982064,86675136.36719748,1574033.2681136222,4428416677.176228
2025-06-12 00:00:00,BlackRock,65494.09450882347,181776239.5454592,92718.51638282526,257336533.4798762,1639527.3626224457,4550442613.864093
2025-06-13 00:00:00,BlackRock,36530.14479776796,96786618.64168622,36522.0349747451,96765131.66558713,1676057.5074202137,4440714365.909856
2025-06-14 00:00:00,BlackRock,-886.8201766429975,-2289060.239950905,-886.8201766411003,-2289060.2399460077,1675170.6872435706,4323950577.913104
2025-06-15 00:00:00,BlackRock,-1199.3172124055382,-3041240.580390088,-1199.317212405549,-3041240.5803901153,1673971.370031165,4244873339.8387284
2025-06-16 00:00:00,BlackRock,2202.3824950650887,5617462.863387868,4179.01548668422,10659122.270801373,1676173.75252623,4275299058.405978
2025-06-17 00:00:00,BlackRock,-873.205767608204,-2221994.32448654,-6866.167343767876,-17471924.069645487,1675300.5467586217,4263036783.3038588
2025-06-18 00:00:00,BlackRock,23646.544868360623,59432752.94124022,21516.18960805244,54078360.63708684,1698947.0916269822,4270099641.1534247
2025-06-19 00:00:00,BlackRock,-20891.464383519713,-52783120.423537895,-20891.464383519728,-52783120.42353793,1678055.6272434625,4239674664.4556975
2025-06-20 00:00:00,BlackRock,15825.79492615888,39943831.619777225,17426.77557089727,43984658.737677574,1693881.4221696213,4275305893.1134586
2025-06-21 00:00:00,BlackRock,7071.596401897183,17038799.382479202,7071.626401897189,17038871.666579217,1700953.0185715186,4098395269.6575165
2025-06-22 00:00:00,BlackRock,4439.417375832843,10202802.195660315,4439.417375832854,10202802.195660342,1705392.4359473514,3919384058.0672812
2025-06-23 00:00:00,BlackRock,-6602.956454731771,-14724592.89405185,-3139.6887511817695,-7001505.915135346,1698789.4794926196,3788300539.268542
2025-06-24 00:00:00,BlackRock,-629.5018349199963,-1522116.5517815035,31837.308384850185,76981656.5553162,1698159.9776576997,4106099881.1769876
2025-06-25 00:00:00,BlackRock,47623.9457774171,116659617.57636093,36637.225777417305,89746548.26436143,1745783.923435117,4276472298.846662
2025-06-26 00:00:00,BlackRock,24641.3706781843,59662179.51343338,26791.767280604385,64868762.77514494,1770425.2941133012,4286589130.6130066
2025-06-27 00:00:00,BlackRock,-1673.8705389913594,-4050130.633554273,-14957.650758869991,-36191830.92917701,1768751.4235743098,4279706319.508871
2025-06-28 00:00:00,BlackRock,-4304.762057358745,-10442233.513017401,-4304.762057358745,-10442233.513017401,1764446.6615169512,4280088844.708129
2025-06-29 00:00:00,BlackRock,-7470.7368560265895,-18220529.53290037,-7470.736856026597,-18220529.53290039,1756975.9246609246,4285123722.174022
2025-06-30 00:00:00,BlackRock,19792.694886575628,49512415.89351326,30730.808507175276,76874654.02112432,1776768.6195475003,4444675540.22905
2025-07-01 00:00:00,BlackRock,-3993.077809810229,-9939130.045620544,913.2921901897644,2273266.4576794407,1772775.54173769,4412597873.183867
2025-07-02 00:00:00,BlackRock,42884.44300119072,103291040.56823796,47022.724406710484,113258463.77875881,1815659.9847388808,4373180482.642221
2025-07-03 00:00:00,BlackRock,-24089.900570543214,-61951515.49925457,-6671.002125382904,-17155682.745804705,1791570.0841683375,4607344954.054029
2025-07-04 00:00:00,BlackRock,1077.9023816695553,2792995.9772392516,1077.9023816695571,2792995.9772392563,1792647.986550007,4645001903.8691845
2025-07-05 00:00:00,BlackRock,2665.83711961078,6690424.760715979,2665.83715961118,6690424.861104582,1795313.8236696178,4505681150.125403
2025-07-06 00:00:00,BlackRock,-5109.751043066175,-12871718.365035849,-5109.751043066175,-12871718.365035849,1790204.0726265516,4509613569.149915
2025-07-07 00:00:00,BlackRock,29540.857168913484,75971994.83272494,53945.764432774566,138735559.13763234,1819744.9297954652,4679947220.650786
2025-07-08 00:00:00,BlackRock,22741.45819529174,57835394.23852009,26236.95501255183,66725036.87927144,1842486.387990757,4685756107.346454
2025-07-09 00:00:00,BlackRock,18098.651071844542,47332678.20215216,26520.042713244562,69356806.90623999,1860585.0390626015,4865913629.25886
2025-07-10 00:00:00,BlackRock,58559.75493458826,162081104.11040404,78418.83780960843,217046875.10105613,1919144.7939971897,5311789769.377481
2025-07-11 00:00:00,BlackRock,89887.35124173413,265024765.2746413,118314.6435241943,348840078.11316967,2009032.1452389238,5923450467.343895
2025-07-12 00:00:00,BlackRock,6447.066653620486,19054176.553442273,6447.066653620906,19054176.553443518,2015479.2118925443,5956708501.164177
2025-07-13 00:00:00,BlackRock,2319.7560814094977,6819340.557397872,2319.7560814094904,6819340.557397851,2017798.9679739538,5931683270.173673
2025-07-14 00:00:00,BlackRock,49597.32225456883,147313470.5872978,70141.44837777886,208333428.55719498,2067396.2902285226,6140559787.273856
2025-07-15 00:00:00,BlackRock,56058.457593817584,168875542.91679952,84748.85611117491,255305081.5463533,2123454.74782234,6396886193.267321
2025-07-16 00:00:00,BlackRock,47810.30096080329,149935494.32812715,51804.93126720328,162462854.70051286,2171265.0487831435,6809195756.236378
2025-07-17 00:00:00,BlackRock,167593.37675851316,564744429.4644645,235080.92376624298,792159241.2428219,2338858.4255416566,7881321402.300487
2025-07-18 00:00:00,BlackRock,140289.15032374748,487525840.74757105,143695.9165969375,499364864.5618473,2479147.575865404,8615409698.26866
2025-07-19 00:00:00,BlackRock,-9075.616059055596,-32176144.638812166,-9075.616059055596,-32176144.638812166,2470071.9598063487,8757244921.979841
2025-07-20 00:00:00,BlackRock,6831.312521489883,24535068.799682204,6831.312521489886,24535068.799682215,2476903.2723278385,8895946716.761772
2025-07-21 00:00:00,BlackRock,111904.55131159093,420248590.0865748,126796.28767412968,476173314.6571801,2588807.823639429,9722060677.051985
2025-07-22 00:00:00,BlackRock,23587.38339816549,88713564.2035043,73641.53220924117,276970221.1308886,2612395.2070375946,9825375117.380816
2025-07-23 00:00:00,BlackRock,118445.83862594565,443621121.69768554,147706.28572912558,553211737.2555804,2730841.0456635403,10227955510.37594
2025-07-24 00:00:00,BlackRock,86773.58861185674,314704377.0262792,88870.58041407091,322309600.1051234,2817614.634275397,10218727522.56561
2025-07-25 00:00:00,BlackRock,3999.4393795779324,14813283.55165593,65830.38341478011,243825207.30699918,2821614.073654975,10450807070.566242
2025-07-26 00:00:00,BlackRock,-3809.660138803898,-14185955.2656613,-3809.6601388039126,-14185955.265661353,2817804.413516171,10492601938.521894
2025-07-27 00:00:00,BlackRock,-165.5127987188389,-618923.5249131877,-165.51279871883526,-618923.5249131741,2817638.900717452,10536363434.509861
2025-07-28 00:00:00,BlackRock,123065.28218670395,476320482.745172,113534.9581303267,439433649.39468557,2940704.182904156,11381907318.805048
2025-07-29 00:00:00,BlackRock,33698.26461136727,127842791.36937457,29069.765700550386,110283423.62646303,2974402.447515523,11284139285.262016
2025-07-30 00:00:00,BlackRock,59665.61131417048,226294360.6873675,52325.76063357482,198456435.61256555,3034068.0588296936,11507340267.403967
2025-07-31 00:00:00,BlackRock,4702.436011886286,17903396.530614182,5422.762658260884,20645867.358290333,3038770.49484158,11569389354.190554
2025-08-01 00:00:00,BlackRock,-176.6903775919709,-653628.946922202,-3833.4752066701526,-14181136.49728283,3038593.8044639877,11240639674.915585
2025-08-02 00:00:00,BlackRock,2386.5785048912803,8326676.940425482,2386.5785048912694,8326676.940425443,3040980.382968879,10609858916.9631
2025-08-03 00:00:00,BlackRock,5622.804889473087,19105335.13759834,5622.804889473089,19105335.137598347,3046603.187858352,10351839709.800743
2025-08-04 00:00:00,BlackRock,1692.7844226832894,5925811.933577804,-53278.65301454881,-186508851.10232,3048295.972281035,10670956329.44616
2025-08-05 00:00:00,BlackRock,-106254.6608564521,-395472409.88145477,-115780.72670958334,-430927760.1621995,2942041.3114245827,10950071818.230497
2025-08-06 00:00:00,BlackRock,26562.658681949528,96016573.59081659,22203.324020076092,80258799.40184945,2968603.9701065323,10730672142.823484
2025-08-07 00:00:00,BlackRock,7382.958481238165,27210557.948866572,7854.82124630337,28949650.637163237,2975986.9285877706,10968267664.133802
2025-08-08 00:00:00,BlackRock,27842.14256719993,108837162.6665899,58628.730826473395,229184399.09915063,3003829.0711549707,11742208145.470472
2025-08-09 00:00:00,BlackRock,21.166179845109582,84839.34036416048,21.166179845102306,84839.34036413132,3003850.237334816,12040182713.797276
2025-08-10 00:00:00,BlackRock,-4950.48455861384,-21088074.122783236,-4950.484558613825,-21088074.122783173,2998899.752776202,12774713166.876064
2025-08-11 00:00:00,BlackRock,65190.00967992298,276927813.02040964,116147.07792295403,493393948.487488,3064089.7624561246,13016283951.811243
2025-08-12 00:00:00,BlackRock,154508.19601407042,652659615.8649949,243081.67724890608,1026803743.6838766,3218597.958470195,13595711822.353535
2025-08-13 00:00:00,BlackRock,55573.075284203514,254915363.52090004,100635.5160553586,461618131.21141154,3274171.0337543986,15018720756.962439
2025-08-14 00:00:00,BlackRock,111970.34398068298,531710213.35074985,160200.95711375447,760741479.0173725,3386141.3777350816,16079667976.20925
2025-08-15 00:00:00,BlackRock,116062.33476495749,528271644.1628758,79353.57450738054,361187316.79928344,3502203.712500039,15940700461.889427
2025-08-16 00:00:00,BlackRock,3433.9032846232876,15262292.199803818,3433.9032846232803,15262292.199803786,3505637.6157846623,15581121890.740353
2025-08-17 00:00:00,BlackRock,-2222.978020305898,-9838011.526665783,-2222.978020305891,-9838011.52666575,3503414.6377643566,15504711820.889938
2025-08-18 00:00:00,BlackRock,75650.98035803734,338575206.08259255,28049.372273679044,125534685.11712782,3579065.6181223937,16018072383.250591
2025-08-19 00:00:00,BlackRock,-21535.380301631623,-92950793.1040994,-65982.9298967565,-284794862.1910814,3557530.237820762,15354976437.179594
2025-08-20 00:00:00,BlackRock,2771.5969289509085,11300743.022288697,-60978.45558725842,-248629896.10415223,3560301.834749713,14516561082.898396
2025-08-21 00:00:00,BlackRock,-59737.444995569764,-258850712.4081032,-55669.350780808774,-241223090.64235374,3500564.3897541435,15168435579.819271
2025-08-22 00:00:00,BlackRock,55193.553003942216,233125425.30699104,68686.49495769312,290116643.67240506,3555757.9427580857,15018739283.462746
2025-08-23 00:00:00,BlackRock,-5800.586121839271,-27995716.835000183,-5800.586114037273,-27995716.79734493,3549957.356636246,17133372187.774912
2025-08-24 00:00:00,BlackRock,4139.114113364776,19767001.706631627,4139.114113364776,19767001.706631627,3554096.470749611,16973156351.500088
2025-08-25 00:00:00,BlackRock,23896.862851180005,114290809.05245307,71216.35021065878,340604301.66201144,3577993.333600791,17112361376.812496
2025-08-26 00:00:00,BlackRock,66458.69926648299,291063848.4814742,95275.28748349623,417269554.56846976,3644452.0328672742,15961315012.18617
2025-08-27 00:00:00,BlackRock,75855.56336513716,349158606.8359244,104673.73317038052,481806913.3592713,3720307.5962324115,17124352647.002014
2025-08-28 00:00:00,BlackRock,49745.039880040014,224332221.64462367,52513.88688913502,236818724.87071887,3770052.6361124516,17001580169.918158
2025-08-29 00:00:00,BlackRock,20100.67498372015,90745703.25450365,19946.68232519719,90050494.15804224,3790153.311096172,17110874532.142336
2025-08-30 00:00:00,BlackRock,-765.805440548671,-3342449.74192754,-787.3743636788868,-3436589.8952001426,3789387.505655623,16539236494.934645
2025-08-31 00:00:00,BlackRock,105.35844769311734,461154.97913725156,105.35844769310643,461154.9791372038,3789492.8641033163,16586648161.108858
2025-09-01 00:00:00,BlackRock,564.9020804146166,2482575.1727981158,-11165.597919585387,-49069453.1772019,3790057.766183731,16656166865.047642
2025-09-02 00:00:00,BlackRock,2082.860812338564,8988981.579201415,-47447.88577425259,-204770366.15708414,3792140.6269960697,16365703382.520666
2025-09-03 00:00:00,BlackRock,-2480.3519344715532,-10727373.295473399,-10937.811030117391,-47305376.4365959,3789660.275061598,16390053310.024906
2025-09-04 00:00:00,BlackRock,-29162.05310945239,-129789800.0510532,-58539.445165713616,-260537996.23233166,3760498.2219521455,16736623806.549097
2025-09-05 00:00:00,BlackRock,31914.777215154623,137278541.86103824,3935.9479382416766,16930125.82103213,3792412.9991673003,16312723198.748217
2025-09-06 00:00:00,BlackRock,239.3848467789121,1031597.8771636405,239.38484677890847,1031597.8771636247,3792652.3840140793,16343942404.098753
2025-09-07 00:00:00,BlackRock,4469.141059069476,19110851.613971714,4469.141059079488,19110851.614014525,3797121.525073149,16237175123.0873
2025-09-08 00:00:00,BlackRock,-77073.19996902149,-332060633.2825328,-99952.65804436365,-430634032.8651755,3720048.325104127,16027381802.912119
2025-09-09 00:00:00,BlackRock,-51507.705276673645,-221904980.79591262,-29176.508966840178,-125697944.16585118,3668540.6198274535,15804770012.934435
2025-09-10 00:00:00,BlackRock,11372.680342393753,49022052.3426917,12104.741853574636,52177610.80725201,3679913.3001698474,15862303079.51513
2025-09-11 00:00:00,BlackRock,21954.769076050245,95512246.93613975,43693.27697666456,190083669.09205127,3701868.0692458977,16104643867.128046
2025-09-12 00:00:00,BlackRock,-5800.72666024213,-25872865.108144764,22823.51007725073,101799245.52735987,3696067.3425856554,16485495246.787947
2025-09-13 00:00:00,BlackRock,-3268.94088319402,-15402072.622892274,-3268.940864742013,-15402072.53595306,3692798.4017024613,17399136661.397385
2025-09-14 00:00:00,BlackRock,5054.422782197438,23582673.096037697,5054.422782197442,23582673.096037716,3697852.824484659,17253256815.8393
2025-09-15 00:00:00,BlackRock,43840.777460942445,202050306.30756927,92231.49143916648,425070041.5404297,3741693.6019456014,17244455554.09475
2025-09-16 00:00:00,BlackRock,74183.8658650628,335835553.64174986,65677.04707129247,297324589.485036,3815877.4678106643,17274744408.201622
2025-09-17 00:00:00,BlackRock,-4493.957270619067,-20244378.712684773,-6277.7549004963075,-28280030.275755767,3811383.5105400453,17169520438.280796
2025-09-18 00:00:00,BlackRock,1889.867537309001,8679764.726677407,5612.863735281164,25778704.434761975,3813273.3780773543,17513563838.09989
2025-09-19 00:00:00,BlackRock,-6577.020390758116,-30185432.393996097,24483.149877746837,112366150.85841544,3806696.357686596,17470947134.493362
2025-09-20 00:00:00,BlackRock,6297.66708057743,28165623.274503697,6297.667203661429,28165623.82498334,3812994.0247671735,17053196346.428461
2025-09-21 00:00:00,BlackRock,2007.6128812748002,9005167.655086929,2007.6128812747975,9005167.655086918,3815001.6376484483,17112227995.688492
2025-09-22 00:00:00,BlackRock,33488.50963246534,149093858.84960264,17639.896754735986,78534407.94279253,3848490.147280914,17133824499.807884
2025-09-23 00:00:00,BlackRock,-2266.665780334508,-9527680.274400268,-24180.314807961506,-101639293.46063732,3846223.481500579,16167177319.90472
2025-09-24 00:00:00,BlackRock,-8169.706408794445,-34048313.52048399,-34757.86213252127,-144857908.95935965,3838053.7750917845,15995588054.685774
2025-09-25 00:00:00,BlackRock,1126.2693446125922,4682735.104869559,-44128.718702377104,-183475738.89762136,3839180.044436397,15962312437.954985
2025-09-26 00:00:00,BlackRock,-2566.8217090344842,-9941813.843432363,-44431.743110527845,-172093027.41569644,3836613.2227273625,14859970334.26762
2025-09-27 00:00:00,BlackRock,1835.8630686777851,7410773.373439555,1835.8630686777815,7410773.37343954,3838449.0857960405,15494552271.160303
2025-09-28 00:00:00,BlackRock,3082.12195359163,12402828.595887149,3082.1219535916316,12402828.595887156,3841531.207749632,15458782563.72945
2025-09-29 00:00:00,BlackRock,-51509.92205559685,-213553440.5526373,-48054.82914942959,-199229074.52574566,3790021.2856940352,15712935547.72033
2025-09-30 00:00:00,BlackRock,33831.27249180872,142728049.01389244,98824.25465343225,416921742.016993,3823852.5581858438,16132145649.5256
2025-10-01 00:00:00,BlackRock,32531.010751300128,134880402.0871481,32520.01075341912,134834793.78593388,3856383.568937144,15989376117.362875
2025-10-02 00:00:00,BlackRock,6745.205381529842,29343734.42332309,18313.15556867687,79667903.80197068,3863128.7743186736,16805807738.20627
2025-10-03 00:00:00,BlackRock,38364.64904739251,172163280.83262625,67947.81053253027,304919197.1552563,3901493.423366066,17508146812.02639
2025-10-04 00:00:00,BlackRock,-1399.5689394965902,-6320145.425599912,-1399.5689293956038,-6320145.379986079,3900093.8544265693,17611965825.942413
2025-10-05 00:00:00,BlackRock,1617.9623759028618,7265055.558397825,1617.9623759028764,7265055.558397891,3901711.8168024723,17519661485.3973
2025-10-06 00:00:00,BlackRock,35297.010367525814,159422477.0259671,40498.35945712024,182914890.3240293,3937008.827169998,17781894068.796013
2025-10-07 00:00:00,BlackRock,14412.708898614073,67575426.94204195,27573.33625308264,129280344.35620329,3951421.5360686122,18526635014.011295
2025-10-08 00:00:00,BlackRock,96916.06036312113,431416027.74281186,84966.87138198689,378224929.9446317,4048337.5964317336,18020931910.260075
2025-10-09 00:00:00,BlackRock,28993.083902096616,131296050.24316157,20908.66504209663,94685516.90308584,4077330.6803338304,18464314305.81216
2025-10-10 00:00:00,BlackRock,4673.113201085129,20421972.000062123,-5781.049897089364,-25263766.155270234,4082003.7935349154,17838764778.126934
2025-10-11 00:00:00,BlackRock,4918.6436033610225,18895903.944596007,4918.643603362994,18895903.94460358,4086922.4371382766,15700689057.529747
2025-10-12 00:00:00,BlackRock,3742.1841740823,14043743.612179538,3742.1841740992895,14043743.612243297,4090664.621312359,15351528004.153448
2025-10-13 00:00:00,BlackRock,1426.1207228210405,5932305.676754823,-5261.231102383702,-21885406.078140605,4092090.74203518,17022074464.18084
2025-10-14 00:00:00,BlackRock,-98033.84118004082,-416264434.0498067,-135292.6246129869,-574470072.1479421,3994056.900855139,16959284828.428032
2025-10-15 00:00:00,BlackRock,-3160.411488563259,-13043302.65033454,53275.98801817739,219874797.38993973,3990896.4893665756,16470788992.299902
2025-10-16 00:00:00,BlackRock,9363.111697257373,37332037.17260276,7451.8356149455085,29711511.853773832,4000259.601063833,15949595065.78565
2025-10-17 00:00:00,BlackRock,12105.811268799604,47151650.6595237,-20787.396042015516,-80966076.08780876,4012365.4123326326,15628002786.419111
2025-10-18 00:00:00,BlackRock,-2550.1645053686243,-9779345.343542546,-2550.1645053646253,-9779345.34352721,4009815.247827264,15376799414.215513
2025-10-19 00:00:00,BlackRock,1569.104246281734,6108460.066604939,1569.1042462817331,6108460.066604936,4011384.3520735456,15616158827.24823
2025-10-20 00:00:00,BlackRock,-13881.721483483954,-55350588.07109557,-34288.84218180743,-136719900.43152076,3997502.6305900617,15939242238.951754
2025-10-21 00:00:00,BlackRock,-32773.97809762445,-130526300.65116109,-32775.10778959496,-130530799.78499666,3964728.652492437,15790007625.98943
2025-10-22 00:00:00,BlackRock,2711.535121560253,10510316.861435775,14491.23950523827,56170218.00822932,3967440.187613997,15378393283.219995
2025-10-23 00:00:00,BlackRock,5048.04768484144,19216150.719501667,-35941.921209623935,-136818314.37261495,3972488.2352988385,15121872340.900324
2025-10-24 00:00:00,BlackRock,-9374.931958979942,-36158550.069868095,-16398.665597513213,-63248669.28967261,3963113.3033398585,15285490224.183634
2025-10-25 00:00:00,BlackRock,-3488.9470406644214,-13733542.236167362,-3488.9470403614196,-13733542.234974656,3959624.356299194,15586269353.700518
2025-10-26 00:00:00,BlackRock,7934.8863497900165,31391600.632721774,7934.88634979006,31391600.632721946,3967559.242648984,15696259497.805779
2025-10-27 00:00:00,BlackRock,-27163.641484886604,-112915726.37928058,-25280.830487886604,-105089125.83018118,3940395.6011640974,16379712262.611002
2025-10-28 00:00:00,BlackRock,14017.063590881997,57778896.804159224,28640.39808537504,118056866.52383932,3954412.6647549793,16300247180.626616
2025-10-29 00:00:00,BlackRock,729.7245522105659,2907317.480198682,23788.154907321245,94775101.6109058,3955142.3893071897,15757801447.510454
2025-10-30 00:00:00,BlackRock,13857.174578759543,54136793.92906042,706.8899882543229,2761656.599412341,3968999.563885949,15505968426.20271
2025-10-31 00:00:00,BlackRock,-30346.302806366453,-115456757.50921406,-50620.59855148264,-192593154.0729129,3938653.261079583,14985157743.233824
2025-11-01 00:00:00,BlackRock,-11221.723987212084,-43206891.65072282,-11221.723987109042,-43206891.65032607,3927431.537092371,15121750372.951385
2025-11-02 00:00:00,BlackRock,2592.0964372729222,10049013.547055293,2592.096437272922,10049013.547055291,3930023.633529644,15235876322.231388
2025-11-03 00:00:00,BlackRock,-8766.084259578281,-34267236.996589676,-25109.57612299458,-98155090.73511443,3921257.5492700655,15328470248.125135
2025-11-04 00:00:00,BlackRock,-12565.78193789284,-45277402.45207362,-26125.13686096934,-94134876.89155056,3908691.7673321725,14083915436.804304
2025-11-05 00:00:00,BlackRock,-35724.83992391535,-117588310.60956737,-63262.27743484575,-208227786.1767948,3872966.927408257,12747870641.564278
2025-11-06 00:00:00,BlackRock,-53648.560838168734,-183735054.6729519,-45531.52348642876,-155935906.32108638,3819318.366570088,13080363348.645573
2025-11-07 00:00:00,BlackRock,7255.10532047342,24043273.929942504,-12339.823019644427,-40893926.69064124,3826573.4718905613,12681187954.375883
2025-11-08 00:00:00,BlackRock,-2015.5948114524526,-6927841.238339454,-2015.5948084224547,-6927841.227924987,3824557.8770791087,13145464370.466146
2025-11-09 00:00:00,BlackRock,3526.8119547016213,12004491.995174285,3526.8119547016104,12004491.995174248,3828084.6890338105,13029958102.839504
2025-11-10 00:00:00,BlackRock,7399.617069951382,26528367.1574827,4850.488414874064,17389486.016165007,3835484.306103762,13750594785.812595
2025-11-11 00:00:00,BlackRock,-87.69483949409914,-312973.2357220955,-2183.267864490095,-7791842.848900054,3835396.6112642675,13688108611.974932
2025-11-12 00:00:00,BlackRock,-4370.374753577606,-14941786.837511405,-33445.543230423915,-114346298.83963172,3831026.23651069,13097818979.481668
2025-11-13 00:00:00,BlackRock,-29251.15584866074,-99885969.45733123,-54594.37277973785,-186427226.33706543,3801775.080662029,12982187492.192276
2025-11-14 00:00:00,BlackRock,-54874.45315478783,-177489223.75103503,-86837.9281576633,-280873805.10883564,3746900.627507241,12119200203.64707
2025-11-15 00:00:00,BlackRock,-104.63163647264082,-325486.0021063616,-104.6316363716387,-325486.00179216627,3746795.9958707686,11655458048.03487
2025-11-16 00:00:00,BlackRock,15611.205254067117,49476748.923767455,15611.205254067114,49476748.92376745,3762407.2011248358,11924234766.596952
2025-11-17 00:00:00,BlackRock,-57552.03919847266,-178286433.59020457,-59030.11788743613,-182865270.09523627,3704855.161926363,11477011466.270346
