ranking,entity,entity_just_name,entity_category,amount_staked,amount_staked_broken_down,validators,marketshare,ow_change,om_change,sm_change,earned_rewards,last_deposit,last_withdrawal
1,<a href='https://x.com/LidoFinance' target='_blank'>Lido</a>,Lido,Liquid Staking,9375201.381576926,9375201.381576926,292975.0431742789,0.21528276307691746,-0.001,-0.006,0.022,1126983.4866670775," 2026-08-11 "," 2026-09-21 "
2,<a href='https://x.com/binance' target='_blank'>Binance</a>,Binance,CEXs,3273296.559487393,3273296.559487393,102290.51748398104,0.07516471369685761,0,0,-0.018,294124.5479297924," 2026-06-17 "," 2026-04-26 "
3,<a href='https://x.com/ether_fi' target='_blank'>ether.fi</a>,ether.fi,Liquid Restaking,1689776.292499605,1689776.292499605,52805.50914061266,0.03880233548327215,0.002,0.016,-0.269,118709.90341102293," 2026-09-16 "," 2026-08-26 "
4,<a href='https://x.com/krakenfx' target='_blank'>Kraken</a>,Kraken,CEXs,1645870.9759888821,1645870.9759888821,51433.46799965257,0.03779413763583507,-0,-0.002,0.034,208212.15303610108," 2026-08-10 "," 2026-09-18 "
5,<a href='https://x.com/coinbase' target='_blank'>Coinbase</a>,Coinbase,CEXs,1549636.4355976959,1549636.4355976959,48426.138612427996,0.03558430374367316,-0.005,-0.037,-0.141,471592.35326542635," 2026-09-21 "," 2026-09-21 "
6,<a href='https://x.com/Figment_io' target='_blank'>Figment</a>,Figment,Staking Pools,1350578.639469951,1350578.639469951,42205.58248343597,0.031013339279209087,-0.002,-0.044,-0.104,116866.75637997805," 2026-08-11 "," 2026-09-20 "
7,<a href='https://x.com/BlockdaemonHQ' target='_blank'>Blockdaemon</a>,Blockdaemon,Staking Pools,1050720.551941474,1050720.551941474,32835.01724817106,0.024127697575453754,-0.001,-0.01,-0.008,51113.09193224312," 2026-08-11 "," 2026-09-19 "
8,<a href='https://x.com/everstake_pool' target='_blank'>Everstake</a>,Everstake,Staking Pools,796512,796512,24891,0.01829030622434259,0,-0.019,0.096,43555.27257807495," 2026-08-11 "," 2026-09-08 "
9,<a href='https://x.com/Kiln_finance' target='_blank'>Kiln</a>,Kiln,Staking Pools,761081.2649407799,761081.2649407799,23783.78952939937,0.01747671020320708,-0.003,-0.026,0.084,87464.57386066185," 2026-08-10 "," 2026-09-20 "
10,<a href='https://x.com/upbitglobal' target='_blank'>Upbit</a>,Upbit,CEXs,635328,635328,19854,0.014589037795914096,-0.002,-0.021,0.164,40951.87856796498," 2026-08-11 "," 2026-09-16 "
11,<a href='https://x.com/okx' target='_blank'>OKX</a>,OKX,CEXs,531707.319745703,531707.319745703,16615.85374205322,0.012209595963241416,-0.004,-0.005,0.175,48056.68615307899," 2026-09-18 "," 2026-09-17 "
12,<a href='https://x.com/Rocket_Pool' target='_blank'>Rocket Pool</a>,Rocket Pool,Liquid Staking,447616.19761580793,447616.19761580793,13988.006175493998,0.010278611402425794,-0.001,-0.011,-0.08,76010.66256130287," 2026-01-15 "," 2026-09-21 "
13,<a href='https://x.com/BitcoinSuisseAG' target='_blank'>Bitcoin Suisse</a>,Bitcoin Suisse,CEXs,415927.852291453,415927.852291453,12997.745384107906,0.009550951882261419,-0.007,-0.02,-0.034,79292.75227299018," 2026-07-17 "," 2026-09-21 "
14,<a href='https://x.com/P2Pvalidator' target='_blank'>P2P.org</a>,P2P.org,Staking Pools,345635.68617649097,345635.68617649097,10801.115193015343,0.007936832768657339,-0,-0.002,0.019,29158.997603107033," 2026-08-11 "," 2026-09-18 "
15,<a href='https://x.com/stakewise_io' target='_blank'>StakeWise</a>,StakeWise,Staking Pools,338785.94723256706,338785.94723256706,10587.06085101772,0.007779542203240656,-0.006,-0.02,-0.11,17514.505145394," 2026-09-21 "," 2026-09-21 "
16,<a href='https://x.com/liquid_col' target='_blank'>Liquid Collective</a>,Liquid Collective,Liquid Staking,319392.287525154,319392.287525154,9981.008985161063,0.007334205566932252,0,0,0.153,14649.313212065998," 2026-08-05 "," 2026-08-04 "
17,<a href='https://x.com/stakefish' target='_blank'>stakefish</a>,stakefish,Staking Pools,285581.80452654,285581.80452654,8924.431391454375,0.006557815396241064,-0.001,-0.013,-0.03,61363.20732332703," 2026-08-08 "," 2026-09-20 "
18,<a href='https://x.com/Bitstamp' target='_blank'>Bitstamp</a>,Bitstamp,CEXs,216768.17967872001,216768.17967872001,6774.0056149600005,0.004977648027923126,-0,-0.002,0.027,20828.620941319987," 2026-08-07 "," 2026-09-15 "
19,<a href='https://x.com/0xMantle' target='_blank'>Mantle</a>,Mantle,Staking Pools,194560,194560,6080,0.004467681565385197,0,0,-0.133,25911.332890692975," 2026-08-03 "," 2026-08-03 "
20,<a href='https://x.com/DARMACapital' target='_blank'>DARMA Capital</a>,DARMA Capital,Staking Pools,174528,174528,5454,0.004007686720001786,0,0,-0.256,56818.70038175011," 2022-12-05 "," 2026-04-04 "
21,<a href='https://x.com/KelpDAO' target='_blank'>Kelp DAO</a>,Kelp DAO,Liquid Restaking,143328.500123027,143328.500123027,4479.015628844594,0.0032912525585626936,0,0,-0.039,9251.719494602," 2025-12-29 "," 2026-06-04 "
22,<a href='https://x.com/coinspotau' target='_blank'>CoinSpot</a>,CoinSpot,CEXs,137664,137664,4302,0.003161178633928802,0,0,0,17131.517290561987," 2023-07-19 "," 2023-07-19 "
23,<a href='https://x.com/divastaking' target='_blank'>Diva (Pre-launch)</a>,Diva (Pre-launch),Liquid Staking,133484.49746982683,133484.49746982683,4171.390545932089,0.003065204711197843,0,-0,0,0," 2026-03-19 ",Never
24,<a href='https://x.com/RevolutApp' target='_blank'>Revolut</a>,Revolut,CEXs,115040,115040,3595,0.0026416636887433855,0,-0.049,0.204,5420.908242692001," 2026-08-11 "," 2026-09-10 "
,↘️ Golem Foundation (w/ <a href='https://x.com/OctantApp' target='_blank'>Octant</a>),Golem Foundation,Staking Pools,0,100352,3136,0.0023043831231986784,0,0,0,8556.666450130006," 2024-02-02 "," 2023-07-28 "
25,<a href='https://x.com/OctantApp' target='_blank'>Octant</a>,Octant,Staking Pools,100352,100352,3136,0.0023043831231986805,0,0,0,8556.666450129997," 2024-02-02 "," 2023-07-28 "
26,<a href='https://x.com/Consensys' target='_blank'>Consensys</a>,Consensys,Staking Pools,99040,99040,3095,0.002274255665274208,-0.003,-0.028,-0.01,7325.039990699996," 2026-07-30 "," 2026-09-17 "
27,<a href='https://x.com/staderlabs' target='_blank'>Stader</a>,Stader,Liquid Staking,85173.73436620699,85173.73436620699,2661.6791989439685,0.0019558445871860537,-0,-0.028,-0.38,10160.073468407," 2026-09-02 "," 2026-09-12 "
28,<a href='https://x.com/imTokenOfficial' target='_blank'>imToken</a>,imToken,Staking Pools,55392,55392,1731,0.001271966577250292,0,-0.013,-0.026,7463.644648963997," 2026-06-24 "," 2026-09-11 "
29,<a href='https://x.com/gate_io' target='_blank'>Gate.io</a>,Gate.io,CEXs,54816.131129146,54816.131129146,1713.0040977858125,0.0012587428995241737,0,0,0,9016.80873174," 2025-07-29 "," 2024-11-30 "
30,<a href='https://x.com/bitfinex' target='_blank'>Bitfinex</a>,Bitfinex,CEXs,52098.937372528,52098.937372528,1628.0917928915,0.0011963479753053106,0,0,0,5774.245605253," 2025-03-05 "," 2025-04-20 "
31,<a href='https://x.com/fraxfinance' target='_blank'>Frax Finance</a>,Frax Finance,Liquid Staking,45248,45248,1414,0.0010390298903708336,0,-0.01,-0.197,13937.910096127003," 2025-06-15 "," 2026-08-22 "
32,<a href='https://x.com/RenzoProtocol' target='_blank'>Renzo</a>,Renzo,Liquid Restaking,40001.25252312698,40001.25252312698,1250.0391413477182,0.0009185488203633455,-0.092,-0.092,-0.789,18600.486703554983," 2026-01-23 "," 2026-09-16 "
33,<a href='https://x.com/stakedTokens' target='_blank'>StakeHound</a>,StakeHound,Liquid Staking,37504,37504,1172,0.0008612044070117517,0,0,0,449.53179875199993," 2023-05-11 "," 2023-12-19 "
34,<a href='https://x.com/myetherwallet' target='_blank'>MyEtherWallet</a>,MyEtherWallet,Staking Pools,35779.352852757,35779.352852757,1118.1047766486563,0.0008216013320398577,0,-0.011,-0.015,9555.201504108003," 2026-08-04 "," 2026-09-13 "
35,<a href='https://x.com/bitgetglobal' target='_blank'>Bitget</a>,Bitget,CEXs,26944,26944,842,0.0006187151115220947,0,0,-0.007,1438.5020864510002," 2026-01-28 "," 2026-07-20 "
36,GMO Coin,GMO Coin,CEXs,21280,21280,665,0.0004886526712140059,0,0,0,12.570298691999998," 2025-10-25 "," 2023-05-25 "
37,<a href='https://x.com/kucoincom' target='_blank'>KuCoin</a>,KuCoin,CEXs,20000,20000,625,0.0004592600293364717,0,0,0,5206.217880287998," 2022-10-12 "," 2026-01-20 "
38,<a href='https://x.com/rockx_official' target='_blank'>RockX</a>,RockX,Staking Pools,18401,18401,575.03125,0.0004225421899910208,-0.002,-0.002,-0.025,2932.6172961270013," 2026-06-16 "," 2026-09-15 "
39,<a href='https://x.com/MercadoBitcoin' target='_blank'>Mercado Bitcoin</a>,Mercado Bitcoin,CEXs,17888,17888,559,0.0004107621702385403,0,0,0,1469.6643965879996," 2025-03-16 "," 2026-01-14 "
40,<a href='https://x.com/WEXnz' target='_blank'>WEX Exchange</a>,WEX Exchange,CEXs,16000,16000,500,0.0003674080234691774,0,0,0,3876.893752771997," 2020-11-14 ",Never
41,<a href='https://x.com/originprotocol' target='_blank'>Origin Protocol</a>,Origin Protocol,Staking Pools,13472,13472,421,0.00030935755576104733,0,0,-0.132,1018.2141554279998," 2024-11-11 "," 2026-04-08 "
,↘️ <a href='https://x.com/Bitpanda_global' target='_blank'>Bitpanda</a> (w/ <a href='https://x.com/Kiln_finance' target='_blank'>Kiln</a>),Bitpanda,CEXs,0,13360,417.5,0.00030678569959676286,-0.003,-0.003,-0.003,9707.722313407017," 2025-11-06 "," 2025-10-28 "
42,<a href='https://x.com/swellnetworkio' target='_blank'>Swell</a>,Swell,Liquid Restaking,11232.765388191998,11232.765388191998,351.02391838099993,0.000257938008085538,0,-0.146,-0.393,8337.044946583997," 2025-10-29 "," 2026-08-23 "
43,<a href='https://x.com/puffer_finance' target='_blank'>Puffer Finance</a>,Puffer Finance,Liquid Restaking,11204.620318201993,11204.620318201993,350.14438494381227,0.0002572917128020737,0,-0.519,-0.61,4122.082770730001," 2025-10-28 "," 2026-09-03 "
44,<a href='https://x.com/ankr' target='_blank'>Stkr (Ankr)</a>,Stkr (Ankr),Liquid Staking,8428.478085745002,8428.478085745002,263.3899401795313,0.00019354315464605295,0,-0.015,-0.054,7526.5080178910075," 2025-11-05 "," 2026-09-05 "
45,<a href='https://x.com/swellnetworkio' target='_blank'>Swell (Pre-launch)</a>,Swell (Pre-launch),Liquid Staking,7723.368801286687,7723.368801286687,241.35527504020897,0.0001773517291127657,-0,-0,0,0," 2026-05-15 ",Never
46,was.eth,was.eth,Solo Stakers,7690,7690,240.3125,0.00017658548127987337,0,0,0,1645.9826769059998," 2024-10-22 "," 2025-09-06 "
47,<a href='https://x.com/VitalikButerin' target='_blank'>Vitalik Buterin</a>,Vitalik Buterin,Solo Stakers,6976,6976,218,0.00016018989823256134,0,0,0,1598.9679135869994," 2020-11-24 ",Never
48,<a href='https://x.com/Cryptostakecom' target='_blank'>cryptostake.com</a>,cryptostake.com,Staking Pools,6592,6592,206,0.00015137210566930107,0,0,0,1242.898383918," 2022-10-29 ",Never
49,honoraryape.eth,honoraryape.eth,Solo Stakers,6368,6368,199,0.0001462283933407326,0,0,0,1644.6614951469999," 2020-12-21 "," 2025-11-11 "
50,<a href='https://x.com/BitpieWallet' target='_blank'>Bitpie</a>,Bitpie,Staking Pools,5088,5088,159,0.0001168357514631984,0,0,0,4904.214916275998," 2020-12-23 "," 2026-02-14 "
51,<a href='https://x.com/Paxos' target='_blank'>Paxos</a>,Paxos,CEXs,4800,4800,150,0.00011022240704075321,0,0,0,1324.5010003080006," 2021-03-18 "," 2025-03-14 "
52,<a href='https://x.com/prylabs' target='_blank'>Prysm Team</a>,Prysm Team,Solo Stakers,4608,4608,144,0.00010581351075912309,0,0,0,1120.3925697900002," 2020-11-21 ",Never
53,<a href='https://x.com/ethnimbus' target='_blank'>Nimbus Team</a>,Nimbus Team,Solo Stakers,4224,4224,132,0.00009699571819586282,0,0,-0.036,1100.3558568799997," 2020-11-21 "," 2026-05-13 "
54,<a href='https://x.com/sigp_io' target='_blank'>Sigma Prime Team</a>,Sigma Prime Team,Solo Stakers,4096,4096,128,0.00009405645400810941,0,0,0,1035.741229383," 2020-11-20 "," 2025-08-11 "
55,<a href='https://x.com/dxpoolOfficial' target='_blank'>DxPool</a>,DxPool,Staking Pools,3561,3561,111.28125,0.00008177124822335879,0,0,0.406,88.06060478700013," 2026-07-24 "," 2026-06-21 "
56,pottash.eth,pottash.eth,Solo Stakers,3200,3200,100,0.00007348160469383547,0,0,0,366.2222909629999," 2023-03-11 ",Never
57,coinspiracy.eth,coinspiracy.eth,Solo Stakers,3200,3200,100,0.00007348160469383547,0,0,0,727.2103759959999," 2020-11-23 ",Never
58,peleg.eth,peleg.eth,Solo Stakers,3200,3200,100,0.00007348160469383547,0,0,0,292.3618844210001," 2023-05-26 "," 2023-05-25 "
59,greedland.eth,greedland.eth,Solo Stakers,3200,3200,100,0.00007348160469383547,0,0,0,677.0021751459998," 2021-01-08 ",Never
60,bitshameddesk.eth,bitshameddesk.eth,Solo Stakers,3168,3168,99,0.00007274678864689712,0,0,0,803.5577147509996," 2023-01-15 "," 2025-09-28 "
61,<a href='https://x.com/XHash_com' target='_blank'>XHash</a>,XHash,CEXs,3104.1137713220014,3104.1137713220014,97.00355535381254,0.00007127976908405441,-0,-0.01,-0.924,3191.080129539001," 2025-08-20 "," 2026-09-10 "
62,godavego.eth,godavego.eth,Solo Stakers,2144,2144,67,0.00004923267514486977,0,0,0,319.17304628099987," 2023-06-04 ",Never
63,andermatt.eth,andermatt.eth,Solo Stakers,2080,2080,65,0.00004776304305099306,0,0,0,0," 2021-11-23 ",Never
64,95948.eth,95948.eth,Solo Stakers,2080,2080,65,0.00004776304305099306,0,0,0,133.55645696599998," 2025-09-03 "," 2025-06-13 "
65,86061611630.eth,86061611630.eth,Solo Stakers,1952,1952,61,0.00004482377886323964,0,0,0,0," 2022-11-21 ",Never
66,amiga500.eth,amiga500.eth,Solo Stakers,1728,1728,54,0.00003968006653467116,0,0,-0.46,514.3728768830001," 2023-10-04 "," 2026-06-28 "
67,daveydoo.eth,daveydoo.eth,Solo Stakers,1472,1472,46,0.00003380153815916432,0,0,0,256.5018779," 2025-05-15 "," 2025-05-22 "
68,47validators.eth,47validators.eth,Solo Stakers,1344,1344,42,0.000030862273971410896,0,0,0,0," 2021-06-19 ",Never
69,<a href='https://x.com/SharedStakeNews' target='_blank'>SharedStake</a>,SharedStake,Liquid Staking,1280,1280,40,0.00002939264187753419,0,0,0,2006.1621345099998," 2021-04-04 "," 2024-06-27 "
70,ibeli.eth,ibeli.eth,Solo Stakers,1280,1280,40,0.00002939264187753419,0,0,0,281.70719623900004," 2022-05-08 ",Never
71,katto.eth,katto.eth,Solo Stakers,1056,1056,33,0.000024248929548965706,0,0,0,101.607425468," 2024-11-15 "," 2026-01-14 "
72,dymaxiontechnology.eth,dymaxiontechnology.eth,Solo Stakers,1024,1024,32,0.000023514113502027352,0,0,-0.03,113.71068203299998," 2022-08-09 "," 2026-07-14 "
73,permafrost.eth,permafrost.eth,Solo Stakers,1024,1024,32,0.000023514113502027352,0,0,0,0," 2020-11-24 ",Never
74,gunfighter.eth,gunfighter.eth,Solo Stakers,1024,1024,32,0.000023514113502027352,0,0,0,149.51813029699997," 2022-06-07 ",Never
75,Blox Staking,Blox Staking,Staking Pools,992,992,31,0.000022779297455088996,0,0,0,234.619171243," 2020-11-23 ",Never
76,freedom55.eth,freedom55.eth,Solo Stakers,984,984,30.75,0.000022595593443354407,0,0,0,229.48445503999997," 2025-05-07 "," 2025-08-09 "
77,staked.finance,staked.finance,Liquid Staking,960,960,30,0.000022044481408150642,0,0,0,226.07131392799994," 2020-11-25 ",Never
78,wesurvivedthemerge.eth,wesurvivedthemerge.eth,Solo Stakers,960,960,30,0.000022044481408150642,0,0,0,130.990566," 2022-09-16 ",Never
79,ronit.eth,ronit.eth,Solo Stakers,960,960,30,0.000022044481408150642,0,0,0,221.46438931899993," 2020-12-25 ",Never
80,collaboard.eth,collaboard.eth,Solo Stakers,928,928,29,0.00002130966536121229,0,0,0,0," 2022-12-22 ",Never
81,synergycrypto.eth,synergycrypto.eth,Solo Stakers,896,896,28,0.000020574849314273932,0,0,0,182.01187594499993," 2024-08-16 ",Never
82,fsjal.eth,fsjal.eth,Solo Stakers,785,785,24.53125,0.000018025956151456514,0,0,-0.039,222.31374587899998," 2025-11-07 "," 2026-03-24 "
83,joycedental.eth,joycedental.eth,Solo Stakers,704,704,22,0.000016165953032643805,0,0,0,87.505120158," 2022-11-30 "," 2023-07-08 "
84,igisandros.eth,igisandros.eth,Solo Stakers,704,704,22,0.000016165953032643805,0,0,0,148.56963456599996," 2025-05-02 "," 2025-03-05 "
85,avastake.eth,avastake.eth,Solo Stakers,672,672,21,0.000015431136985705448,0,0,0,110.94012754100002," 2021-10-23 ",Never
86,binarybangers.eth,binarybangers.eth,Solo Stakers,640,640,20,0.000014696320938767095,0,0,0,122.06671807700002," 2021-07-11 ",Never
87,radwanski.eth,radwanski.eth,Solo Stakers,640,640,20,0.000014696320938767095,0,0,0,108.75913952300003," 2022-08-21 ",Never
88,writter.eth,writter.eth,Solo Stakers,640,640,20,0.000014696320938767095,0,0,0,62.163775471," 2023-04-18 ",Never
89,sturmh.eth,sturmh.eth,Solo Stakers,608,608,19,0.00001396150489182874,0,0,0,102.817042995," 2023-06-27 "," 2023-04-29 "
90,showaid.eth,showaid.eth,Solo Stakers,576,576,18,0.000013226688844890386,0,0,0,112.63376431699997," 2025-01-08 "," 2025-01-08 "
91,scg.eth,scg.eth,Solo Stakers,576,576,18,0.000013226688844890386,0,0,0,157.233969365," 2021-01-13 "," 2025-11-03 "
95,epstrom.eth,epstrom.eth,Solo Stakers,512,512,16,0.000011757056751013676,0,0,-0.784,375.71121376100007," 2024-01-19 "," 2026-08-15 "
92,mylogin.eth,mylogin.eth,Solo Stakers,512,512,16,0.000011757056751013676,0,0,0,89.199017362," 2024-01-01 "," 2026-01-11 "
93,careerin.eth,careerin.eth,Solo Stakers,512,512,16,0.000011757056751013676,0,0,0,76.39860456199999," 2020-12-13 ",Never
94,<a href='https://x.com/Teku_Consensys' target='_blank'>Teku Team</a>,Teku Team,Solo Stakers,512,512,16,0.000011757056751013676,0,0,-0.889,1064.6617349080002," 2020-12-18 "," 2026-06-13 "
96,<a href='https://x.com/benchodroff' target='_blank'>benjaminchodroff.eth</a>,benjaminchodroff.eth,Solo Stakers,490.25,490.25,15.3203125,0.000011257611469110264,0,0,19.216,77.632625274," 2026-05-12 "," 2026-03-09 "
97,jonboy.eth,jonboy.eth,Solo Stakers,480,480,15,0.000011022240704075321,0,0,0,82.19441681," 2021-09-08 ",Never
98,pate.eth,pate.eth,Solo Stakers,480,480,15,0.000011022240704075321,0,0,0,115.98676384599997," 2020-11-09 ",Never
99,mystakingwallet.eth,mystakingwallet.eth,Solo Stakers,448,448,14,0.000010287424657136966,0,0,0,97.53368075300001," 2021-03-28 ",Never
100,<a href='https://x.com/UpholdInc' target='_blank'>Uphold</a>,Uphold,CEXs,448,448,14,0.000010287424657136966,0,0,0,323.6495100199999," 2023-10-19 "," 2024-01-21 "
101,korkus.eth,korkus.eth,Solo Stakers,427,427,13.34375,0.000009805201626333671,0,0,0,25.345761168," 2025-06-03 ",Never
102,brianahern.eth,brianahern.eth,Solo Stakers,416,416,13,0.000009552608610198611,0,0,0,119.33948692," 2025-02-09 "," 2026-01-23 "
103,edrews.eth,edrews.eth,Solo Stakers,416,416,13,0.000009552608610198611,0,0,0,53.81093926300001," 2022-07-02 ",Never
104,gamell.eth,gamell.eth,Solo Stakers,416,416,13,0.000009552608610198611,0,0,0,58.359780325," 2024-02-21 ",Never
105,<a href='https://x.com/EPotterOfficial' target='_blank'>EPotter</a>,EPotter,Liquid Staking,416,416,13,0.000009552608610198611,0,0,0,333.204247073," 2024-02-28 "," 2024-04-12 "
106,malachite🟢.eth,malachite🟢.eth,Solo Stakers,416,416,13,0.000009552608610198611,0,0,0,78.00920856799998," 2023-06-18 "," 2024-02-05 "
107,edmiikk.eth,edmiikk.eth,Solo Stakers,385,385,12.03125,0.00000884075556472708,0,0.003,0.003,78.17136068100001," 2026-09-11 ",Never
108,<a href='https://x.com/neukindinc' target='_blank'>neukind.com</a>,neukind.com,Staking Pools,384,384,12,0.000008817792563260258,0,0,0,15.597827582999997," 2020-11-30 "," 2024-04-08 "
109,dubbo.eth,dubbo.eth,Solo Stakers,384,384,12,0.000008817792563260258,0,0,0,88.253524644," 2022-09-13 "," 2024-06-02 "
110,kalakris.eth,kalakris.eth,Solo Stakers,384,384,12,0.000008817792563260258,0,0,0,57.19666921899999," 2022-09-18 ",Never
111,spacetractor.eth,spacetractor.eth,Solo Stakers,384,384,12,0.000008817792563260258,0,0,0,78.23311054599999," 2024-02-24 ",Never
112,canbolat.eth,canbolat.eth,Solo Stakers,338,338,10.5625,0.000007761494495786372,0,0,0.625,63.212664784999994," 2026-06-06 "," 2025-11-12 "
113,seamonkey.eth,seamonkey.eth,Solo Stakers,320,320,10,0.000007348160469383547,0,0,0,55.56541539199998," 2024-03-05 ",Never
114,tablemountain.eth,tablemountain.eth,Solo Stakers,320,320,10,0.000007348160469383547,0,0,0,68.295814454," 2021-02-09 ",Never
115,jeremie.eth,jeremie.eth,Solo Stakers,320,320,10,0.000007348160469383547,0,0,0,43.929490427999994," 2023-04-15 "," 2024-03-22 "
116,akirodic.eth,akirodic.eth,Solo Stakers,320,320,10,0.000007348160469383547,0,0,0,74.139667428," 2020-12-11 ",Never
117,dougcastoldi.eth,dougcastoldi.eth,Solo Stakers,320,320,10,0.000007348160469383547,0,0,0,51.50537901100002," 2023-09-07 "," 2025-02-09 "
118,ollett.eth,ollett.eth,Solo Stakers,320,320,10,0.000007348160469383547,0,0,0,52.587203906," 2021-04-22 ",Never
119,<a href='https://x.com/grntwrght' target='_blank'>ctrl-alt.eth</a>,ctrl-alt.eth,Solo Stakers,320,320,10,0.000007348160469383547,0,0,0,18.439517321000004," 2023-05-11 ",Never
120,groo2.eth,groo2.eth,Solo Stakers,320,320,10,0.000007348160469383547,0,0,0,28.53961213," 2023-01-02 ",Never
121,galenj.eth,galenj.eth,Solo Stakers,320,320,10,0.000007348160469383547,0,0,0,66.79181105100001," 2021-02-05 ",Never
122,colorcoin.eth,colorcoin.eth,Solo Stakers,320,320,10,0.000007348160469383547,0,0,0,26.933101719999996," 2023-07-25 ",Never
123,teague.eth,teague.eth,Solo Stakers,320,320,10,0.000007348160469383547,0,0,0,61.948310236000005," 2021-05-12 ",Never
124,kain.eth,kain.eth,Solo Stakers,320,320,10,0.000007348160469383547,0,0,0,0," 2020-11-24 ",Never
125,banteg.eth,banteg.eth,Solo Stakers,320,320,10,0.000007348160469383547,0,0,0,74.149223179," 2020-11-04 ",Never
126,3f93.eth,3f93.eth,Solo Stakers,320,320,10,0.000007348160469383547,0,0,0,17.5156111," 2024-10-09 "," 2024-09-23 "
127,bienen.eth,bienen.eth,Solo Stakers,320,320,10,0.000007348160469383547,0,0,0,77.22770085700002," 2020-11-23 ",Never
128,cboyack.eth,cboyack.eth,Solo Stakers,320,320,10,0.000007348160469383547,0,0,0,53.187539565," 2021-06-26 ",Never
129,jspaceman.eth,jspaceman.eth,Solo Stakers,313,313,9.78125,0.000007187419459115782,0,0,-0.093,54.293230355," 2025-12-08 "," 2026-06-07 "
130,nbm.eth,nbm.eth,Solo Stakers,303.43,303.43,9.4821875,0.000006967663535078281,0,0,-0.095,74.08951864200002," 2026-01-27 "," 2026-07-29 "
131,afei.eth,afei.eth,Solo Stakers,292,292,9.125,0.000006705196428312487,0,0,0.014,61.30775920799999," 2026-07-28 ",Never
132,njknight.eth,njknight.eth,Solo Stakers,288.005485767,288.005485767,9.00017143021875,0.00000661347039212086,0,0,0,50.546852636000004," 2023-04-15 "," 2025-11-30 "
133,<a href='https://x.com/ebunker_eth' target='_blank'>Ebunker</a>,Ebunker,Staking Pools,288,288,9,0.000006613344422445193,0,0,0,257.55427107," 2025-05-01 "," 2025-12-11 "
134,millio.eth,millio.eth,Solo Stakers,288,288,9,0.000006613344422445193,0,0,0,62.54160056800001," 2021-01-29 ",Never
135,gameishard.eth,gameishard.eth,Solo Stakers,288,288,9,0.000006613344422445193,0,0,0,30.372628630999998," 2024-02-29 "," 2024-02-10 "
136,handmadebags.eth,handmadebags.eth,Solo Stakers,288,288,9,0.000006613344422445193,0,0,0,21.805290384999996," 2024-05-12 ",Never
137,lololp.eth,lololp.eth,Solo Stakers,277.5,277.5,8.671875,0.000006372232907043545,0,0,0.078,16.636487943000002," 2026-08-05 ",Never
138,thecoldwallet.eth,thecoldwallet.eth,Solo Stakers,262.903,262.903,8.21571875,0.000006037041974632322,0,0,0.081,9.010019423000003," 2026-08-07 ",Never
139,baorui.eth,baorui.eth,Solo Stakers,256,256,8,0.000005878528375506838,0,0,0,29.366904754999993," 2024-02-05 ",Never
140,row.eth,row.eth,Solo Stakers,256,256,8,0.000005878528375506838,0,0,0,0," 2021-04-30 ",Never
141,h0lding.eth,h0lding.eth,Solo Stakers,256,256,8,0.000005878528375506838,0,0,0,59.54521836," 2020-12-11 "," 2024-08-20 "
142,alistake.eth,alistake.eth,Solo Stakers,256,256,8,0.000005878528375506838,0,0,0,42.620290666," 2021-10-24 ",Never
143,svensson.eth,svensson.eth,Solo Stakers,252.15,252.15,7.8796875,0.000005790120819859567,0,0,0,12.817724563000002," 2025-06-11 ",Never
145,zenar.eth,zenar.eth,Solo Stakers,224,224,7,0.000005143712328568483,0,0,0,40.03269777800001," 2021-02-12 ",Never
146,deepspacechase.eth,deepspacechase.eth,Solo Stakers,224,224,7,0.000005143712328568483,0,0,0.167,38.14973425799999," 2026-06-23 ",Never
147,sprc-brothers.eth,sprc-brothers.eth,Solo Stakers,224,224,7,0.000005143712328568483,0,0,0,50.98446254399999," 2021-05-05 "," 2026-03-19 "
148,brooklinen.eth,brooklinen.eth,Solo Stakers,224,224,7,0.000005143712328568483,0,0,0,41.065333893," 2021-05-21 ",Never
149,harchy.eth,harchy.eth,Solo Stakers,224,224,7,0.000005143712328568483,0,0,0,28.985648349," 2024-05-07 ",Never
144,zebrains.eth,zebrains.eth,Solo Stakers,224,224,7,0.000005143712328568483,0,0,0,0," 2020-11-24 ",Never
150,0x41414141.eth,0x41414141.eth,Solo Stakers,218,218,6.8125,0.000005005934319767542,0,0,0,18.977629775999993," 2025-07-19 ",Never
151,<a href='https://x.com/stereumdev' target='_blank'>stereum.net</a>,stereum.net,Solo Stakers,192,192,6,0.000004408896281630129,0,0,0,61.87630893500001," 2024-06-30 "," 2026-01-06 "
152,brigs.eth,brigs.eth,Solo Stakers,192,192,6,0.000004408896281630129,0,0,0,27.77118459," 2024-07-17 ",Never
153,stakesaurus.eth,stakesaurus.eth,Solo Stakers,192,192,6,0.000004408896281630129,0,0,0,33.862619163000005," 2023-09-19 "," 2026-01-13 "
154,dekeract.eth,dekeract.eth,Solo Stakers,192,192,6,0.000004408896281630129,0,0,0,47.573538777999985," 2022-12-28 ",Never
155,fengqi.eth,fengqi.eth,Solo Stakers,192,192,6,0.000004408896281630129,0,0,0,0," 2022-09-20 ",Never
156,roryburcham.eth,roryburcham.eth,Solo Stakers,192,192,6,0.000004408896281630129,0,0,0,29.952695360999996," 2023-05-14 ",Never
157,johnlynn.eth,johnlynn.eth,Solo Stakers,192,192,6,0.000004408896281630129,0,0,0,33.96002692500001," 2023-06-05 ",Never
158,clownworld.eth,clownworld.eth,Solo Stakers,192,192,6,0.000004408896281630129,0,0,0,40.45916452400001," 2023-04-09 "," 2024-02-04 "
159,verylongaddress.eth,verylongaddress.eth,Solo Stakers,192,192,6,0.000004408896281630129,0,0,0,14.485432972999996," 2023-12-22 "," 2023-12-27 "
160,birge.eth,birge.eth,Solo Stakers,192,192,6,0.000004408896281630129,0,0,0,71.44697457299999," 2020-11-04 "," 2025-09-18 "
161,563412.eth,563412.eth,Solo Stakers,190,190,5.9375,0.000004362970278696482,0,0,0,26.615921891000006," 2025-06-12 "," 2025-06-06 "
162,thebluebook.eth,thebluebook.eth,Solo Stakers,160.013783791,160.013783791,5.00043074346875,0.0000036743967519047253,0,0,0,12.855334572," 2023-04-17 "," 2026-01-21 "
165,gloopy.eth,gloopy.eth,Solo Stakers,160,160,5,0.0000036740802346917737,0,0,0,14.910224895," 2024-08-13 ",Never
166,curtisc.eth,curtisc.eth,Solo Stakers,160,160,5,0.0000036740802346917737,0,0,0,0," 2022-01-27 ",Never
167,mwegehaupt.eth,mwegehaupt.eth,Solo Stakers,160,160,5,0.0000036740802346917737,0,0,0,46.75682766199999," 2021-01-05 "," 2025-04-11 "
168,ghostwheel.eth,ghostwheel.eth,Solo Stakers,160,160,5,0.0000036740802346917737,0,0,0,38.592520773," 2020-11-08 ",Never
169,trier.eth,trier.eth,Solo Stakers,160,160,5,0.0000036740802346917737,0,0,0,32.509482818," 2023-04-16 ",Never
170,greid.eth,greid.eth,Solo Stakers,160,160,5,0.0000036740802346917737,0,0,0,12.980226407," 2025-07-25 ",Never
171,weibeler.eth,weibeler.eth,Solo Stakers,160,160,5,0.0000036740802346917737,0,0,0,23.782697212000006," 2023-07-31 ",Never
172,thunberg.eth,thunberg.eth,Solo Stakers,160,160,5,0.0000036740802346917737,0,0,0,0," 2021-12-18 ",Never
173,cartcollector.eth,cartcollector.eth,Solo Stakers,160,160,5,0.0000036740802346917737,0,0,0,41.648196815," 2020-12-02 "," 2026-03-02 "
174,alexphelps.eth,alexphelps.eth,Solo Stakers,160,160,5,0.0000036740802346917737,0,0,0,31.355792434999998," 2021-06-19 ",Never
175,tmarshall.eth,tmarshall.eth,Solo Stakers,160,160,5,0.0000036740802346917737,0,0,0,12.673151705," 2022-10-13 ",Never
176,sjhumphrey.eth,sjhumphrey.eth,Solo Stakers,160,160,5,0.0000036740802346917737,0,0,0,20.854747578999998," 2023-04-25 "," 2025-12-17 "
177,datawarehouse.eth,datawarehouse.eth,Solo Stakers,160,160,5,0.0000036740802346917737,0,0,0,59.144547595999995," 2021-05-02 "," 2025-08-15 "
178,plantregistry.eth,plantregistry.eth,Solo Stakers,160,160,5,0.0000036740802346917737,0,0,0,25.140628712," 2021-09-14 ",Never
179,famcv.eth,famcv.eth,Solo Stakers,160,160,5,0.0000036740802346917737,0,0,0,0," 2020-11-18 ",Never
180,sherryw.eth,sherryw.eth,Solo Stakers,160,160,5,0.0000036740802346917737,0,0,0,22.944311345," 2023-04-01 "," 2024-01-11 "
163,currentoor.eth,currentoor.eth,Solo Stakers,160,160,5,0.0000036740802346917737,0,0,0,21.462979031000003," 2021-11-08 ",Never
164,mcgukin.eth,mcgukin.eth,Solo Stakers,160,160,5,0.0000036740802346917737,0,0,0,24.942469263000007," 2022-03-25 "," 2023-09-19 "
181,vapem.eth,vapem.eth,Solo Stakers,130,130,4.0625,0.000002985190190687066,0,0,0,4.457560815," 2025-06-07 ",Never
182,w000t.eth,w000t.eth,Solo Stakers,128,128,4,0.000002939264187753419,0,0,0,0," 2020-11-23 ",Never
183,angelovski.eth,angelovski.eth,Solo Stakers,128,128,4,0.000002939264187753419,0,0,0,29.176384987000006," 2020-12-25 ",Never
184,humbolt.eth,humbolt.eth,Solo Stakers,128,128,4,0.000002939264187753419,0,0,0,19.982523970999996," 2022-08-22 ",Never
185,eth3.eth,eth3.eth,Solo Stakers,128,128,4,0.000002939264187753419,0,0,0,29.448429392," 2020-12-26 ",Never
186,gilad.eth,gilad.eth,Solo Stakers,128,128,4,0.000002939264187753419,0,0,0,7.865237737999999," 2023-04-22 ",Never
187,at1as.eth,at1as.eth,Solo Stakers,128,128,4,0.000002939264187753419,0,0,0,0," 2021-07-02 ",Never
188,twitterhandle.eth,twitterhandle.eth,Solo Stakers,128,128,4,0.000002939264187753419,0,0,0,18.467508703000004," 2022-02-07 ",Never
189,inovas.eth,inovas.eth,Solo Stakers,128,128,4,0.000002939264187753419,0,0,0,13.163302549000003," 2023-03-20 ",Never
190,akaifox.eth,akaifox.eth,Solo Stakers,128,128,4,0.000002939264187753419,0,0,0,20.754957005000005," 2021-05-25 ",Never
191,davieli.eth,davieli.eth,Solo Stakers,128,128,4,0.000002939264187753419,0,0,0,14.599896179000002," 2023-06-10 ",Never
192,yuut.eth,yuut.eth,Solo Stakers,128,128,4,0.000002939264187753419,0,0,0,30.666541539," 2020-11-24 ",Never
193,punk6883.eth,punk6883.eth,Solo Stakers,128,128,4,0.000002939264187753419,0,0,0,6.304140841000001," 2023-10-06 ",Never
194,kar-ma.eth,kar-ma.eth,Solo Stakers,128,128,4,0.000002939264187753419,0,0,0,17.741690031000005," 2021-08-14 ",Never
195,j2r5m3.eth,j2r5m3.eth,Solo Stakers,128,128,4,0.000002939264187753419,0,0,0,0," 2020-11-24 ",Never
196,typeyape.eth,typeyape.eth,Solo Stakers,128,128,4,0.000002939264187753419,0,0,0,25.878575966," 2021-03-18 ",Never
197,wolferfinance.eth,wolferfinance.eth,Solo Stakers,128,128,4,0.000002939264187753419,0,0,0,15.282379229000002," 2022-06-29 ",Never
198,puigsech.eth,puigsech.eth,Solo Stakers,128,128,4,0.000002939264187753419,0,0,0,22.632702412000004," 2021-01-31 ",Never
199,prestonvanloon.eth,prestonvanloon.eth,Solo Stakers,128,128,4,0.000002939264187753419,0,0,0,7.959860337999999," 2023-04-09 ",Never
200,gregmain.eth,gregmain.eth,Solo Stakers,128,128,4,0.000002939264187753419,0,0,0,25.11998390799999," 2023-11-04 ",Never
201,stake-frites.eth,stake-frites.eth,Solo Stakers,127.7,127.7,3.990625,0.000002932375287313372,0,0,0,19.626384990000002," 2025-11-15 ",Never
202,mazzilli.eth,mazzilli.eth,Solo Stakers,125,125,3.90625,0.0000028703751833529484,0,0,0,11.017211005," 2025-07-31 "," 2025-03-08 "
203,<a href='https://x.com/anpan02' target='_blank'>Anpan</a>,Anpan,Solo Stakers,108.5,108.5,3.390625,0.000002491485659150359,0,0,0,15.886325976000007," 2025-12-15 "," 2025-11-01 "
204,vault10.eth,vault10.eth,Solo Stakers,103,103,3.21875,0.000002365189151082829,0,0,0.062,34.305307065," 2026-08-14 "," 2026-08-13 "
205,richguypaul.eth,richguypaul.eth,Solo Stakers,102.12,102.12,3.19125,0.0000023449817097920245,0,0,0,23.910246188000002," 2025-05-11 "," 2026-02-06 "
206,drt0m.eth,drt0m.eth,Solo Stakers,100,100,3.125,0.0000022963001466823586,0,0,0,9.210669219999996," 2025-05-08 ",Never
207,7189.eth,7189.eth,Solo Stakers,99.43,99.43,3.1071875,0.000002283211235846269,0,0,0,17.786960236," 2025-07-26 "," 2023-11-06 "
208,mccormick.eth,mccormick.eth,Solo Stakers,98,98,3.0625,0.0000022503741437487115,0,0,0,13.342566392," 2025-08-23 ",Never
209,<a href='https://x.com/kinematec' target='_blank'>Colin Robinson</a>,Colin Robinson,Solo Stakers,97,97,3.03125,0.000002227411142281888,0,0,0,18.066378697," 2025-05-24 ",Never
210,benjamincameronbaldwin.eth,benjamincameronbaldwin.eth,Solo Stakers,96.008426692,96.008426692,3.000263334125,0.000002204641642955821,0,0,-0.4,20.734270106999997," 2023-05-18 "," 2026-06-06 "
221,inolen.eth,inolen.eth,Solo Stakers,96,96,3,0.0000022044481408150644,0,0,0,8.543366777000001," 2022-12-24 ",Never
222,gigafart.eth,gigafart.eth,Solo Stakers,96,96,3,0.0000022044481408150644,0,0,0,4.728270407000001," 2025-01-26 ",Never
223,stake.tomx.eth,stake.tomx.eth,Solo Stakers,96,96,3,0.0000022044481408150644,0,0,-0.667,72.298611593," 2023-05-05 "," 2026-05-09 "
224,zlatohlavek.eth,zlatohlavek.eth,Solo Stakers,96,96,3,0.0000022044481408150644,0,0,0,9.050414775000004," 2023-01-13 "," 2024-04-02 "
225,xelor.eth,xelor.eth,Solo Stakers,96,96,3,0.0000022044481408150644,0,0,0,13.971728584999997," 2022-01-24 ",Never
226,evilpotatoguy.eth,evilpotatoguy.eth,Solo Stakers,96,96,3,0.0000022044481408150644,0,0,0,18.562434079000003," 2021-04-02 ",Never
227,cerzi.eth,cerzi.eth,Solo Stakers,96,96,3,0.0000022044481408150644,0,0,0,24.943012037000006," 2021-09-06 ",Never
228,bdavey.eth,bdavey.eth,Solo Stakers,96,96,3,0.0000022044481408150644,0,0,0,0," 2020-11-29 ",Never
229,anothervizsla.eth,anothervizsla.eth,Solo Stakers,96,96,3,0.0000022044481408150644,0,0,0,18.366192308999995," 2021-04-10 ",Never
230,mrock.eth,mrock.eth,Solo Stakers,96,96,3,0.0000022044481408150644,0,0,0,16.041815337000006," 2021-07-25 ",Never
231,anomanderrake.eth,anomanderrake.eth,Solo Stakers,96,96,3,0.0000022044481408150644,0,0,0,12.797763040000003," 2023-05-14 ",Never
232,pogiboy.eth,pogiboy.eth,Solo Stakers,96,96,3,0.0000022044481408150644,0,0,0,15.178485144000003," 2023-04-22 ",Never
233,tanner.eth,tanner.eth,Solo Stakers,96,96,3,0.0000022044481408150644,0,0,0,36.77244731100001," 2020-11-05 ",Never
234,ee.ecc.eth,ee.ecc.eth,Solo Stakers,96,96,3,0.0000022044481408150644,0,0,0,7.605744906000001," 2023-10-23 ",Never
235,sonofvitalik.eth,sonofvitalik.eth,Solo Stakers,96,96,3,0.0000022044481408150644,0,0,0,13.838977419999997," 2022-02-25 ",Never
236,wasif.eth,wasif.eth,Solo Stakers,96,96,3,0.0000022044481408150644,0,0,0,12.670503080000005," 2022-10-11 ",Never
237,daegwonchae.eth,daegwonchae.eth,Solo Stakers,96,96,3,0.0000022044481408150644,0,0,0,0," 2020-11-24 ",Never
238,beareatfish.eth,beareatfish.eth,Solo Stakers,96,96,3,0.0000022044481408150644,0,0,0,0," 2022-02-21 ",Never
239,bmuscat.eth,bmuscat.eth,Solo Stakers,96,96,3,0.0000022044481408150644,0,0,0,27.32552550600001," 2020-11-04 "," 2024-01-15 "
240,inferno114.eth,inferno114.eth,Solo Stakers,96,96,3,0.0000022044481408150644,0,0,0,23.605139270000002," 2020-11-08 ",Never
241,smartin.eth,smartin.eth,Solo Stakers,96,96,3,0.0000022044481408150644,0,0,0,22.416466396," 2020-12-15 ",Never
242,pekoz.eth,pekoz.eth,Solo Stakers,96,96,3,0.0000022044481408150644,0,0,0,7.636582566," 2023-08-25 ",Never
243,milli0.eth,milli0.eth,Solo Stakers,96,96,3,0.0000022044481408150644,0,0,0,20.378147299000002," 2021-03-14 ",Never
244,0xethstaker.eth,0xethstaker.eth,Solo Stakers,96,96,3,0.0000022044481408150644,0,0,0,19.064507228," 2020-11-22 ",Never
245,johannesheizmann.eth,johannesheizmann.eth,Solo Stakers,96,96,3,0.0000022044481408150644,0,0,0,10.381424178000003," 2024-04-11 ",Never
246,aepryus.eth,aepryus.eth,Solo Stakers,96,96,3,0.0000022044481408150644,0,0,0,17.178499887," 2021-06-19 ",Never
247,0dot1.eth,0dot1.eth,Solo Stakers,96,96,3,0.0000022044481408150644,0,0,0,13.153386255000004," 2023-05-04 "," 2026-01-29 "
248,hibert.eth,hibert.eth,Solo Stakers,96,96,3,0.0000022044481408150644,0,0,0,22.294929038000003," 2020-11-25 ",Never
249,cigarface.eth,cigarface.eth,Solo Stakers,96,96,3,0.0000022044481408150644,0,0,0,22.729884856999995," 2020-12-12 ",Never
250,adybaev.eth,adybaev.eth,Solo Stakers,96,96,3,0.0000022044481408150644,0,0,0,15.913078500000003," 2021-12-05 ",Never
251,olympus.eth,olympus.eth,Solo Stakers,96,96,3,0.0000022044481408150644,0,0,0,0," 2020-11-21 ",Never
252,avuja.eth,avuja.eth,Solo Stakers,96,96,3,0.0000022044481408150644,0,0,0,31.772678161," 2021-05-03 "," 2025-09-18 "
253,carpediem.eth,carpediem.eth,Solo Stakers,96,96,3,0.0000022044481408150644,0,0,0,4.690517348," 2026-03-07 ",Never
211,trist.eth,trist.eth,Solo Stakers,96,96,3,0.0000022044481408150644,0,0,0,40.006833887999996," 2023-06-20 "," 2025-08-31 "
212,kimochi.eth,kimochi.eth,Solo Stakers,96,96,3,0.0000022044481408150644,0,0,0,0.507315978," 2023-05-07 ",Never
213,chillfam.eth,chillfam.eth,Solo Stakers,96,96,3,0.0000022044481408150644,0,0,0,18.042858355," 2021-05-19 ",Never
214,errantventure.eth,errantventure.eth,Solo Stakers,96,96,3,0.0000022044481408150644,0,0,0,21.466134322," 2020-11-24 ",Never
215,verdaccio.eth,verdaccio.eth,Solo Stakers,96,96,3,0.0000022044481408150644,0,0,0,10.259508778999999," 2023-01-22 ",Never
216,danhsiu.eth,danhsiu.eth,Solo Stakers,96,96,3,0.0000022044481408150644,0,0,-0.25,12.157825852999997," 2024-01-14 "," 2026-07-22 "
217,metamask.chrisgladd.eth,metamask.chrisgladd.eth,Solo Stakers,96,96,3,0.0000022044481408150644,0,0,0,19.787440496000002," 2021-03-08 ",Never
218,nectarsac.eth,nectarsac.eth,Solo Stakers,96,96,3,0.0000022044481408150644,0,0,0,11.627702752999998," 2024-02-27 ",Never
219,ckelly.eth,ckelly.eth,Solo Stakers,96,96,3,0.0000022044481408150644,0,0,0,4.897434412999999," 2023-09-15 ",Never
220,leftclickyield.eth,leftclickyield.eth,Solo Stakers,96,96,3,0.0000022044481408150644,0,0,0,18.409309328000003," 2021-06-03 ",Never
254,darthmike.eth,darthmike.eth,Solo Stakers,90.3,90.3,2.821875,0.0000020735590324541697,0,0,0.411,7.385329887999999," 2026-06-08 ",Never
255,pk910.eth,pk910.eth,Solo Stakers,84,84,2.625,0.000001928892123213181,0,0,0,33.504619446999996," 2024-12-01 "," 2025-06-11 "
256,chosunone.eth,chosunone.eth,Solo Stakers,73,73,2.28125,0.0000016762991070781218,0,0,0,10.856771039," 2025-05-08 "," 2023-11-03 "
257,jaskier.eth,jaskier.eth,Solo Stakers,71.75,71.75,2.2421875,0.0000016475953552445923,0,0,0,9.224666614," 2025-05-11 ",Never
258,menelaos.eth,menelaos.eth,Solo Stakers,67,67,2.09375,0.0000015385210982771804,0,0,0,5.049267792000001," 2025-05-20 ",Never
259,petclippy.umbra.eth,petclippy.umbra.eth,Solo Stakers,65.5,65.5,2.046875,0.0000015040765960769448,0,0,0,19.44939211600001," 2026-01-20 "," 2026-01-05 "
260,blockedge.eth,blockedge.eth,Solo Stakers,64.005609909,64.005609909,2.00017530965625,0.0000014697609142253052,0,0,-0.333,15.182963250000004," 2021-08-18 "," 2026-06-06 "
328,penguingrenade.eth,penguingrenade.eth,Solo Stakers,64,64,2,0.0000014696320938767095,0,0,0,11.092540853000001," 2021-09-23 ",Never
329,agus.eth,agus.eth,Solo Stakers,64,64,2,0.0000014696320938767095,0,0,0,0," 2022-11-16 ",Never
330,pringlescan.eth,pringlescan.eth,Solo Stakers,64,64,2,0.0000014696320938767095,0,0,0,15.045464846999996," 2020-11-10 ",Never
311,betou.eth,betou.eth,Solo Stakers,64,64,2,0.0000014696320938767095,0,0,0,11.350665159000002," 2021-08-11 ",Never
312,10ofdisks.eth,10ofdisks.eth,Solo Stakers,64,64,2,0.0000014696320938767095,0,0,0,15.461360765999999," 2020-11-23 ",Never
313,eyeqian.eth,eyeqian.eth,Solo Stakers,64,64,2,0.0000014696320938767095,0,0,0,5.255527411999998," 2022-11-26 ",Never
314,froggeer.eth,froggeer.eth,Solo Stakers,64,64,2,0.0000014696320938767095,0,0,0,9.823897294000002," 2023-05-06 ",Never
315,bhanson.eth,bhanson.eth,Solo Stakers,64,64,2,0.0000014696320938767095,0,0,0,12.025370352," 2022-08-13 "," 2024-01-25 "
316,moataz.eth,moataz.eth,Solo Stakers,64,64,2,0.0000014696320938767095,0,0,0,13.552990821999996," 2021-01-21 ",Never
317,infinityportal.eth,infinityportal.eth,Solo Stakers,64,64,2,0.0000014696320938767095,0,0,0,8.36196301," 2023-04-19 ",Never
318,<a href='https://x.com/Eigenpiexyz_io' target='_blank'>Eigenpie</a>,Eigenpie,Liquid Restaking,64,64,2,0.0000014696320938767095,0,0,0,40.309503889000034," 2025-12-04 "," 2026-01-11 "
319,ashpool.eth,ashpool.eth,Solo Stakers,64,64,2,0.0000014696320938767095,0,0,0,12.074643915," 2021-05-10 ",Never
320,meta.tortfeasor.eth,meta.tortfeasor.eth,Solo Stakers,64,64,2,0.0000014696320938767095,0,0,0,10.2639733," 2022-08-24 ",Never
321,<a href='https://x.com/rcpw_' target='_blank'>rcpw.eth</a>,rcpw.eth,Solo Stakers,64,64,2,0.0000014696320938767095,0,0,0,11.482601932999998," 2022-08-24 ",Never
322,highflyer.eth,highflyer.eth,Solo Stakers,64,64,2,0.0000014696320938767095,0,0,0,9.656098974999999," 2021-06-22 ",Never
323,razorj.eth,razorj.eth,Solo Stakers,64,64,2,0.0000014696320938767095,0,0,0,15.059646821," 2020-11-24 ",Never
324,brazzos.eth,brazzos.eth,Solo Stakers,64,64,2,0.0000014696320938767095,0,0,0,9.123929592," 2024-11-19 ",Never
325,vault.gall.eth,vault.gall.eth,Solo Stakers,64,64,2,0.0000014696320938767095,0,0,0,4.528450978999999," 2024-06-06 ",Never
326,richardcantillon.eth,richardcantillon.eth,Solo Stakers,64,64,2,0.0000014696320938767095,0,0,0,4.8173351140000005," 2023-06-17 ",Never
327,joelhampton.eth,joelhampton.eth,Solo Stakers,64,64,2,0.0000014696320938767095,0,0,0,5.794716988999999," 2022-08-23 ",Never
261,tfelix.eth,tfelix.eth,Solo Stakers,64,64,2,0.0000014696320938767095,0,0,0,15.468763676999997," 2020-12-27 ",Never
262,aspheris.eth,aspheris.eth,Solo Stakers,64,64,2,0.0000014696320938767095,0,0,0,5.260754367," 2023-07-30 ",Never
263,pluch.eth,pluch.eth,Solo Stakers,64,64,2,0.0000014696320938767095,0,0,0,5.206707308000002," 2023-09-23 ",Never
264,stirnetwork.eth,stirnetwork.eth,Solo Stakers,64,64,2,0.0000014696320938767095,0,0,0,11.247002899999998," 2020-11-23 ",Never
265,gyza.eth,gyza.eth,Solo Stakers,64,64,2,0.0000014696320938767095,0,0,0,13.543454181000003," 2021-01-14 ",Never
266,stevereed.eth,stevereed.eth,Solo Stakers,64,64,2,0.0000014696320938767095,0,0,0,8.507760881000001," 2023-04-15 ",Never
267,ludvig.eth,ludvig.eth,Solo Stakers,64,64,2,0.0000014696320938767095,0,0,0,0," 2021-09-05 ",Never
268,ethview.eth,ethview.eth,Solo Stakers,64,64,2,0.0000014696320938767095,0,0,0,14.517084493," 2020-12-05 ",Never
269,brampriem.eth,brampriem.eth,Solo Stakers,64,64,2,0.0000014696320938767095,0,0,0,38.07061020300001," 2022-05-22 "," 2025-09-19 "
270,hathaway.eth,hathaway.eth,Solo Stakers,64,64,2,0.0000014696320938767095,0,0,0,0," 2022-01-02 ",Never
271,ferengi.eth,ferengi.eth,Solo Stakers,64,64,2,0.0000014696320938767095,0,0,0,8.310610401000003," 2022-04-11 ",Never
272,weekev.eth,weekev.eth,Solo Stakers,64,64,2,0.0000014696320938767095,0,0,0,8.487501484000001," 2023-01-17 ",Never
273,lucidity.eth,lucidity.eth,Solo Stakers,64,64,2,0.0000014696320938767095,0,0,0,7.3585288769999995," 2022-09-11 ",Never
274,kevinrichardson.eth,kevinrichardson.eth,Solo Stakers,64,64,2,0.0000014696320938767095,0,0,0,5.634998929000002," 2023-05-22 ",Never
275,ethhonduras.eth,ethhonduras.eth,Solo Stakers,64,64,2,0.0000014696320938767095,0,0,0,12.399820920000002," 2021-01-08 ",Never
276,shoegazer.eth,shoegazer.eth,Solo Stakers,64,64,2,0.0000014696320938767095,0,0,0,10.894074740999999," 2023-03-30 ",Never
277,leean.eth,leean.eth,Solo Stakers,64,64,2,0.0000014696320938767095,0,0,0,8.982039041999998," 2022-04-13 ",Never
278,monomesa.eth,monomesa.eth,Solo Stakers,64,64,2,0.0000014696320938767095,0,0,0,15.321109603999998," 2020-11-04 ",Never
279,mysticryuujin.eth,mysticryuujin.eth,Solo Stakers,64,64,2,0.0000014696320938767095,0,0,0,8.743366620000003," 2023-01-11 ",Never
280,tomgargiulo.eth,tomgargiulo.eth,Solo Stakers,64,64,2,0.0000014696320938767095,0,0,0,8.784092822999998," 2023-06-12 ",Never
281,samcarman.eth,samcarman.eth,Solo Stakers,64,64,2,0.0000014696320938767095,0,0,0,12.760743762000004," 2022-02-15 "," 2023-06-21 "
282,s0xphie.eth,s0xphie.eth,Solo Stakers,64,64,2,0.0000014696320938767095,0,0,0,10.344574829," 2022-04-05 ",Never
283,damstake.eth,damstake.eth,Solo Stakers,64,64,2,0.0000014696320938767095,0,0,0,105.73801099099997," 2021-03-08 "," 2025-01-27 "
284,sharkya.eth,sharkya.eth,Solo Stakers,64,64,2,0.0000014696320938767095,0,0,0,10.288421243," 2023-04-30 ",Never
285,<a href='https://x.com/calumtomeny' target='_blank'>calum.eth</a>,calum.eth,Solo Stakers,64,64,2,0.0000014696320938767095,0,0,0,15.126179740999998," 2020-11-21 ",Never
286,chrishol.eth,chrishol.eth,Solo Stakers,64,64,2,0.0000014696320938767095,0,0,0,8.434928424999997," 2023-02-19 "," 2025-08-22 "
287,servicem8.eth,servicem8.eth,Solo Stakers,64,64,2,0.0000014696320938767095,0,0,0,12.224362619," 2021-04-18 ",Never
288,jamescbury.eth,jamescbury.eth,Solo Stakers,64,64,2,0.0000014696320938767095,0,0,0,14.835564895000006," 2021-01-31 ",Never
289,temaki.eth,temaki.eth,Solo Stakers,64,64,2,0.0000014696320938767095,0,0,0,11.872045411999999," 2021-05-15 ",Never
290,murat.eth,murat.eth,Solo Stakers,64,64,2,0.0000014696320938767095,0,0,0,9.447938163000002," 2021-11-17 ",Never
291,mtitus.eth,mtitus.eth,Solo Stakers,64,64,2,0.0000014696320938767095,0,0,0,18.269101224," 2021-04-11 "," 2025-12-25 "
292,passabilities.eth,passabilities.eth,Solo Stakers,64,64,2,0.0000014696320938767095,0,0,0,13.285970326," 2020-12-01 ",Never
293,vedants.eth,vedants.eth,Solo Stakers,64,64,2,0.0000014696320938767095,0,0,0,12.040385247000003," 2021-05-19 ",Never
294,blask.eth,blask.eth,Solo Stakers,64,64,2,0.0000014696320938767095,0,0,0,15.001895741000002," 2020-11-11 ",Never
295,pharos.eth,pharos.eth,Solo Stakers,64,64,2,0.0000014696320938767095,0,0,0,0," 2020-11-22 ",Never
296,crimzon.eth,crimzon.eth,Solo Stakers,64,64,2,0.0000014696320938767095,0,0,0,8.711886567," 2021-12-15 ",Never
297,goodforus.eth,goodforus.eth,Solo Stakers,64,64,2,0.0000014696320938767095,0,0,0,9.649590193," 2022-08-30 ",Never
298,terrytai.eth,terrytai.eth,Solo Stakers,64,64,2,0.0000014696320938767095,0,0,0,0," 2021-01-14 ",Never
299,davidcho.eth,davidcho.eth,Solo Stakers,64,64,2,0.0000014696320938767095,0,0,0,15.497795993999997," 2020-11-25 ",Never
300,rainoldi.eth,rainoldi.eth,Solo Stakers,64,64,2,0.0000014696320938767095,0,0,0,11.589309164000003," 2022-05-22 ",Never
301,frankp.eth,frankp.eth,Solo Stakers,64,64,2,0.0000014696320938767095,0,0,0,13.439343733," 2020-12-20 ",Never
302,byronyoung.eth,byronyoung.eth,Solo Stakers,64,64,2,0.0000014696320938767095,0,0,0,11.161951332," 2021-04-24 ",Never
303,sglee.eth,sglee.eth,Solo Stakers,64,64,2,0.0000014696320938767095,0,0,0,15.246769151," 2020-11-21 ",Never
304,tobyoft.eth,tobyoft.eth,Solo Stakers,64,64,2,0.0000014696320938767095,0,0,0,8.918573585000004," 2022-01-31 ",Never
305,ice.spectrehaunt.eth,ice.spectrehaunt.eth,Solo Stakers,64,64,2,0.0000014696320938767095,0,0,0,3.4040254629999995," 2023-05-13 ",Never
306,hylick.eth,hylick.eth,Solo Stakers,64,64,2,0.0000014696320938767095,0,0,0,14.222856819," 2021-01-15 ",Never
307,amandra.eth,amandra.eth,Solo Stakers,64,64,2,0.0000014696320938767095,0,0,0,3.5466606849999995," 2023-05-13 ",Never
308,crypex.eth,crypex.eth,Solo Stakers,64,64,2,0.0000014696320938767095,0,0,0,7.16478507," 2022-06-19 ",Never
309,palu.eth,palu.eth,Solo Stakers,64,64,2,0.0000014696320938767095,0,0,0,13.638970302999997," 2020-12-11 ",Never
310,0xterranullius.eth,0xterranullius.eth,Solo Stakers,64,64,2,0.0000014696320938767095,0,0,0,10.738862275," 2021-11-29 ",Never
331,althani.eth,althani.eth,Solo Stakers,60.7,60.7,1.896875,0.0000013938541890361917,0,0,0,6.1681535300000006," 2025-11-06 ",Never
332,kansakar.eth,kansakar.eth,Solo Stakers,59.9498,59.9498,1.87343125,0.0000013766273453357807,0,0,0,6.970209231999998," 2026-01-11 ",Never
333,stakecryptofolio.eth,stakecryptofolio.eth,Solo Stakers,59.652813927000004,59.652813927000004,1.8641504352187501,0.0000013698076537058555,0,0,0.332,5.042154177," 2026-06-25 ",Never
334,redlizard.eth,redlizard.eth,Solo Stakers,52.705,52.705,1.64703125,0.000001210264992308937,0,-0.378,-0.378,78.07245756100001," 2025-11-11 "," 2026-09-05 "
335,city17.eth,city17.eth,Solo Stakers,52,52,1.625,0.0000011940760762748264,0,0,0,11.224869759999997," 2025-05-18 ",Never
336,base64.eth,base64.eth,Solo Stakers,48.114188999999996,48.114188999999996,1.5035684062499999,0.000001104846192582027,0,0,0,6.487104077000001," 2025-09-24 ",Never
,↘️ <a href='https://x.com/Bitpanda_global' target='_blank'>Bitpanda</a> (w/ Unknown),Bitpanda,CEXs,0,45,1.40625,0.0000010333350660070605,-0.997,-0.997,-0.997,54.916621068000005," 2025-11-06 "," 2025-10-28 "
337,ollyp.eth,ollyp.eth,Solo Stakers,43.6,43.6,1.3625,0.0000010011868639535083,0,0,0,1.6220017130000002," 2025-10-17 "," 2025-07-07 "
338,panthermoderns.eth,panthermoderns.eth,Solo Stakers,41.8,41.8,1.30625,9.598534613132258e-7,0,0,0,6.5055009969999995," 2025-07-10 ",Never
339,fgstaking.eth,fgstaking.eth,Solo Stakers,41,41,1.28125,9.414830601397671e-7,0,0,0,19.313773136000002," 2025-11-12 "," 2023-12-23 "
340,graybeard.eth,graybeard.eth,Solo Stakers,39,39,1.21875,8.955570572061199e-7,0,0,0,6.404257016999999," 2025-05-13 ",Never
341,bigwall.eth,bigwall.eth,Solo Stakers,38,38,1.1875,8.725940557392962e-7,0,0,0,6.152673012," 2025-07-30 ",Never
342,🌱stake.eth,🌱stake.eth,Solo Stakers,36.70727146,36.70727146,1.147102233125,8.429091283790716e-7,0,0,0,1.9079777260000002," 2025-10-09 ",Never
343,firefinch.eth,firefinch.eth,Solo Stakers,34.5,34.5,1.078125,7.922235506054137e-7,0,0,0,8.016250847000002," 2025-09-17 "," 2026-02-08 "
344,if-you-own-this-you-are-rich-on.eth,if-you-own-this-you-are-rich-on.eth,Solo Stakers,33.017744488999995,33.017744488999995,1.0318045152812498,7.581865151321132e-7,0,0,0,3.0418384009999997," 2023-04-14 "," 2023-04-14 "
345,istake.eth,istake.eth,Solo Stakers,33.01,33.01,1.0315625,7.580086784198465e-7,0,0,0,6.270673823," 2025-09-02 ",Never
346,hashsoup.eth,hashsoup.eth,Solo Stakers,32.0341519,32.0341519,1.001067246875,7.356002770681495e-7,0,0,0,3.3652503659999997," 2024-12-06 "," 2024-10-26 "
347,joshuas.eth,joshuas.eth,Solo Stakers,32.020138939999995,32.020138939999995,1.0006293418749999,7.352784974471149e-7,0,0,0,17.622072260999992," 2020-12-06 "," 2025-06-06 "
512,ninguem.eth,ninguem.eth,Solo Stakers,32,32,1,7.348160469383548e-7,0,0,0,6.700202489999999," 2020-11-24 ",Never
440,eclips.eth,eclips.eth,Solo Stakers,32,32,1,7.348160469383548e-7,0,0,0,14.705500040999997," 2022-07-17 "," 2023-07-25 "
513,keltron.eth,keltron.eth,Solo Stakers,32,32,1,7.348160469383548e-7,0,0,0,0," 2020-11-24 ",Never
441,spedden.eth,spedden.eth,Solo Stakers,32,32,1,7.348160469383548e-7,0,0,0,6.73704628," 2020-11-23 ",Never
514,nishantdas.eth,nishantdas.eth,Solo Stakers,32,32,1,7.348160469383548e-7,0,0,0,3.422151414," 2022-11-11 ",Never
442,mattsullivan.eth,mattsullivan.eth,Solo Stakers,32,32,1,7.348160469383548e-7,0,0,0,0," 2021-07-22 ",Never
515,juliettwhiskey.eth,juliettwhiskey.eth,Solo Stakers,32,32,1,7.348160469383548e-7,0,0,0,3.2969036149999993," 2023-02-10 ",Never
443,efault.eth,efault.eth,Solo Stakers,32,32,1,7.348160469383548e-7,0,0,0,44.59041688600001," 2020-11-23 "," 2024-03-05 "
516,edzorg.eth,edzorg.eth,Solo Stakers,32,32,1,7.348160469383548e-7,0,0,0,0," 2020-11-22 ",Never
444,tcobb.eth,tcobb.eth,Solo Stakers,32,32,1,7.348160469383548e-7,0,0,0,5.7502981239999995," 2020-11-24 ",Never
517,jorrian.eth,jorrian.eth,Solo Stakers,32,32,1,7.348160469383548e-7,0,0,0,7.976900063999998," 2020-11-04 ",Never
445,bradcobb.eth,bradcobb.eth,Solo Stakers,32,32,1,7.348160469383548e-7,0,0,0,5.670160013," 2021-06-09 ",Never
518,logando.eth,logando.eth,Solo Stakers,32,32,1,7.348160469383548e-7,0,0,0,6.362669415," 2021-03-08 ",Never
446,garychiang.eth,garychiang.eth,Solo Stakers,32,32,1,7.348160469383548e-7,0,0,0,15.506174224000002," 2020-12-31 "," 2025-04-11 "
519,wavebeing.eth,wavebeing.eth,Solo Stakers,32,32,1,7.348160469383548e-7,0,0,0,2.9505555290000003," 2024-02-28 "," 2024-02-28 "
447,lincolnerickson.eth,lincolnerickson.eth,Solo Stakers,32,32,1,7.348160469383548e-7,0,0,0,7.57594685," 2020-11-19 ",Never
520,revere.eth,revere.eth,Solo Stakers,32,32,1,7.348160469383548e-7,0,0,0,0," 2020-11-05 ",Never
448,andmeandyou.eth,andmeandyou.eth,Solo Stakers,32,32,1,7.348160469383548e-7,0,0,0,0," 2021-05-30 ",Never
521,goodroot.eth,goodroot.eth,Solo Stakers,32,32,1,7.348160469383548e-7,0,0,0,6.312501698," 2021-01-17 ",Never
449,<a href='https://x.com/SenseiNode' target='_blank'>SenseiNode</a>,SenseiNode,Staking Pools,32,32,1,7.348160469383548e-7,0,0,0,8.493789989000007," 2023-03-01 "," 2024-12-22 "
522,horizonventures.eth,horizonventures.eth,Solo Stakers,32,32,1,7.348160469383548e-7,0,0,0,7.5756074369999995," 2020-11-24 ",Never
450,lochuan.eth,lochuan.eth,Solo Stakers,32,32,1,7.348160469383548e-7,0,0,0,6.109735618999999," 2020-11-06 ",Never
523,pmayerh.eth,pmayerh.eth,Solo Stakers,32,32,1,7.348160469383548e-7,0,0,0,3.9159965690000007," 2022-04-13 ",Never
451,marklevey.eth,marklevey.eth,Solo Stakers,32,32,1,7.348160469383548e-7,0,0,0,4.621381888," 2021-10-06 ",Never
524,suremark.eth,suremark.eth,Solo Stakers,32,32,1,7.348160469383548e-7,0,0,0,11.242492961000002," 2024-11-02 "," 2026-01-07 "
452,0x0312.eth,0x0312.eth,Solo Stakers,32,32,1,7.348160469383548e-7,0,0,0,0," 2020-11-22 ",Never
525,rubisco.eth,rubisco.eth,Solo Stakers,32,32,1,7.348160469383548e-7,0,0,0,7.733004425," 2020-11-23 ",Never
453,aleksandar.eth,aleksandar.eth,Solo Stakers,32,32,1,7.348160469383548e-7,0,0,0,0," 2020-12-10 ",Never
526,kryptokicks.eth,kryptokicks.eth,Solo Stakers,32,32,1,7.348160469383548e-7,0,0,0,0," 2020-12-02 ",Never
454,racemax.eth,racemax.eth,Solo Stakers,32,32,1,7.348160469383548e-7,0,0,0,11.681646034000002," 2021-03-05 "," 2024-03-05 "
527,civalot.eth,civalot.eth,Solo Stakers,32,32,1,7.348160469383548e-7,0,0,0,10.903220128000003," 2021-03-02 "," 2023-05-07 "
455,astrostakers.eth,astrostakers.eth,Solo Stakers,32,32,1,7.348160469383548e-7,0,0,0,5.7680994740000004," 2021-09-01 ",Never
528,brik.eth,brik.eth,Solo Stakers,32,32,1,7.348160469383548e-7,0,0,0,6.035377657," 2021-07-10 ",Never
456,geleeroyale.eth,geleeroyale.eth,Solo Stakers,32,32,1,7.348160469383548e-7,0,0,0,2.5289233349999996," 2023-07-03 ",Never
529,ntpo.eth,ntpo.eth,Solo Stakers,32,32,1,7.348160469383548e-7,0,0,0,0," 2020-12-15 ",Never
457,luzian.eth,luzian.eth,Solo Stakers,32,32,1,7.348160469383548e-7,0,0,0,4.339299524," 2022-07-19 ",Never
530,0x201c.eth,0x201c.eth,Solo Stakers,32,32,1,7.348160469383548e-7,0,0,0,6.87769818," 2020-12-01 ",Never
458,kelvinyasu.eth,kelvinyasu.eth,Solo Stakers,32,32,1,7.348160469383548e-7,0,0,0,7.561732432000003," 2020-12-09 ",Never
531,hazelstar.eth,hazelstar.eth,Solo Stakers,32,32,1,7.348160469383548e-7,0,0,0,3.446678599," 2022-08-30 ",Never
459,ice-box.eth,ice-box.eth,Solo Stakers,32,32,1,7.348160469383548e-7,0,0,0,3.272960563," 2023-03-07 ",Never
532,mesoverse.eth,mesoverse.eth,Solo Stakers,32,32,1,7.348160469383548e-7,0,0,0,6.885780940000001," 2021-02-21 ",Never
460,hubereustice.eth,hubereustice.eth,Solo Stakers,32,32,1,7.348160469383548e-7,0,0,0,3.9335531200000005," 2021-11-07 ",Never
533,amann.eth,amann.eth,Solo Stakers,32,32,1,7.348160469383548e-7,0,0,0,0," 2021-01-10 ",Never
461,luiscalcada.eth,luiscalcada.eth,Solo Stakers,32,32,1,7.348160469383548e-7,0,0,0,6.887857647000001," 2020-12-04 ",Never
534,mcmike313.eth,mcmike313.eth,Solo Stakers,32,32,1,7.348160469383548e-7,0,0,0,7.738367985000002," 2020-11-04 ",Never
462,stakewalker.eth,stakewalker.eth,Solo Stakers,32,32,1,7.348160469383548e-7,0,0,0,6.463564538000003," 2021-03-24 ",Never
535,djxstream.eth,djxstream.eth,Solo Stakers,32,32,1,7.348160469383548e-7,0,0,0,8.602864094000001," 2022-10-10 "," 2023-12-10 "
463,hiken.eth,hiken.eth,Solo Stakers,32,32,1,7.348160469383548e-7,0,0,0,0," 2021-05-26 ",Never
536,oddball.eth,oddball.eth,Solo Stakers,32,32,1,7.348160469383548e-7,0,0,0,5.702482935000002," 2021-02-17 ",Never
464,basicallyamushroom.eth,basicallyamushroom.eth,Solo Stakers,32,32,1,7.348160469383548e-7,0,0,0,6.9062363410000005," 2020-11-24 ",Never
537,paul.tonelli.eth,paul.tonelli.eth,Solo Stakers,32,32,1,7.348160469383548e-7,0,0,0,7.3345932650000005," 2020-11-24 ",Never
465,edenia.eth,edenia.eth,Solo Stakers,32,32,1,7.348160469383548e-7,0,0,0,2.0353113049999996," 2023-07-12 ",Never
538,valdivieso.eth,valdivieso.eth,Solo Stakers,32,32,1,7.348160469383548e-7,0,0,0,6.808912503000002," 2021-02-21 ",Never
466,springn.eth,springn.eth,Solo Stakers,32,32,1,7.348160469383548e-7,0,0,0,4.172598692000001," 2021-09-08 ",Never
539,dabiri.eth,dabiri.eth,Solo Stakers,32,32,1,7.348160469383548e-7,0,0,0,0," 2021-05-08 ",Never
467,epiphyte.eth,epiphyte.eth,Solo Stakers,32,32,1,7.348160469383548e-7,0,0,0,5.285801336," 2021-07-14 ",Never
540,salomi.eth,salomi.eth,Solo Stakers,32,32,1,7.348160469383548e-7,0,0,0,7.258513559," 2020-11-29 ",Never
468,veekta.eth,veekta.eth,Solo Stakers,32,32,1,7.348160469383548e-7,0,0,0,5.176169955," 2021-04-28 ",Never
541,matnad.eth,matnad.eth,Solo Stakers,32,32,1,7.348160469383548e-7,0,0,0,0," 2020-11-04 ",Never
469,hodldwon.eth,hodldwon.eth,Solo Stakers,32,32,1,7.348160469383548e-7,0,0,0,0," 2020-11-24 ",Never
542,heystein.eth,heystein.eth,Solo Stakers,32,32,1,7.348160469383548e-7,0,0,0,0," 2020-12-02 ",Never
470,peder.eth,peder.eth,Solo Stakers,32,32,1,7.348160469383548e-7,0,0,0,7.578787029000001," 2020-11-23 ",Never
543,dfern.eth,dfern.eth,Solo Stakers,32,32,1,7.348160469383548e-7,0,0,0,4.300315314999999," 2022-04-11 ",Never
471,isaiahkim.eth,isaiahkim.eth,Solo Stakers,32,32,1,7.348160469383548e-7,0,0,0,5.558568181," 2020-11-26 ",Never
544,jamescarnley.eth,jamescarnley.eth,Solo Stakers,32,32,1,7.348160469383548e-7,0,0,0,6.741083365," 2020-11-04 ",Never
472,shaame.eth,shaame.eth,Solo Stakers,32,32,1,7.348160469383548e-7,0,0,0,0," 2020-12-20 ",Never
545,noun40.eth,noun40.eth,Solo Stakers,32,32,1,7.348160469383548e-7,0,0,0,0.5877590880000001," 2023-02-20 ",Never
473,dxraise.eth,dxraise.eth,Solo Stakers,32,32,1,7.348160469383548e-7,0,0,0,0," 2020-11-24 ",Never
546,miltee.eth,miltee.eth,Solo Stakers,32,32,1,7.348160469383548e-7,0,0,0,4.847180749999998," 2022-05-30 ",Never
474,bubbies.eth,bubbies.eth,Solo Stakers,32,32,1,7.348160469383548e-7,0,0,0,3.619329111," 2022-09-24 ",Never
547,eoinjefferies.eth,eoinjefferies.eth,Solo Stakers,32,32,1,7.348160469383548e-7,0,0,0,0," 2021-03-17 ",Never
475,mansour.eth,mansour.eth,Solo Stakers,32,32,1,7.348160469383548e-7,0,0,0,3.39103821," 2022-02-19 ",Never
548,notimaginary.eth,notimaginary.eth,Solo Stakers,32,32,1,7.348160469383548e-7,0,0,0,16.584857206," 2020-11-23 ",Never
476,ssv-test.eth,ssv-test.eth,Solo Stakers,32,32,1,7.348160469383548e-7,0,0,0,0," 2021-10-19 ",Never
549,pachacamac.eth,pachacamac.eth,Solo Stakers,32,32,1,7.348160469383548e-7,0,0,0,3.8674860829999997," 2022-01-28 ",Never
477,custos.eth,custos.eth,Solo Stakers,32,32,1,7.348160469383548e-7,0,0,0,6.865662599999999," 2021-01-29 ",Never
550,gdon.eth,gdon.eth,Solo Stakers,32,32,1,7.348160469383548e-7,0,0,0,6.199943050000001," 2020-12-30 ",Never
478,legendofzelda.eth,legendofzelda.eth,Solo Stakers,32,32,1,7.348160469383548e-7,0,0,0,7.63238019," 2020-11-24 ",Never
551,livingston.eth,livingston.eth,Solo Stakers,32,32,1,7.348160469383548e-7,0,0,-0.5,29.60721805," 2021-02-18 "," 2026-08-20 "
479,noisewar.eth,noisewar.eth,Solo Stakers,32,32,1,7.348160469383548e-7,0,0,0,5.223459425999998," 2021-05-06 "," 2025-07-23 "
552,allevolutionz.eth,allevolutionz.eth,Solo Stakers,32,32,1,7.348160469383548e-7,0,0,0,3.6379240510000006," 2022-12-05 ",Never
480,shuf.eth,shuf.eth,Solo Stakers,32,32,1,7.348160469383548e-7,0,0,0,0," 2021-11-01 ",Never
553,heliosphere.eth,heliosphere.eth,Solo Stakers,32,32,1,7.348160469383548e-7,0,0,0,4.71846556," 2021-04-11 ",Never
481,aeonic.eth,aeonic.eth,Solo Stakers,32,32,1,7.348160469383548e-7,0,0,0,0," 2020-11-23 ",Never
554,silverhub.eth,silverhub.eth,Solo Stakers,32,32,1,7.348160469383548e-7,0,0,0,0," 2021-02-10 ",Never
482,bobotron.eth,bobotron.eth,Solo Stakers,32,32,1,7.348160469383548e-7,0,0,0,5.996834091," 2021-04-19 ",Never
555,investoregg.eth,investoregg.eth,Solo Stakers,32,32,1,7.348160469383548e-7,0,0,0,0," 2021-07-04 ",Never
483,folha.eth,folha.eth,Solo Stakers,32,32,1,7.348160469383548e-7,0,0,0,7.280143227," 2020-12-07 ",Never
556,yihsiu.eth,yihsiu.eth,Solo Stakers,32,32,1,7.348160469383548e-7,0,0,0,0," 2021-01-16 ",Never
484,ploufside.eth,ploufside.eth,Solo Stakers,32,32,1,7.348160469383548e-7,0,0,0,7.133028618000001," 2021-02-24 ",Never
557,duelinggalois.eth,duelinggalois.eth,Solo Stakers,32,32,1,7.348160469383548e-7,0,0,0,6.818271553999998," 2020-11-22 ",Never
485,fiatfarce.eth,fiatfarce.eth,Solo Stakers,32,32,1,7.348160469383548e-7,0,0,0,0," 2021-04-22 ",Never
558,strategicfinance.eth,strategicfinance.eth,Solo Stakers,32,32,1,7.348160469383548e-7,0,0,0,3.7546858450000005," 2022-05-08 ",Never
486,jdetychey.eth,jdetychey.eth,Solo Stakers,32,32,1,7.348160469383548e-7,0,0,0,0," 2020-11-24 ",Never
559,smeee.eth,smeee.eth,Solo Stakers,32,32,1,7.348160469383548e-7,0,0,0,10.310614291," 2023-03-14 "," 2023-10-25 "
487,pelmiche.eth,pelmiche.eth,Solo Stakers,32,32,1,7.348160469383548e-7,0,0,0,2.7777096990000003," 2023-07-17 ",Never
560,cipio.eth,cipio.eth,Solo Stakers,32,32,1,7.348160469383548e-7,0,0,0,7.194797648999999," 2020-11-16 ",Never
488,dinomuuk.eth,dinomuuk.eth,Solo Stakers,32,32,1,7.348160469383548e-7,0,0,0,3.406400476000001," 2022-10-09 ",Never
561,patrickr.eth,patrickr.eth,Solo Stakers,32,32,1,7.348160469383548e-7,0,0,0,4.502261188," 2022-03-14 ",Never
489,nicoleta.eth,nicoleta.eth,Solo Stakers,32,32,1,7.348160469383548e-7,0,0,0,6.635485384," 2020-11-18 ",Never
562,jmm22.eth,jmm22.eth,Solo Stakers,32,32,1,7.348160469383548e-7,0,0,0,3.6541417360000006," 2022-09-24 ",Never
490,gov.ramana.eth,gov.ramana.eth,Solo Stakers,32,32,1,7.348160469383548e-7,0,0,0,6.297907369000001," 2021-06-21 ",Never
563,d0ck3r.eth,d0ck3r.eth,Solo Stakers,32,32,1,7.348160469383548e-7,0,0,0,7.459420358999998," 2020-11-08 ",Never
491,jackshaw.eth,jackshaw.eth,Solo Stakers,32,32,1,7.348160469383548e-7,0,0,0,0," 2020-12-14 ",Never
564,pigou.eth,pigou.eth,Solo Stakers,32,32,1,7.348160469383548e-7,0,0,0,0," 2020-11-23 ",Never
492,aksoy.eth,aksoy.eth,Solo Stakers,32,32,1,7.348160469383548e-7,0,0,0,7.089620681000002," 2020-12-09 ",Never
565,dhananjay.eth,dhananjay.eth,Solo Stakers,32,32,1,7.348160469383548e-7,0,0,0,6.068017778000001," 2020-12-28 ",Never
493,grasponcrypto.eth,grasponcrypto.eth,Solo Stakers,32,32,1,7.348160469383548e-7,0,0,0,6.33752502," 2020-12-04 ",Never
566,streetindex.eth,streetindex.eth,Solo Stakers,32,32,1,7.348160469383548e-7,0,0,0,0," 2021-02-13 ",Never
494,mikewalsh.eth,mikewalsh.eth,Solo Stakers,32,32,1,7.348160469383548e-7,0,0,0,0," 2022-03-15 ",Never
567,nirro.eth,nirro.eth,Solo Stakers,32,32,1,7.348160469383548e-7,0,0,0,8.546496181," 2023-08-17 "," 2025-02-08 "
495,erebels.eth,erebels.eth,Solo Stakers,32,32,1,7.348160469383548e-7,0,0,0,7.6754591880000005," 2020-11-23 ",Never
568,ledger0.eth,ledger0.eth,Solo Stakers,32,32,1,7.348160469383548e-7,0,0,0,3.4945682680000005," 2022-10-09 ",Never
496,chengd.eth,chengd.eth,Solo Stakers,32,32,1,7.348160469383548e-7,0,0,0,2.571517192999999," 2023-06-19 ",Never
569,tamastorok.eth,tamastorok.eth,Solo Stakers,32,32,1,7.348160469383548e-7,0,0,0,5.9021869549999995," 2021-07-27 ",Never
497,pseudote.eth,pseudote.eth,Solo Stakers,32,32,1,7.348160469383548e-7,0,0,0,3.8510041110000013," 2022-09-26 ",Never
570,daveydave.eth,daveydave.eth,Solo Stakers,32,32,1,7.348160469383548e-7,0,0,0,5.1607153089999995," 2021-10-14 ",Never
498,stempfel.eth,stempfel.eth,Solo Stakers,32,32,1,7.348160469383548e-7,0,0,0,3.761783958," 2022-10-13 ",Never
571,ascendalan.eth,ascendalan.eth,Solo Stakers,32,32,1,7.348160469383548e-7,0,0,0,0," 2020-11-24 ",Never
499,baconseason.eth,baconseason.eth,Solo Stakers,32,32,1,7.348160469383548e-7,0,0,0,3.9813942629999994," 2022-09-02 ",Never
572,arz.eth,arz.eth,Solo Stakers,32,32,1,7.348160469383548e-7,0,0,0,5.320255488," 2021-11-11 ",Never
500,lightclient.eth,lightclient.eth,Solo Stakers,32,32,1,7.348160469383548e-7,0,0,0,7.5142959299999985," 2020-11-04 ",Never
573,pryce.eth,pryce.eth,Solo Stakers,32,32,1,7.348160469383548e-7,0,0,0,3.6039464160000003," 2021-10-20 ",Never
501,bpopa.eth,bpopa.eth,Solo Stakers,32,32,1,7.348160469383548e-7,0,0,0,0," 2023-10-09 ",Never
574,goldmancrypto.eth,goldmancrypto.eth,Solo Stakers,32,32,1,7.348160469383548e-7,0,0,0,0," 2020-11-05 ",Never
502,ixtanoa.eth,ixtanoa.eth,Solo Stakers,32,32,1,7.348160469383548e-7,0,0,0,24.872430732000016," 2022-07-22 "," 2025-01-28 "
575,ong.eth,ong.eth,Solo Stakers,32,32,1,7.348160469383548e-7,0,0,0,7.221310002999998," 2020-11-24 ",Never
503,xxyyjshchxjehxj.eth,xxyyjshchxjehxj.eth,Solo Stakers,32,32,1,7.348160469383548e-7,0,0,0,0," 2020-12-07 ",Never
576,xroque.eth,xroque.eth,Solo Stakers,32,32,1,7.348160469383548e-7,0,0,0,0," 2020-11-30 ",Never
504,nanexcool.eth,nanexcool.eth,Solo Stakers,32,32,1,7.348160469383548e-7,0,0,0,0," 2020-11-24 ",Never
577,davidv.eth,davidv.eth,Solo Stakers,32,32,1,7.348160469383548e-7,0,0,0,4.028802348000001," 2021-10-12 ",Never
505,graph-node-1-cp0x-hosted-by-ryabina.eth,graph-node-1-cp0x-hosted-by-ryabina.eth,Solo Stakers,32,32,1,7.348160469383548e-7,0,0,0,8.923770260999998," 2023-08-19 "," 2025-06-09 "
578,jasperplatz.eth,jasperplatz.eth,Solo Stakers,32,32,1,7.348160469383548e-7,0,0,0,2.8019355239999997," 2023-07-14 ",Never
506,sundt.eth,sundt.eth,Solo Stakers,32,32,1,7.348160469383548e-7,0,0,0,3.379573910000001," 2023-02-16 ",Never
579,saturnial.eth,saturnial.eth,Solo Stakers,32,32,1,7.348160469383548e-7,0,0,0,0," 2020-11-24 ",Never
507,ncitron.eth,ncitron.eth,Solo Stakers,32,32,1,7.348160469383548e-7,0,0,0,5.272681134," 2020-12-30 ",Never
580,kindatired.eth,kindatired.eth,Solo Stakers,32,32,1,7.348160469383548e-7,0,0,0,4.2731768," 2022-08-03 ",Never
508,nitram.eth,nitram.eth,Solo Stakers,32,32,1,7.348160469383548e-7,0,0,0,0," 2021-05-16 ",Never
581,0xpierro.eth,0xpierro.eth,Solo Stakers,32,32,1,7.348160469383548e-7,0,0,0,6.455838225999999," 2021-03-18 ",Never
509,pepes.eth,pepes.eth,Solo Stakers,32,32,1,7.348160469383548e-7,0,0,0,6.135630551999999," 2020-11-23 ",Never
582,biota.eth,biota.eth,Solo Stakers,32,32,1,7.348160469383548e-7,0,0,0,7.331120829," 2020-11-24 ",Never
510,metanomics.eth,metanomics.eth,Solo Stakers,32,32,1,7.348160469383548e-7,0,0,0,2.2247365090000004," 2023-07-23 ",Never
583,u96.eth,u96.eth,Solo Stakers,32,32,1,7.348160469383548e-7,0,0,0,0," 2020-11-22 ",Never
511,maracuya.eth,maracuya.eth,Solo Stakers,32,32,1,7.348160469383548e-7,0,0,0,0," 2020-11-24 ",Never
584,kapsteur.eth,kapsteur.eth,Solo Stakers,32,32,1,7.348160469383548e-7,0,0,0,0," 2020-12-01 ",Never
348,mcescher.eth,mcescher.eth,Solo Stakers,32,32,1,7.348160469383548e-7,0,0,0,7.376179529000002," 2020-12-08 ",Never
585,frankxavier.eth,frankxavier.eth,Solo Stakers,32,32,1,7.348160469383548e-7,0,0,0,7.266564541000001," 2020-11-23 ",Never
349,tomio.eth,tomio.eth,Solo Stakers,32,32,1,7.348160469383548e-7,0,0,0,7.237275699," 2020-11-24 ",Never
586,montaguecosgrove.eth,montaguecosgrove.eth,Solo Stakers,32,32,1,7.348160469383548e-7,0,0,0,6.092688442000001," 2021-05-01 ",Never
350,brntoken.eth,brntoken.eth,Solo Stakers,32,32,1,7.348160469383548e-7,0,0,0,2.436525115," 2022-12-15 ",Never
587,bingley.eth,bingley.eth,Solo Stakers,32,32,1,7.348160469383548e-7,0,0,-0.5,10.834344996," 2021-07-11 "," 2026-05-21 "
351,benjey.eth,benjey.eth,Solo Stakers,32,32,1,7.348160469383548e-7,0,0,0,0," 2020-11-14 ",Never
588,bronnan.eth,bronnan.eth,Solo Stakers,32,32,1,7.348160469383548e-7,0,0,0,2.6178865100000004," 2021-08-08 ",Never
352,danning.eth,danning.eth,Solo Stakers,32,32,1,7.348160469383548e-7,0,0,0,1.4157273849999998," 2023-08-20 ",Never
589,m1r4c13.eth,m1r4c13.eth,Solo Stakers,32,32,1,7.348160469383548e-7,0,0,Infinity,4.386984851999998," 2026-05-10 "," 2023-04-24 "
353,gajit.eth,gajit.eth,Solo Stakers,32,32,1,7.348160469383548e-7,0,0,0,7.877311787000002," 2020-11-24 ",Never
590,moontrader.eth,moontrader.eth,Solo Stakers,32,32,1,7.348160469383548e-7,0,0,0,11.570750805," 2021-06-03 "," 2025-04-11 "
354,mitchlyn.eth,mitchlyn.eth,Solo Stakers,32,32,1,7.348160469383548e-7,0,0,0,6.368492279000002," 2021-03-27 ",Never
591,40748.eth,40748.eth,Solo Stakers,32,32,1,7.348160469383548e-7,0,0,0,2.9895281859999994," 2023-04-22 ",Never
355,maysam.eth,maysam.eth,Solo Stakers,32,32,1,7.348160469383548e-7,0,0,0,1.8437472400000001," 2023-04-30 ",Never
592,spicetrader.eth,spicetrader.eth,Solo Stakers,32,32,1,7.348160469383548e-7,0,0,0,7.297698418000002," 2020-12-09 ",Never
356,zellster.eth,zellster.eth,Solo Stakers,32,32,1,7.348160469383548e-7,0,0,0,6.824171697000001," 2020-11-30 ",Never
593,deadzed.eth,deadzed.eth,Solo Stakers,32,32,1,7.348160469383548e-7,0,0,0,6.830818989999999," 2021-05-21 ",Never
357,reindl.eth,reindl.eth,Solo Stakers,32,32,1,7.348160469383548e-7,0,0,0,7.496053914999999," 2020-11-22 ",Never
594,corbridge.eth,corbridge.eth,Solo Stakers,32,32,1,7.348160469383548e-7,0,0,0,7.513335283999999," 2020-11-22 ",Never
358,haarmeisterei.eth,haarmeisterei.eth,Solo Stakers,32,32,1,7.348160469383548e-7,0,0,0,8.033831257," 2020-12-10 ",Never
595,cosmicloud.eth,cosmicloud.eth,Solo Stakers,32,32,1,7.348160469383548e-7,0,0,0,12.113021140999997," 2024-01-08 "," 2024-01-08 "
359,thelonelyghost.eth,thelonelyghost.eth,Solo Stakers,32,32,1,7.348160469383548e-7,0,0,0,7.520460603," 2020-11-22 ",Never
596,peruzzi.eth,peruzzi.eth,Solo Stakers,32,32,1,7.348160469383548e-7,0,0,0,7.536851896," 2020-12-01 ",Never
360,bassoy.eth,bassoy.eth,Solo Stakers,32,32,1,7.348160469383548e-7,0,0,0,3.247894306," 2022-11-30 ",Never
597,scttl.eth,scttl.eth,Solo Stakers,32,32,1,7.348160469383548e-7,0,0,0,5.896025288," 2021-06-05 ",Never
361,109-110.eth,109-110.eth,Solo Stakers,32,32,1,7.348160469383548e-7,0,0,0,5.205826085999999," 2021-12-08 ",Never
598,redjetcar.eth,redjetcar.eth,Solo Stakers,32,32,1,7.348160469383548e-7,0,0,0,5.238229577999999," 2021-09-23 ",Never
362,redboer.eth,redboer.eth,Solo Stakers,32,32,1,7.348160469383548e-7,0,0,0,4.809754410000001," 2020-11-25 ",Never
599,ericnagel.eth,ericnagel.eth,Solo Stakers,32,32,1,7.348160469383548e-7,0,0,0,2.2730355159999998," 2022-12-22 ",Never
363,uprosetheloftythoughts.eth,uprosetheloftythoughts.eth,Solo Stakers,32,32,1,7.348160469383548e-7,0,0,0,7.468316096999998," 2020-12-10 ",Never
600,reinoud.eth,reinoud.eth,Solo Stakers,32,32,1,7.348160469383548e-7,0,0,0,8.285522110999993," 2024-03-28 "," 2024-04-02 "
364,stake2.atg.eth,stake2.atg.eth,Solo Stakers,32,32,1,7.348160469383548e-7,0,0,0,0," 2020-11-17 ",Never
601,yasuanii.eth,yasuanii.eth,Solo Stakers,32,32,1,7.348160469383548e-7,0,0,0,3.7913854290000017," 2021-07-15 "," 2024-12-21 "
365,clodey.eth,clodey.eth,Solo Stakers,32,32,1,7.348160469383548e-7,0,0,0,0," 2020-12-21 ",Never
602,mr101.eth,mr101.eth,Solo Stakers,32,32,1,7.348160469383548e-7,0,0,0,7.411881482000003," 2020-11-21 ",Never
366,mkkoll.eth,mkkoll.eth,Solo Stakers,32,32,1,7.348160469383548e-7,0,0,0,7.370662246000003," 2020-11-16 ",Never
603,twix.eth,twix.eth,Solo Stakers,32,32,1,7.348160469383548e-7,0,0,0,3.8060552279999995," 2022-01-20 ",Never
367,emint.eth,emint.eth,Solo Stakers,32,32,1,7.348160469383548e-7,0,0,-0.5,12.197724532000002," 2023-04-27 "," 2026-07-14 "
604,ice.reion.eth,ice.reion.eth,Solo Stakers,32,32,1,7.348160469383548e-7,0,0,0,1.8970858329999996," 2023-06-09 ",Never
368,maddhater.eth,maddhater.eth,Solo Stakers,32,32,1,7.348160469383548e-7,0,0,0,4.088364604," 2022-10-12 ",Never
605,netolli.eth,netolli.eth,Solo Stakers,32,32,1,7.348160469383548e-7,0,0,0,7.0855960829999995," 2020-12-23 ",Never
369,metavalent.eth,metavalent.eth,Solo Stakers,32,32,1,7.348160469383548e-7,0,0,0,4.259659899000001," 2022-08-07 ",Never
606,omoju.eth,omoju.eth,Solo Stakers,32,32,1,7.348160469383548e-7,0,0,0,6.431490062999999," 2021-04-21 ",Never
370,last.eth,last.eth,Solo Stakers,32,32,1,7.348160469383548e-7,0,0,0,6.1929641270000015," 2021-02-09 ",Never
607,callmegwei.eth,callmegwei.eth,Solo Stakers,32,32,1,7.348160469383548e-7,0,0,0,0," 2020-11-24 ",Never
371,i-d.eth,i-d.eth,Solo Stakers,32,32,1,7.348160469383548e-7,0,0,0,4.368368030000001," 2022-03-16 ",Never
608,bigbull.eth,bigbull.eth,Solo Stakers,32,32,1,7.348160469383548e-7,0,0,0,0," 2021-02-10 ",Never
372,vnv.eth,vnv.eth,Solo Stakers,32,32,1,7.348160469383548e-7,0,0,0,7.147491362999999," 2020-12-20 ",Never
609,jsying.eth,jsying.eth,Solo Stakers,32,32,1,7.348160469383548e-7,0,0,0,3.0402839949999994," 2023-04-17 ",Never
373,everythingbiig.eth,everythingbiig.eth,Solo Stakers,32,32,1,7.348160469383548e-7,0,0,0,5.126869713999999," 2021-11-07 ",Never
610,gödel.eth,gödel.eth,Solo Stakers,32,32,1,7.348160469383548e-7,0,0,0,5.213060125," 2021-05-16 ",Never
374,fanek.eth,fanek.eth,Solo Stakers,32,32,1,7.348160469383548e-7,0,0,0,5.853429990000001," 2021-06-15 ",Never
611,dutchie.eth,dutchie.eth,Solo Stakers,32,32,1,7.348160469383548e-7,0,0,0,7.397155518000002," 2020-12-20 ",Never
375,lindy.eth,lindy.eth,Solo Stakers,32,32,1,7.348160469383548e-7,0,0,0,121.52786493199999," 2021-04-23 "," 2025-09-18 "
612,neoos.eth,neoos.eth,Solo Stakers,32,32,1,7.348160469383548e-7,0,0,0,4.387557277," 2022-07-22 ",Never
376,blackburn.eth,blackburn.eth,Solo Stakers,32,32,1,7.348160469383548e-7,0,0,0,3.2314076349999996," 2022-04-05 ",Never
613,mxwsn.eth,mxwsn.eth,Solo Stakers,32,32,1,7.348160469383548e-7,0,0,0,5.846948445999999," 2024-03-04 "," 2024-08-09 "
377,cjvaldez.eth,cjvaldez.eth,Solo Stakers,32,32,1,7.348160469383548e-7,0,0,0,3.8512768339999996," 2022-09-12 ",Never
614,tanongsak.eth,tanongsak.eth,Solo Stakers,32,32,1,7.348160469383548e-7,0,0,0,3.104184987," 2023-04-15 ",Never
378,alisheikh.eth,alisheikh.eth,Solo Stakers,32,32,1,7.348160469383548e-7,0,0,0,3.482940417," 2021-08-04 ",Never
615,papacoins.eth,papacoins.eth,Solo Stakers,32,32,1,7.348160469383548e-7,0,0,0,4.235259928," 2022-08-08 ",Never
379,colfax.eth,colfax.eth,Solo Stakers,32,32,1,7.348160469383548e-7,0,0,0,7.420003598," 2020-11-22 ",Never
616,webberz.eth,webberz.eth,Solo Stakers,32,32,1,7.348160469383548e-7,0,0,0,16.956340077," 2021-04-04 "," 2025-09-09 "
380,plau.eth,plau.eth,Solo Stakers,32,32,1,7.348160469383548e-7,0,0,0,2.199924649," 2023-05-03 ",Never
617,spyglassventures.eth,spyglassventures.eth,Solo Stakers,32,32,1,7.348160469383548e-7,0,0,0,0," 2022-12-14 ",Never
381,howkhang.eth,howkhang.eth,Solo Stakers,32,32,1,7.348160469383548e-7,0,0,0,0," 2020-11-22 ",Never
618,zuzaluan1.eth,zuzaluan1.eth,Solo Stakers,32,32,1,7.348160469383548e-7,0,0,0,0," 2023-06-05 ",Never
382,tiedb.eth,tiedb.eth,Solo Stakers,32,32,1,7.348160469383548e-7,0,0,0,5.81643678," 2020-12-28 ",Never
619,anomar.eth,anomar.eth,Solo Stakers,32,32,1,7.348160469383548e-7,0,0,0,6.7189797239999995," 2021-02-11 ",Never
383,hydrodan.eth,hydrodan.eth,Solo Stakers,32,32,1,7.348160469383548e-7,0,0,0,0," 2021-06-26 ",Never
620,d1m0ndhvnd.eth,d1m0ndhvnd.eth,Solo Stakers,32,32,1,7.348160469383548e-7,0,0,0,5.375936868999999," 2021-08-07 ",Never
384,darzyx.eth,darzyx.eth,Solo Stakers,32,32,1,7.348160469383548e-7,0,0,0,6.383460082," 2020-12-19 ",Never
621,chxrxe.eth,chxrxe.eth,Solo Stakers,32,32,1,7.348160469383548e-7,0,0,0,4.226438912000001," 2022-04-24 ",Never
385,mycodelicforest.eth,mycodelicforest.eth,Solo Stakers,32,32,1,7.348160469383548e-7,0,0,0,6.301548122999999," 2020-12-21 ",Never
386,beerbaron.eth,beerbaron.eth,Solo Stakers,32,32,1,7.348160469383548e-7,0,0,0,4.486734126000001," 2022-06-05 ",Never
387,daihelle.eth,daihelle.eth,Solo Stakers,32,32,1,7.348160469383548e-7,0,0,0,7.421347956999999," 2020-12-10 ",Never
388,joera.p2p-citizen.eth,joera.p2p-citizen.eth,Solo Stakers,32,32,1,7.348160469383548e-7,0,0,0,7.213820011," 2020-11-08 ",Never
389,nolang.eth,nolang.eth,Solo Stakers,32,32,1,7.348160469383548e-7,0,0,0,2.444813403," 2023-09-13 ",Never
390,pigfrown.eth,pigfrown.eth,Solo Stakers,32,32,1,7.348160469383548e-7,0,0,0,0," 2020-11-23 ",Never
391,boss351.umbra.eth,boss351.umbra.eth,Solo Stakers,32,32,1,7.348160469383548e-7,0,0,0,7.894217816000001," 2020-11-04 ",Never
392,hyunnie.eth,hyunnie.eth,Solo Stakers,32,32,1,7.348160469383548e-7,0,0,0,6.053369824000001," 2021-05-26 ",Never
393,shanev.eth,shanev.eth,Solo Stakers,32,32,1,7.348160469383548e-7,0,0,0,0," 2020-11-24 ",Never
394,neozaru.eth,neozaru.eth,Solo Stakers,32,32,1,7.348160469383548e-7,0,0,0,7.641086968999999," 2020-11-23 ",Never
395,iicc.eth,iicc.eth,Solo Stakers,32,32,1,7.348160469383548e-7,0,0,0,2.8816782879999994," 2022-10-18 ",Never
396,highriseworld.eth,highriseworld.eth,Solo Stakers,32,32,1,7.348160469383548e-7,0,0,0,0," 2022-10-30 ",Never
397,seongwan.eth,seongwan.eth,Solo Stakers,32,32,1,7.348160469383548e-7,0,0,0,3.7978901069999997," 2022-10-01 ",Never
398,atomross.eth,atomross.eth,Solo Stakers,32,32,1,7.348160469383548e-7,0,0,0,6.675855391000001," 2020-12-30 ",Never
399,yyasuko.eth,yyasuko.eth,Solo Stakers,32,32,1,7.348160469383548e-7,0,0,0,6.921301682000001," 2021-02-11 ",Never
400,voska.eth,voska.eth,Solo Stakers,32,32,1,7.348160469383548e-7,0,0,0,11.608098909000002," 2021-05-16 "," 2024-09-08 "
401,milewski.eth,milewski.eth,Solo Stakers,32,32,1,7.348160469383548e-7,0,0,0,3.5306082679999995," 2020-11-24 ",Never
402,joolee.eth,joolee.eth,Solo Stakers,32,32,1,7.348160469383548e-7,0,0,0,0," 2021-11-24 ",Never
403,emergencyrecovery.eth,emergencyrecovery.eth,Solo Stakers,32,32,1,7.348160469383548e-7,0,0,0,2.7552039710000003," 2021-03-30 ",Never
404,388988.eth,388988.eth,Solo Stakers,32,32,1,7.348160469383548e-7,0,0,0,0," 2020-11-23 ",Never
405,eartha.eth,eartha.eth,Solo Stakers,32,32,1,7.348160469383548e-7,0,0,0,5.5605195200000015," 2021-03-24 ",Never
406,jonlabrie.eth,jonlabrie.eth,Solo Stakers,32,32,1,7.348160469383548e-7,0,0,0,12.708477788," 2020-11-30 "," 2024-07-15 "
407,mholtz.eth,mholtz.eth,Solo Stakers,32,32,1,7.348160469383548e-7,0,0,0,0," 2020-12-25 ",Never
408,slashproof.eth,slashproof.eth,Solo Stakers,32,32,1,7.348160469383548e-7,0,0,0,3.194700685," 2022-07-07 ",Never
409,redovolk.eth,redovolk.eth,Solo Stakers,32,32,1,7.348160469383548e-7,0,0,0,7.224221604000002," 2020-12-07 ",Never
410,halseyrichartz.eth,halseyrichartz.eth,Solo Stakers,32,32,1,7.348160469383548e-7,0,0,0,6.092614366000001," 2021-05-21 ",Never
411,korok.eth,korok.eth,Solo Stakers,32,32,1,7.348160469383548e-7,0,0,0,7.454523883000001," 2020-11-23 ",Never
412,defimick.eth,defimick.eth,Solo Stakers,32,32,1,7.348160469383548e-7,0,0,0,6.262533159," 2021-01-19 ",Never
413,semaj.eth,semaj.eth,Solo Stakers,32,32,1,7.348160469383548e-7,0,0,0,4.441281571000001," 2021-06-18 ",Never
414,hisnamesstake.eth,hisnamesstake.eth,Solo Stakers,32,32,1,7.348160469383548e-7,0,0,0,7.393626856999999," 2020-12-13 ",Never
415,brianfitzgerald.eth,brianfitzgerald.eth,Solo Stakers,32,32,1,7.348160469383548e-7,0,0,0,7.079860643000001," 2020-11-18 ",Never
416,rushughes.eth,rushughes.eth,Solo Stakers,32,32,1,7.348160469383548e-7,0,0,0,7.332864640999999," 2020-12-03 ",Never
417,kenichi.eth,kenichi.eth,Solo Stakers,32,32,1,7.348160469383548e-7,0,0,0,0," 2020-11-25 ",Never
418,pengzs.eth,pengzs.eth,Solo Stakers,32,32,1,7.348160469383548e-7,0,0,0,0," 2020-11-24 ",Never
419,jeshli.eth,jeshli.eth,Solo Stakers,32,32,1,7.348160469383548e-7,0,0,0,7.238382348999999," 2020-11-26 ",Never
420,nanox.eth,nanox.eth,Solo Stakers,32,32,1,7.348160469383548e-7,0,0,0,6.713800621999999," 2021-02-18 ",Never
421,sourdoughsynths.eth,sourdoughsynths.eth,Solo Stakers,32,32,1,7.348160469383548e-7,0,0,0,2.09216147," 2023-05-07 ",Never
422,asteriscus.eth,asteriscus.eth,Solo Stakers,32,32,1,7.348160469383548e-7,0,0,0,0," 2020-11-17 ",Never
423,0age.eth,0age.eth,Solo Stakers,32,32,1,7.348160469383548e-7,0,0,0,7.387864288," 2020-11-24 ",Never
424,jorhan.eth,jorhan.eth,Solo Stakers,32,32,1,7.348160469383548e-7,0,0,0,3.868800322," 2022-02-21 ",Never
425,<a href='https://x.com/buffalospace00' target='_blank'>buffalospace.eth</a>,buffalospace.eth,Solo Stakers,32,32,1,7.348160469383548e-7,0,0,0,8.059721034999999," 2020-11-24 ",Never
426,morey.eth,morey.eth,Solo Stakers,32,32,1,7.348160469383548e-7,0,0,0,2.4033909029999996," 2021-05-19 ",Never
427,dghelm.eth,dghelm.eth,Solo Stakers,32,32,1,7.348160469383548e-7,0,0,0,0," 2021-08-01 ",Never
428,blackmesa.eth,blackmesa.eth,Solo Stakers,32,32,1,7.348160469383548e-7,0,0,0,6.003311294," 2021-06-15 ",Never
429,wennroad.eth,wennroad.eth,Solo Stakers,32,32,1,7.348160469383548e-7,0,0,0,6.322979208," 2020-11-24 ",Never
430,stake.atg.eth,stake.atg.eth,Solo Stakers,32,32,1,7.348160469383548e-7,0,0,0,0," 2020-11-28 ",Never
431,brianlester.eth,brianlester.eth,Solo Stakers,32,32,1,7.348160469383548e-7,0,0,0,7.595455885," 2020-11-16 ",Never
432,2023.tesserax.eth,2023.tesserax.eth,Solo Stakers,32,32,1,7.348160469383548e-7,0,0,0,2.6122589339999993," 2023-06-23 ",Never
433,anonymeth.eth,anonymeth.eth,Solo Stakers,32,32,1,7.348160469383548e-7,0,0,0,0," 2021-07-01 ",Never
434,bibby.eth,bibby.eth,Solo Stakers,32,32,1,7.348160469383548e-7,0,0,0,0," 2021-01-06 ",Never
435,stevenhancock.eth,stevenhancock.eth,Solo Stakers,32,32,1,7.348160469383548e-7,0,0,0,0," 2022-09-20 ",Never
436,sockeye.eth,sockeye.eth,Solo Stakers,32,32,1,7.348160469383548e-7,0,0,0,7.742700255000003," 2024-01-16 "," 2024-01-16 "
437,calibrium.eth,calibrium.eth,Solo Stakers,32,32,1,7.348160469383548e-7,0,0,0,3.808824827," 2022-09-04 ",Never
438,sylvester.eth,sylvester.eth,Solo Stakers,32,32,1,7.348160469383548e-7,0,0,0,3.6297494439999998," 2022-10-01 ",Never
439,bankruptcyattorney.eth,bankruptcyattorney.eth,Solo Stakers,32,32,1,7.348160469383548e-7,0,0,0,0," 2021-05-21 ",Never
622,zbron.eth,zbron.eth,Solo Stakers,28.253715130000003,28.253715130000003,0.8829285978125001,6.487901019734058e-7,0,0,-0.694,40.342348841," 2025-07-20 "," 2026-07-14 "
623,8994.eth,8994.eth,Solo Stakers,10.014378864000001,10.014378864000001,0.31294933950000003,2.2996019654335914e-7,0,0,0,12.580336521999998," 2025-06-13 "," 2025-08-22 "
624,<a href='https://x.com/Poloniex' target='_blank'>Poloniex</a>,Poloniex,CEXs,9,9,0.28125,2.0666701320141229e-7,0,0,Infinity,3730.9811991069982," 2026-04-23 "," 2026-06-28 "
625,samcm.eth,samcm.eth,Solo Stakers,6.718999999999994,6.718999999999994,0.20996874999999982,1.5428840685558753e-7,0,0,0,12.10058331," 2025-10-03 "," 2026-01-18 "
626,zamesa.eth,zamesa.eth,Solo Stakers,6.010054361000002,6.010054361000002,0.18781419878125005,1.3800888710733254e-7,0,0,-0.842,8.994964131," 2025-05-16 "," 2026-06-14 "
627,dcposch.eth,dcposch.eth,Solo Stakers,5.08930337999999,5.08930337999999,0.15904073062499968,1.1686568098005e-7,0,-0,-0,100.42547744299999," 2021-03-12 "," 2025-12-25 "
628,matilote.eth,matilote.eth,Solo Stakers,5,5,0.15625,1.1481500733411793e-7,0,0,0,7.742639639999997," 2025-10-03 "," 2025-12-17 "
629,vugman.eth,vugman.eth,Solo Stakers,2.5035773630000016,2.5035773630000016,0.07823679259375005,5.748965065887536e-8,0,0,0,0," 2021-08-24 "," 2025-06-06 "
630,jasonthane.eth,jasonthane.eth,Solo Stakers,2.5,2.5,0.078125,5.7407503667058964e-8,0,0,-0.928,10.009350811000003," 2025-12-29 "," 2026-05-13 "
631,<a href='https://x.com/HTX_Global' target='_blank'>HTX</a>,HTX,CEXs,2.1486628650000057,2.1486628650000057,0.06714571453125018,4.93397485207045e-8,0,0,0,13166.749595091997," 2025-07-22 "," 2025-12-27 "
632,<a href='https://x.com/etherscan.io/address/0x0f5b2f0d89f66b163e5e8e2ccf4de706c53a5060' target='_blank'>Cluster 0x0f5b</a>,Cluster 0x0f5b,Unidentified,2.141253592999817,2.141253592999817,0.06691417478124428,4.9169609396896075e-8,-0,0,-0,390.63266622800006," 2024-05-05 "," 2025-12-28 "
633,danielreynolds.eth,danielreynolds.eth,Solo Stakers,2,2,0.0625,4.592600293364717e-8,0,0,0,7.206495688999997," 2023-04-19 "," 2023-09-06 "
634,chainlabo.eth,chainlabo.eth,Solo Stakers,2,2,0.0625,4.592600293364717e-8,0,-0.985,-0.985,10.398926687," 2025-09-30 "," 2026-09-13 "
635,👻👻👻👻👻👻.eth,👻👻👻👻👻👻.eth,Solo Stakers,1.7032864349999954,1.7032864349999954,0.05322770109374986,3.911256890532561e-8,-0,0,0,17.48567406," 2021-07-29 "," 2025-05-09 "
636,buonarroti.eth,buonarroti.eth,Solo Stakers,1.2665766520000012,1.2665766520000012,0.03958052037500004,2.9084401517720536e-8,0,0,0,1.599284814," 2020-11-24 "," 2025-12-25 "
637,zhengyabin.eth,zhengyabin.eth,Solo Stakers,1.0682366350000017,1.0682366350000017,0.03338239484375005,2.452991941641973e-8,-0,-0,-0,14.783462373," 2023-08-15 "," 2025-08-14 "
638,elletian.eth,elletian.eth,Solo Stakers,1.0629374749999982,1.0629374749999982,0.033216796093749945,2.4408234797566717e-8,0,0,0,4.7874367310000014," 2020-11-23 "," 2023-09-24 "
639,labdog.eth,labdog.eth,Solo Stakers,1.0568519199999997,1.0568519199999997,0.03302662249999999,2.4268492189175317e-8,0,0,0,0.998252686000002," 2023-12-03 "," 2024-03-03 "
640,<a href='https://x.com/Tetranode' target='_blank'>Tetranode</a>,Tetranode,Solo Stakers,0.7864715739999966,0.7864715739999966,0.024577236687499893,1.8059747907376977e-8,-0,-0,0,43.57362967599999," 2020-11-21 "," 2024-05-04 "
641,dimsome.eth,dimsome.eth,Solo Stakers,0.7613227100000017,0.7613227100000017,0.023791334687500054,1.748225450645615e-8,0,0,0,22.938458973," 2021-05-21 "," 2025-09-20 "
642,zenginoglu.eth,zenginoglu.eth,Solo Stakers,0.6412085989999987,0.6412085989999987,0.02003776871874996,1.4724073999376867e-8,0,0,0,3.790992161," 2021-07-10 "," 2025-08-02 "
,↘️ <a href='https://x.com/mevdotio' target='_blank'>MEV Protocol</a> (w/ <a href='https://x.com/Kiln_finance' target='_blank'>Kiln</a>),MEV Protocol,Liquid Staking,0,0.6364472509999359,0.019888976593747998,1.4614739158267355e-8,0,-0,0,489.66261077700017," 2023-07-21 "," 2025-05-02 "
643,<a href='https://x.com/CelsiusNetwork' target='_blank'>Celsius</a>,Celsius,Staking Pools,0.6289593450001121,0.6289593450001121,0.019654979531253503,1.4442794361809976e-8,0,0,0,11842.641088405013," 2022-04-22 "," 2024-01-09 "
644,onizuka.eth,onizuka.eth,Solo Stakers,0.5205569720000014,0.5205569720000014,0.016267405375000044,1.1953550511601276e-8,0,0,0,4.067138434," 2020-11-24 "," 2026-03-11 "
645,madoff.eth,madoff.eth,Solo Stakers,0.5163601699999987,0.5163601699999987,0.01613625531249996,1.1857179341119245e-8,0,-0,0,10.760309405000001," 2021-02-13 "," 2023-05-03 "
646,mystic8.eth,mystic8.eth,Solo Stakers,0.5093343680000011,0.5093343680000011,0.015916699000000034,1.169584583948769e-8,0,0,0,0," 2020-12-21 "," 2025-01-08 "
647,rauljordan.eth,rauljordan.eth,Solo Stakers,0.3798731669999995,0.3798731669999995,0.011871036468749985,8.72302809102791e-9,0,0,-0.994,7.957656587000002," 2021-05-01 "," 2026-04-12 "
648,zeusolympian.eth,zeusolympian.eth,Solo Stakers,0.3625723669999985,0.3625723669999985,0.011330386468749953,8.325749795250666e-9,-0,0,0,3.2739561240000006," 2022-07-25 "," 2025-08-03 "
649,plamarque.eth,plamarque.eth,Solo Stakers,0.35158922600000153,0.35158922600000153,0.010987163312500048,8.073543912357404e-9,0,0,0,0," 2020-11-10 "," 2023-04-15 "
650,smidge.eth,smidge.eth,Solo Stakers,0.34914683600000984,0.34914683600000984,0.010910838625000308,8.01745930720504e-9,0,0,0,143.12336518400002," 2023-04-20 "," 2026-01-02 "
651,orcaplatforms.eth,orcaplatforms.eth,Solo Stakers,0.3356818070000145,0.3356818070000145,0.010490056468750453,7.708261826527324e-9,-0,0,0,75.03119181399998," 2020-12-08 "," 2023-10-23 "
652,b18c.eth,b18c.eth,Solo Stakers,0.31943584300000083,0.31943584300000083,0.009982370093750026,7.335205731365048e-9,0,-0,-0.998,31.857538243," 2021-01-15 "," 2026-05-14 "
653,thelvyn.eth,thelvyn.eth,Solo Stakers,0.3097349160000036,0.3097349160000036,0.009679216125000112,7.112443330434562e-9,0,0,-0.997,18.345718319000003," 2020-11-21 "," 2026-05-21 "
654,<a href='https://x.com/Node_DAO' target='_blank'>Node DAO</a>,Node DAO,Liquid Staking,0.30467979400009426,0.30467979400009426,0.009521243562502946,6.996362556535672e-9,0,-0,0,607.161349689," 2024-03-01 "," 2026-01-13 "
655,kida.eth,kida.eth,Solo Stakers,0.2804582199999892,0.2804582199999892,0.008764319374999663,6.4401625172424845e-9,-0,0,-0,4.813313078," 2021-02-16 "," 2023-08-16 "
656,leoglisic.eth,leoglisic.eth,Solo Stakers,0.28004207200001474,0.28004207200001474,0.00875131475000046,6.430606510108655e-9,0,0,0,141.921708157," 2021-01-04 "," 2026-03-02 "
657,eav.eth,eav.eth,Solo Stakers,0.2530091100000007,0.2530091100000007,0.007906534687500022,5.809848564049746e-9,0,0,0,0," 2021-01-27 "," 2024-08-02 "
658,bok.eth,bok.eth,Solo Stakers,0.22017817399999728,0.22017817399999728,0.006880567937499915,5.055951732524476e-9,0,-0,0,65.477710716," 2020-12-16 "," 2025-08-31 "
659,<a href='https://x.com/bake_io' target='_blank'>Bake</a>,Bake,Staking Pools,0.21793303399999786,0.21793303399999786,0.006810407312499933,5.004396579411266e-9,0,-0,0,992.9940900819998," 2024-03-11 "," 2025-03-16 "
660,gunninginc.eth,gunninginc.eth,Solo Stakers,0.19994894500001692,0.19994894500001692,0.006248404531250529,4.591427917325217e-9,0,0,0,64.72977733100001," 2023-04-17 "," 2025-08-22 "
661,<a href='https://x.com/CopperHQ' target='_blank'>Copper.co</a>,Copper.co,Staking Pools,0.15778630200020416,0.15778630200020416,0.00493082193750638,3.6232470842753575e-9,0,0,0,379.135270834," 2025-02-03 "," 2025-03-09 "
662,jcrouch.eth,jcrouch.eth,Solo Stakers,0.13433396499999972,0.13433396499999972,0.004197936406249991,3.0847110353392218e-9,0,0,0,1.1097564309999999," 2023-05-19 "," 2025-02-17 "
663,ston.eth,ston.eth,Solo Stakers,0.1340788979999985,0.1340788979999985,0.004189965562499953,3.0788539314440554e-9,0,0,0,5.302221578," 2020-12-03 "," 2026-01-02 "
664,kostafun.eth,kostafun.eth,Solo Stakers,0.11553942000000106,0.11553942000000106,0.003610606875000033,2.6531318709359708e-9,0,0,0,6.474710904000001," 2020-11-24 "," 2025-12-25 "
665,kev.eth,kev.eth,Solo Stakers,0.11165791699999872,0.11165791699999872,0.00348930990624996,2.5640009118534367e-9,0,0,0,3.4428621169999998," 2020-11-23 "," 2023-04-28 "
666,cryptodubs.eth,cryptodubs.eth,Solo Stakers,0.10447980000000712,0.10447980000000712,0.0032649937500002224,2.3991698006535985e-9,-0,0,-0,32.412657302999996," 2020-11-16 "," 2026-01-11 "
667,wzht.eth,wzht.eth,Solo Stakers,0.10367283999999799,0.10367283999999799,0.003239776249999937,2.380639576989721e-9,0,-0,-0,10.44308565," 2021-05-08 "," 2024-03-31 "
668,alexmelville.eth,alexmelville.eth,Solo Stakers,0.09739100699999881,0.09739100699999881,0.0030434689687499628,2.2363898365963988e-9,0,0,-0,2.303659252," 2024-04-25 "," 2025-06-11 "
669,stratuscyber.eth,stratuscyber.eth,Solo Stakers,0.09383681199999927,0.09383681199999927,0.002932400374999977,2.154774851598032e-9,0,-0.997,-0.997,5.808245093999999," 2020-12-20 "," 2026-08-28 "
670,0xbd1.eth,0xbd1.eth,Solo Stakers,0.09150985699999836,0.09150985699999836,0.002859683031249949,2.101340980519779e-9,0,0,0,6.760089628999999," 2020-11-24 "," 2026-01-19 "
671,syoung.eth,syoung.eth,Solo Stakers,0.09147401699999946,0.09147401699999946,0.0028585630312499832,2.100517986547233e-9,0,0,-0.997,7.272157056," 2020-11-22 "," 2026-07-13 "
672,jwpe.eth,jwpe.eth,Solo Stakers,0.09004893999999908,0.09004893999999908,0.002814029374999971,2.067793941305888e-9,0,0,0,4.232413023000001," 2020-11-22 "," 2023-10-01 "
673,razumoff.eth,razumoff.eth,Solo Stakers,0.08557687900000488,0.08557687900000488,0.0026742774687501525,1.9651019980032964e-9,-0,0,-0,29.415985250000002," 2021-07-08 "," 2024-03-05 "
674,bridgs.eth,bridgs.eth,Solo Stakers,0.07513660900000119,0.07513660900000119,0.002348019031250037,1.7253620626791774e-9,0,0,0,4.015938602," 2021-07-13 "," 2024-07-24 "
675,spyr0.eth,spyr0.eth,Solo Stakers,0.06678989899999976,0.06678989899999976,0.0020871843437499926,1.5336965487059937e-9,0,0,0,5.526024555999999," 2020-12-02 "," 2024-11-03 "
676,yallow.eth,yallow.eth,Solo Stakers,0.06339528000000172,0.06339528000000172,0.0019811025000000537,1.4557459076297314e-9,0,0,0,4.195941147," 2021-07-06 "," 2025-11-20 "
677,chrisw.eth,chrisw.eth,Solo Stakers,0.06300782299999952,0.06300782299999952,0.001968994468749985,1.4468487319703498e-9,0,0,0,4.415522377," 2021-09-18 "," 2026-01-03 "
678,edgarselzer.eth,edgarselzer.eth,Solo Stakers,0.06282068000000152,0.06282068000000152,0.0019631462500000474,1.44255136698689e-9,0,0,0,2.745700998," 2022-06-06 "," 2025-11-03 "
679,0x3492.eth,0x3492.eth,Solo Stakers,0.06259098000000307,0.06259098000000307,0.001955968125000096,1.4372767655499963e-9,0,0,0,1.4599223410000002," 2023-09-02 "," 2023-12-19 "
680,slais.eth,slais.eth,Solo Stakers,0.05522988000000595,0.05522988000000595,0.001725933750000186,1.2682438154526273e-9,0,-0,0,15.845338557," 2021-05-06 "," 2026-01-02 "
681,snowpea.eth,snowpea.eth,Solo Stakers,0.05503991999999869,0.05503991999999869,0.001719997499999959,1.2638817636938228e-9,0,0,0,6.310564559," 2020-11-23 "," 2025-11-29 "
682,raino.eth,raino.eth,Solo Stakers,0.05465919399999919,0.05465919399999919,0.0017080998124999747,1.2551391519973763e-9,0,0,0,3.9819955709999997," 2021-03-19 "," 2023-11-22 "
683,trustgarage.eth,trustgarage.eth,Solo Stakers,0.05448088700000042,0.05448088700000042,0.0017025277187500132,1.2510446880948598e-9,0,0,0,3.4188070520000005," 2021-01-14 "," 2025-01-18 "
684,n1co.eth,n1co.eth,Solo Stakers,0.05265973799999912,0.05265973799999912,0.0016456168124999726,1.2092256409365256e-9,0,0,0,3.2675510849999996," 2021-07-30 "," 2024-08-02 "
685,derekbeard.eth,derekbeard.eth,Solo Stakers,0.05237277000000162,0.05237277000000162,0.0016366490625000507,1.2026359943316517e-9,0,0,0,0.5909224279999999," 2022-08-23 "," 2024-01-25 "
686,ketterer.eth,ketterer.eth,Solo Stakers,0.05203811000000158,0.05203811000000158,0.0016261909375000494,1.1949511962607634e-9,0,0,0,2.1477892450000002," 2022-01-31 "," 2023-12-01 "
687,nries.eth,nries.eth,Solo Stakers,0.05123801999998534,0.05123801999998534,0.0016011881249995419,1.1765787284167997e-9,-0,-0,-0,14.408033392," 2023-04-17 "," 2025-01-27 "
688,snowgum.eth,snowgum.eth,Solo Stakers,0.04909410799999847,0.04909410799999847,0.0015341908749999522,1.1273480740163605e-9,0,0,-0.998,6.822772560999999," 2020-11-24 "," 2026-03-27 "
689,privato.eth,privato.eth,Solo Stakers,0.04585240000000468,0.04585240000000468,0.0014328875000001462,1.0529087284574893e-9,0,0,0,6.949442146000001," 2024-07-05 "," 2025-04-17 "
690,rossmoody.eth,rossmoody.eth,Solo Stakers,0.044847159999999775,0.044847159999999775,0.001401473749999993,1.029825400862867e-9,0,-0,-0,7.680046518999999," 2021-05-08 "," 2024-08-11 "
691,gillard.eth,gillard.eth,Solo Stakers,0.04473876000000132,0.04473876000000132,0.0013980862500000413,1.0273362115038987e-9,0,0,0,9.999931116," 2020-12-15 "," 2024-08-11 "
692,kosta.eth,kosta.eth,Solo Stakers,0.04467682900000014,0.04467682900000014,0.0013961509062500044,1.0259140898600297e-9,0,0,0,5.989362726," 2020-11-23 "," 2026-01-28 "
693,0xsingularity.eth,0xsingularity.eth,Solo Stakers,0.04349286000000063,0.04349286000000063,0.0013591518750000198,9.987266079763675e-10,0,0,0,3.263585183," 2020-11-23 "," 2023-05-07 "
694,punk0x.eth,punk0x.eth,Solo Stakers,0.04202775999999986,0.04202775999999986,0.0013133674999999956,9.650835145273064e-10,0,0,0,4.666272135000002," 2023-05-11 "," 2026-01-12 "
695,<a href='https://x.com/StaFi_Protocol' target='_blank'>StaFi</a>,StaFi,Liquid Staking,0.037340309999990495,0.037340309999990495,0.001166884687499703,8.574455933014292e-10,0,-0,-1,574.4131619430001," 2026-01-11 "," 2026-04-19 "
696,benbowden.eth,benbowden.eth,Solo Stakers,0.031749454999999926,0.031749454999999926,0.0009921704687499977,7.290627817358478e-10,0,0,0,3.167889741," 2023-10-18 "," 2026-02-16 "
697,skram.eth,skram.eth,Solo Stakers,0.029764199999998908,0.029764199999998908,0.0009301312499999659,6.834753682588055e-10,0,0,0,6.2711351319999995," 2020-11-25 "," 2026-01-02 "
698,cybersurgeon.eth,cybersurgeon.eth,Solo Stakers,0.02951965400000134,0.02951965400000134,0.0009224891875000418,6.778598581021554e-10,0,0,0,1.0651121650000002," 2021-07-22 "," 2023-05-13 "
699,knirck.eth,knirck.eth,Solo Stakers,0.029266321000001483,0.029266321000001483,0.0009145725312500463,6.72042572051564e-10,0,0,0,20.967310315000006," 2020-11-27 "," 2025-12-07 "
700,claytonw.eth,claytonw.eth,Solo Stakers,0.02880780599999966,0.02880780599999966,0.0009002439374999893,6.615136914339615e-10,0,0,0,1.9854864399999999," 2022-09-07 "," 2025-05-29 "
701,defison.eth,defison.eth,Solo Stakers,0.02745459100000147,0.02745459100000147,0.000857955968750046,6.304398134040754e-10,0,0,0,1.6136870680000004," 2023-02-27 "," 2025-04-03 "
702,laika.eth,laika.eth,Solo Stakers,0.024657641000001007,0.024657641000001007,0.0007705512812500315,5.662134464514325e-10,0,0,0,5.637468919," 2021-05-23 "," 2025-12-25 "
703,1rvin.eth,1rvin.eth,Solo Stakers,0.02252431999999871,0.02252431999999871,0.0007038849999999597,5.172259931991742e-10,0,0,0,5.247942589999999," 2021-05-13 "," 2025-09-09 "
704,alexthunder.eth,alexthunder.eth,Solo Stakers,0.022145868999999152,0.022145868999999152,0.0006920584062499735,5.085356223310635e-10,0,0,-0.999,5.446658394000002," 2021-10-17 "," 2026-08-21 "
705,lennonwalls.eth,lennonwalls.eth,Solo Stakers,0.021138713999999226,0.021138713999999226,0.0006605848124999758,4.854083205887465e-10,0,0,0,4.241441950999999," 2021-03-03 "," 2024-08-11 "
706,bcuff.eth,bcuff.eth,Solo Stakers,0.020334230999999647,0.020334230999999647,0.000635444718749989,4.669349762797215e-10,0,0,0,3.7960018950000003," 2021-05-22 "," 2024-04-09 "
707,beastgrip.eth,beastgrip.eth,Solo Stakers,0.019806800000001346,0.019806800000001346,0.000618962500000042,4.548235774531123e-10,0,0,0,0.130177471," 2021-01-16 "," 2025-09-18 "
708,ktmkancha.eth,ktmkancha.eth,Solo Stakers,0.01949550799999855,0.01949550799999855,0.0006092346249999547,4.476753788004377e-10,0,0,0,6.309099141000001," 2020-11-10 "," 2025-08-21 "
709,0xjasper.eth,0xjasper.eth,Solo Stakers,0.01759415700000133,0.01759415700000133,0.0005498174062500416,4.04014652998555e-10,0,0,0,0.8329498790000001," 2022-11-28 "," 2023-08-18 "
710,zekey.eth,zekey.eth,Solo Stakers,0.017377644999996278,0.017377644999996278,0.0005430514062498837,3.9904288762485406e-10,0,0,-0.999,12.151954461000003," 2023-06-03 "," 2026-04-04 "
711,drik.eth,drik.eth,Solo Stakers,0.017124299999998982,0.017124299999998982,0.0005351343749999682,3.9322532601830375e-10,0,0,0,3.887637747," 2020-11-29 "," 2023-04-28 "
712,zhough.eth,zhough.eth,Solo Stakers,0.016342019999999735,0.016342019999999735,0.0005106881249999917,3.752618292308543e-10,0,0,0,7.041697052," 2020-11-24 "," 2023-04-28 "
713,<a href='https://x.com/papcrypto' target='_blank'>papcrypto.eth</a>,papcrypto.eth,Solo Stakers,0.014786987000000806,0.014786987000000806,0.0004620933437500252,3.3955360417091983e-10,0,0,-0,7.7815948210000006," 2021-06-23 "," 2023-08-15 "
714,rubus.eth,rubus.eth,Solo Stakers,0.013584959999999313,0.013584959999999313,0.00042452999999997854,3.11951456406724e-10,0,0,0,4.495960992," 2020-11-30 "," 2023-05-03 "
715,genesisbros.eth,genesisbros.eth,Solo Stakers,0.013112567000000297,0.013112567000000297,0.0004097677187500093,3.011038952548294e-10,0,0,0,3.51752397," 2020-11-24 "," 2023-05-07 "
716,ch4d.eth,ch4d.eth,Solo Stakers,0.012735899999999134,0.012735899999999134,0.00039799687499997294,2.924544903812986e-10,0,0,0,1.560800771," 2021-08-10 "," 2023-05-08 "
717,0xgeoff.eth,0xgeoff.eth,Solo Stakers,0.012297060000001636,0.012297060000001636,0.00038428312500005113,2.8237740681765524e-10,0,0,0,4.210200297," 2020-11-28 "," 2023-05-07 "
718,jiwa.eth,jiwa.eth,Solo Stakers,0.011900839999999135,0.011900839999999135,0.000371901249999973,2.7327900637641295e-10,0,0,0,1.669203906," 2021-03-10 "," 2024-06-27 "
719,kadue.eth,kadue.eth,Solo Stakers,0.011734200000002915,0.011734200000002915,0.0003666937500000911,2.6945245181206827e-10,0,-0,0,7.722766248," 2020-12-14 "," 2023-05-07 "
720,combinations.eth,combinations.eth,Solo Stakers,0.010815006000001404,0.010815006000001404,0.00033796893750004386,2.4834499864173814e-10,0,0,0,193.72520774599997," 2020-11-23 "," 2025-07-23 "
721,gazzini.eth,gazzini.eth,Solo Stakers,0.010665719999998657,0.010665719999998657,0.00033330374999995804,2.449169440046988e-10,0,0,0,2.80975253," 2021-01-15 "," 2023-05-07 "
722,reallygamble.eth,reallygamble.eth,Solo Stakers,0.010105508999998847,0.010105508999998847,0.00031579715624996396,2.3205281798997248e-10,0,0,0,0.6743262180000025," 2023-12-12 "," 2024-06-15 "
723,cryptobiot.eth,cryptobiot.eth,Solo Stakers,0.008244218000001524,0.008244218000001524,0.00025763181250004763,1.893119900268484e-10,0,0,0,5.043138643," 2020-11-24 "," 2023-12-15 "
724,const.eth,const.eth,Solo Stakers,0.008059950999999899,0.008059950999999899,0.00025187346874999683,1.850806666355239e-10,0,0,0,4.552876255," 2020-12-01 "," 2024-02-08 "
725,drinkywinky.eth,drinkywinky.eth,Solo Stakers,0.007198357999993021,0.007198357999993021,0.00022494868749978192,1.6529590531256105e-10,-0,-0,-0,6.081264567000001," 2022-07-23 "," 2025-09-10 "
726,rithi.eth,rithi.eth,Solo Stakers,0.007091879999993722,0.007091879999993722,0.00022162124999980382,1.628508508423927e-10,0,-0,-0,12.62746944," 2020-11-24 "," 2026-01-11 "
727,fleeting.eth,fleeting.eth,Solo Stakers,0.006961640000000102,0.006961640000000102,0.0002175512500000032,1.598601495315001e-10,0,0,-1,9.228822795000008," 2021-02-16 "," 2026-06-13 "
728,honestwork.eth,honestwork.eth,Solo Stakers,0.006418260000000231,0.006418260000000231,0.00020057062500000722,1.4738251379446046e-10,0,-0,-1,7.992961558999999," 2023-05-21 "," 2026-05-21 "
729,liamt.eth,liamt.eth,Solo Stakers,0.006003251999999293,0.006003251999999293,0.0001876016249999779,1.378526844816954e-10,0,0,0,4.476141749," 2021-05-16 "," 2025-01-18 "
730,sathaxe.eth,sathaxe.eth,Solo Stakers,0.005732003999998625,0.005732003999998625,0.00017912512499995703,1.316240162598071e-10,0,0,0,4.374001715," 2020-12-08 "," 2024-06-18 "
731,Ethereum Hive,Ethereum Hive,Staking Pools,0.004228353000002016,0.004228353000002016,0.000132136031250063,9.709567614129421e-11,0,-0,-0,13.770026099000004," 2023-03-05 "," 2023-11-02 "
732,mattyreed.eth,mattyreed.eth,Solo Stakers,0.004075651000000846,0.004075651000000846,0.00012736409375002644,9.358917989128045e-11,0,0,0,9.971276349000002," 2020-12-21 "," 2024-08-30 "
733,griet.eth,griet.eth,Solo Stakers,0.0031527159999988896,0.0031527159999988896,0.0000985223749999653,7.239582213245269e-11,0,0,0,3.702888765," 2021-08-19 "," 2025-06-16 "
734,neelfirst.eth,neelfirst.eth,Solo Stakers,0.0027509220000005996,0.0027509220000005996,0.00008596631250001874,6.316942592113105e-11,0,0,0,3.549932998," 2021-05-12 "," 2024-01-16 "
735,vocet.eth,vocet.eth,Solo Stakers,0.002185081000000366,0.002185081000000366,0.00006828378125001144,5.017601820813676e-11,0,0,0,0.583664084," 2022-10-27 "," 2023-07-31 "
736,binary.eth,binary.eth,Solo Stakers,0.0021631040000009705,0.0021631040000009705,0.00006759700000003033,4.967136032491425e-11,0,0,0,5.231167868000001," 2020-11-04 "," 2024-03-22 "
737,q9f.eth,q9f.eth,Solo Stakers,0.0020949600000008672,0.0020949600000008672,0.0000654675000000271,4.8106569552956655e-11,0,0,0,1.415150332," 2023-09-29 "," 2025-02-09 "
738,<a href='https://x.com/Achap5dk' target='_blank'>Alex Chapman</a>,Alex Chapman,Solo Stakers,0.0020495999999994297,0.0020495999999994297,0.00006404999999998218,4.7064967806388525e-11,0,0,0,13.802675926999996," 2021-05-25 "," 2023-04-16 "
739,evant.eth,evant.eth,Solo Stakers,0.0020482680000029063,0.0020482680000029063,0.00006400837500009082,4.703438108851455e-11,0,0,0,6.762490211," 2021-07-20 "," 2023-10-09 "
740,𓂸𓂸𓂸𓂸𓂸.eth,𓂸𓂸𓂸𓂸𓂸.eth,Solo Stakers,0.0016746400000009487,0.0016746400000009487,0.00005233250000002965,3.8454760776423235e-11,0,0,0,2.306850864," 2020-11-29 "," 2025-04-30 "
741,epaul.eth,epaul.eth,Solo Stakers,0.0008935089999972945,0.0008935089999972945,0.000027922156249915453,2.051764847755795e-11,-0,0,-0,11.945934372," 2021-03-20 "," 2025-11-29 "
742,jcomfort.eth,jcomfort.eth,Solo Stakers,0.000887837000000502,0.000887837000000502,0.00002774490625001569,2.038740233331178e-11,0,0,-1,6.386354010999999," 2021-02-23 "," 2026-05-06 "
743,ziver.eth,ziver.eth,Solo Stakers,0.0008445600000044351,0.0008445600000044351,0.000026392500000138597,1.939363251892237e-11,0,0,0,10.955483502," 2021-05-15 "," 2023-10-08 "
744,aichairman.eth,aichairman.eth,Solo Stakers,0.0007728990000011038,0.0007728990000011038,0.000024153093750034493,1.774808087073183e-11,0,0,0,3.761710021," 2020-12-01 "," 2023-05-12 "
745,defidroid.eth,defidroid.eth,Solo Stakers,0.0006677999999986639,0.0006677999999986639,0.000020868749999958247,1.533469237951411e-11,0,-0,0,5.001774434," 2023-05-12 "," 2025-01-11 "
746,michaelbryan.eth,michaelbryan.eth,Solo Stakers,0.0005382129999986773,0.0005382129999986773,0.000016819156249958667,1.2358985908433151e-11,0,0,0,3.0055022590000005," 2020-11-24 "," 2024-01-16 "
747,speed.eth,speed.eth,Solo Stakers,0.00043067900000437476,0.00043067900000437476,0.000013458718750136711,9.889682508830573e-12,0,-0,0,93.496410842," 2024-07-31 "," 2025-01-01 "
748,wzhao.eth,wzhao.eth,Solo Stakers,0.00031489699999553977,0.00031489699999553977,0.000009840531249860618,7.2309802727959265e-12,0,0,-0,5.738248620999999," 2024-03-08 "," 2025-09-04 "
749,rocketstaker.eth,rocketstaker.eth,Solo Stakers,0.00015318000000164034,0.00015318000000164034,0.0000047868750000512605,3.517472564725704e-12,0,0,0,0.934869268," 2020-11-15 "," 2026-02-13 "
750,hodlmachine.eth,hodlmachine.eth,Solo Stakers,0.00008073500000094214,0.00008073500000094214,0.0000025229687500294418,1.8539179234456366e-12,0,0,0,1.0681104399999999," 2022-09-02 "," 2024-07-16 "
751,sparekonto.eth,sparekonto.eth,Solo Stakers,0.00000834100000091098,0.00000834100000091098,2.6065625002846815e-7,1.9153439525569437e-13,0,0,0,3.783523626," 2022-07-17 "," 2026-01-12 "
,Unidentified,Unidentified,Unidentified,16695057.988727024,16695057.988727024,521720.5621477195,0.3833686410838435,-0.005,-0.012,0.254,821502.4691088655," 2026-09-21 "," 2026-09-21 "
