time,depositor_entity,cum_deposited_eth,cum_validators
2026-08-10 00:00:00,ether.fi,1663520.512025645,51985.016000801406
2024-03-11 00:00:00,Octant,100352,3136
2023-05-01 00:00:00,Gate.io,3264.1311291460006,102.00409778581252
2021-02-22 00:00:00,Blockdaemon,0,0
2021-04-05 00:00:00,Stader,0,0
2024-11-11 00:00:00,Stader,128115.50512510701,4003.609535159594
2026-05-11 00:00:00,Stader,110202.73436620703,3443.83544894397
2025-12-22 00:00:00,Solo Stakers,142717.1526103601,4459.911019073753
2021-08-23 00:00:00,Kiln,0,0
2022-08-29 00:00:00,Kiln,800,25
2023-01-23 00:00:00,Kiln,44672,1396
2025-03-17 00:00:00,DARMA Capital,239424,7482
2025-05-19 00:00:00,DARMA Capital,239424,7482
2024-11-11 00:00:00,imToken,73728,2304
2026-05-25 00:00:00,imToken,56384,1762
2023-01-09 00:00:00,Bitstamp,67968,2124
2024-07-08 00:00:00,Bitstamp,163232,5101
2025-12-01 00:00:00,Bitstamp,209024.17967872,6532.00561496
2022-01-31 00:00:00,Consensys,0,0
2023-05-29 00:00:00,Consensys,0,0
2024-04-15 00:00:00,Consensys,89216,2788
2021-08-09 00:00:00,Unidentified,1693856,52933
2023-07-17 00:00:00,Unidentified,4399511.756936044,137484.7424042514
2023-08-21 00:00:00,Unidentified,4592581.619907052,143518.17562209538
2024-01-15 00:00:00,Unidentified,5149441.338964942,160920.04184265443
2021-05-03 00:00:00,Kraken,685632,21426
2023-12-11 00:00:00,Kraken,828800.8919551391,25900.027873598097
2024-12-30 00:00:00,Kraken,932032.8919551391,29126.027873598097
2025-03-03 00:00:00,Mantle,392896,12278
2024-06-10 00:00:00,Bitcoin Suisse,534583.852291453,16705.745384107908
2026-05-18 00:00:00,Bitcoin Suisse,424439.85229145305,13263.745384107908
2022-11-07 00:00:00,Binance,1099616,34363
2025-09-01 00:00:00,Binance,3219328.4235978676,100604.01323743336
2021-11-08 00:00:00,Revolut,0,0
2022-05-16 00:00:00,Everstake,6400,200
2023-12-04 00:00:00,Everstake,25088,784
2022-02-28 00:00:00,P2P.org,0,0
2023-10-16 00:00:00,P2P.org,195456,6108
2025-03-31 00:00:00,P2P.org,382080.486176491,11940.015193015344
2026-08-24 00:00:00,P2P.org,345827.68617649097,10807.115193015343
2025-05-05 00:00:00,Coinbase,2665314.529188424,83291.07903713825
2026-03-02 00:00:00,Coinbase,1793868.0912936965,56058.37785292802
2022-08-15 00:00:00,Upbit,51104,1597
2023-10-16 00:00:00,stakefish,322592.191879694,10081.005996240438
2024-12-23 00:00:00,stakefish,484832.602691525,15151.018834110157
2026-08-10 00:00:00,stakefish,289421.80452654,9044.431391454375
2025-11-24 00:00:00,CoinSpot,137664,4302
2023-08-07 00:00:00,OKX,445473,13921.03125
2023-08-21 00:00:00,OKX,457345,14292.03125
2025-03-24 00:00:00,OKX,524129.12227662595,16379.03507114456
2021-03-29 00:00:00,Figment,0,0
2023-02-20 00:00:00,Figment,442784,13837
2026-02-16 00:00:00,Figment,1507776.015196235,47118.00047488234
2026-07-13 00:00:00,Figment,1420424.6810099508,44388.27128156096
2021-06-14 00:00:00,Kelp DAO,0,0
2025-04-14 00:00:00,Kelp DAO,128992.500123027,4031.0156288445937
2022-10-17 00:00:00,Stader,0,0
2026-01-05 00:00:00,Bitcoin Suisse,432951.85229145305,13529.745384107908
2026-08-03 00:00:00,Bitcoin Suisse,424279.85229145305,13258.745384107908
2025-04-28 00:00:00,Mantle,363872,11371
2026-04-20 00:00:00,Mantle,204768,6399
2023-04-10 00:00:00,DARMA Capital,326112,10191
2025-12-15 00:00:00,imToken,57056,1783
2024-08-05 00:00:00,Solo Stakers,343625.92854349903,10738.310266984345
2024-08-12 00:00:00,Solo Stakers,343593.92854349903,10737.310266984345
2026-05-25 00:00:00,Solo Stakers,135992.2077558141,4249.756492369191
2021-11-15 00:00:00,Kiln,0,0
2023-07-10 00:00:00,Kiln,570528,17829
2026-04-13 00:00:00,Kiln,719364.974467347,22480.155452104595
2021-12-13 00:00:00,Bitstamp,39584,1237
2022-07-11 00:00:00,Consensys,0,0
2023-07-10 00:00:00,Consensys,0,0
2023-10-02 00:00:00,Consensys,0,0
2023-12-04 00:00:00,Consensys,0,0
2025-04-28 00:00:00,Consensys,120224,3757
2026-04-13 00:00:00,Consensys,100096,3128
2026-08-10 00:00:00,Coinbase,1611218.422988696,50350.57571839675
2024-09-02 00:00:00,Rocket Pool,727414.4020242179,22731.70006325681
2022-08-15 00:00:00,StakeWise,12192,381
2021-07-12 00:00:00,Revolut,0,0
2022-02-14 00:00:00,Revolut,0,0
2022-07-04 00:00:00,Revolut,0,0
2026-04-13 00:00:00,Revolut,99072,3096
2022-09-19 00:00:00,Binance,1038400,32450
2025-11-17 00:00:00,Binance,3309328.4235978676,103416.51323743336
2022-07-25 00:00:00,Liquid Collective,0,0
2025-07-21 00:00:00,Liquid Collective,365696.131566551,11428.004111454718
2021-07-05 00:00:00,Upbit,0,0
2023-03-27 00:00:00,Upbit,114080,3565
2022-11-07 00:00:00,stakefish,280128,8754
2026-06-29 00:00:00,stakefish,295177.80452654,9224.306391454375
2024-11-11 00:00:00,Everstake,569728,17804
2025-01-20 00:00:00,Everstake,618624,19332
2025-06-09 00:00:00,Everstake,645952,20186
2026-01-26 00:00:00,Everstake,708288,22134
2021-08-09 00:00:00,P2P.org,0,0
2023-10-23 00:00:00,P2P.org,195584,6112
2025-10-13 00:00:00,P2P.org,241085.686176491,7533.927693015344
2025-09-15 00:00:00,Octant,100352,3136
2021-08-23 00:00:00,Lido,1036800,32400
2024-12-30 00:00:00,Lido,9631548.831556538,300985.9009861418
2026-06-15 00:00:00,Lido,9017504.4143782,281797.01294931874
2022-03-07 00:00:00,CoinSpot,0,0
2021-09-13 00:00:00,OKX,34337,1073.03125
2025-01-20 00:00:00,OKX,460545.12227662595,14392.03507114456
2025-02-03 00:00:00,Kelp DAO,125920.500123027,3935.0156288445937
2026-04-13 00:00:00,Kelp DAO,149120.500123027,4660.015628844594
2022-01-17 00:00:00,Others,667104,20847
2022-10-24 00:00:00,Others,864160,27005
2024-12-30 00:00:00,Others,1133020.4254161082,35406.88829425338
2024-01-15 00:00:00,Blockdaemon,283712.154437567,8866.004826173968
2024-08-12 00:00:00,Blockdaemon,357856.154437567,11183.004826173968
2021-01-04 00:00:00,Stader,0,0
2021-11-01 00:00:00,Stader,0,0
2025-03-24 00:00:00,Stader,146955.505125107,4592.359535159594
2021-02-22 00:00:00,Mantle,0,0
2022-05-30 00:00:00,Bitcoin Suisse,278176,8693
2024-01-29 00:00:00,DARMA Capital,326112,10191
2022-06-06 00:00:00,imToken,30496,953
2025-03-17 00:00:00,imToken,70336,2198
2026-08-10 00:00:00,imToken,56096,1753
2024-09-02 00:00:00,Solo Stakers,343081.93261915003,10721.310394348438
2025-10-27 00:00:00,Solo Stakers,151294.48115364005,4727.952536051252
2021-11-22 00:00:00,Kiln,32,1
2024-09-16 00:00:00,Kiln,1213120,37910
2024-09-23 00:00:00,Kiln,1241120,38785
2021-05-17 00:00:00,Bitstamp,4256,133
2025-08-04 00:00:00,Bitstamp,216704.168374685,6772.005261708906
2026-05-11 00:00:00,Bitstamp,213088.17967872,6659.00561496
2021-07-12 00:00:00,Consensys,0,0
2022-04-25 00:00:00,Consensys,0,0
2023-04-10 00:00:00,Consensys,0,0
2024-07-01 00:00:00,Consensys,99616,3113
2021-04-19 00:00:00,Kraken,637056,19908
2022-12-05 00:00:00,Kraken,1200736,37523
2023-08-28 00:00:00,Kraken,837344.567514801,26167.017734837533
2026-08-31 00:00:00,Kraken,1646094.975988882,51440.46799965256
2021-10-18 00:00:00,Coinbase,1361344,42542
2022-01-17 00:00:00,Coinbase,1616320,50510
2022-10-10 00:00:00,Unidentified,2459605,76862.65625
2022-10-17 00:00:00,Rocket Pool,289904,9059.5
2024-04-01 00:00:00,Rocket Pool,803925.9490299799,25122.68590718687
2024-08-26 00:00:00,Rocket Pool,727349.4020242179,22729.66881325681
2021-06-07 00:00:00,StakeWise,5408,169
2023-06-12 00:00:00,StakeWise,8864,277
2021-09-20 00:00:00,Revolut,0,0
2022-09-12 00:00:00,Revolut,32,1
2026-09-07 00:00:00,Revolut,115040,3595
2021-09-27 00:00:00,Binance,866304,27072
2022-12-12 00:00:00,Binance,1113792,34806
2024-11-25 00:00:00,Binance,1880896.4235978678,58778.01323743337
2025-09-29 00:00:00,Binance,3309328.4235978676,103416.51323743336
2022-11-28 00:00:00,stakefish,280704,8772
2025-09-08 00:00:00,stakefish,366368.77941778,11449.024356805625
2025-09-01 00:00:00,Everstake,681280,21290
2023-05-29 00:00:00,P2P.org,129408,4044
2024-07-22 00:00:00,P2P.org,396704.152447009,12397.004763969031
2022-09-12 00:00:00,Octant,0,0
2026-04-20 00:00:00,Gate.io,54816.131129146,1713.0040977858125
2024-06-03 00:00:00,Lido,9504284.831556538,297008.9009861418
2026-01-19 00:00:00,Lido,9408958.849865446,294029.9640582952
2021-10-04 00:00:00,CoinSpot,0,0
2023-05-29 00:00:00,CoinSpot,127872,3996
2024-09-09 00:00:00,Figment,842816.015196235,26338.000474882345
2024-09-23 00:00:00,Kelp DAO,154240,4820
2021-08-23 00:00:00,Others,515648,16114
2022-05-23 00:00:00,Others,815424,25482
2023-08-14 00:00:00,Others,1103820.331829525,34494.38536967266
2024-06-10 00:00:00,Blockdaemon,340576.154437567,10643.004826173968
2024-11-11 00:00:00,Blockdaemon,355680.193365339,11115.006042666844
2025-11-03 00:00:00,Blockdaemon,902528.193365339,28204.006042666842
2021-08-23 00:00:00,Stader,0,0
2021-10-18 00:00:00,Stader,0,0
2023-08-14 00:00:00,Stader,14183,443.21875
2024-08-05 00:00:00,Stader,120705.41114374202,3772.044098241938
2021-08-16 00:00:00,Bitcoin Suisse,179872,5621
2023-12-04 00:00:00,DARMA Capital,326112,10191
2025-02-24 00:00:00,DARMA Capital,242656,7583
2023-01-02 00:00:00,imToken,37984,1187
2026-08-03 00:00:00,imToken,56096,1753
2021-05-31 00:00:00,Solo Stakers,155360,4855
2020-11-23 00:00:00,Kiln,0,0
2023-09-11 00:00:00,Kiln,702688,21959
2025-06-16 00:00:00,Kiln,1525126.636447251,47660.207388976596
2020-12-14 00:00:00,Bitstamp,0,0
2025-10-06 00:00:00,Bitstamp,207296.17967872,6478.00561496
2024-01-29 00:00:00,Consensys,40800,1275
2025-06-23 00:00:00,Consensys,118432,3701
2026-04-20 00:00:00,Consensys,100064,3127
2024-09-09 00:00:00,Kraken,882560.8919551391,27580.027873598097
2024-12-23 00:00:00,Unidentified,6999538.500493886,218735.57814043394
2023-01-16 00:00:00,StakeWise,12192,381
2023-03-20 00:00:00,StakeWise,12192,381
2024-04-01 00:00:00,StakeWise,16000.000021536,500.000000673
2023-07-03 00:00:00,Revolut,30176,943
2021-12-27 00:00:00,Liquid Collective,0,0
2023-12-11 00:00:00,Liquid Collective,35616,1113
2024-10-07 00:00:00,Liquid Collective,102016,3188
2022-02-07 00:00:00,Upbit,9696,303
2021-01-18 00:00:00,stakefish,173056,5408
2021-06-14 00:00:00,Everstake,6400,200
2025-01-06 00:00:00,Everstake,618304,19322
2025-04-07 00:00:00,Everstake,657088,20534
2021-05-17 00:00:00,P2P.org,0,0
2024-05-20 00:00:00,P2P.org,390720,12210
2021-06-21 00:00:00,Octant,0,0
2021-09-13 00:00:00,Octant,0,0
2025-09-22 00:00:00,Gate.io,54816.131129146,1713.0040977858125
2023-10-30 00:00:00,Lido,8879525.762196284,277485.18006863387
2025-06-02 00:00:00,Lido,8964796.841869934,280149.9013084354
2025-08-25 00:00:00,Lido,8708636.922204455,272144.90381888923
2023-05-22 00:00:00,CoinSpot,127872,3996
2023-01-30 00:00:00,OKX,71521,2235.03125
2021-04-12 00:00:00,Figment,0,0
2021-06-28 00:00:00,Kelp DAO,0,0
2022-04-18 00:00:00,Kelp DAO,0,0
2024-04-29 00:00:00,Kelp DAO,90208,2819
2022-10-10 00:00:00,Others,841440,26295
2025-11-17 00:00:00,Blockdaemon,905312.193365339,28291.006042666842
2026-02-23 00:00:00,Blockdaemon,1052160.36877426,32880.01152419562
2026-08-17 00:00:00,Blockdaemon,1061280.551941474,33165.01724817106
2022-08-08 00:00:00,Stader,0,0
2025-03-31 00:00:00,Stader,148227.505125107,4632.109535159594
2020-11-16 00:00:00,Kiln,0,0
2022-07-18 00:00:00,Kiln,800,25
2022-12-26 00:00:00,Kiln,33664,1052
2023-02-13 00:00:00,Kiln,57120,1785
2021-01-25 00:00:00,Solo Stakers,128736,4023
2021-12-13 00:00:00,Solo Stakers,279328,8729
2022-01-31 00:00:00,Solo Stakers,290112,9066
2025-07-07 00:00:00,Solo Stakers,160451.577722269,5014.111803820906
2021-03-08 00:00:00,DARMA Capital,0,0
2025-01-20 00:00:00,DARMA Capital,309696,9678
2020-11-02 00:00:00,imToken,0,0
2024-02-05 00:00:00,imToken,60096,1878
2023-07-31 00:00:00,Binance,1383072.17906345,43221.005595732815
2024-04-29 00:00:00,Binance,1073408.4235978678,33544.01323743337
2021-11-08 00:00:00,Bitstamp,38464,1202
2024-05-27 00:00:00,Bitstamp,160768,5024
2020-12-21 00:00:00,Consensys,0,0
2023-01-30 00:00:00,Consensys,0,0
2025-06-16 00:00:00,Kraken,1258337.5760555342,39323.04925173544
2026-07-06 00:00:00,Kraken,1661386.1126756219,51918.31602111318
2022-09-19 00:00:00,Coinbase,2184640,68270
2023-04-10 00:00:00,Rocket Pool,446784.892649136,13962.0278952855
2023-07-31 00:00:00,Rocket Pool,775801.0072059219,24243.78147518506
2023-09-18 00:00:00,Rocket Pool,805124.1449375828,25160.129529299462
2024-02-26 00:00:00,Rocket Pool,831635.6249272048,25988.61327897515
2024-06-17 00:00:00,Rocket Pool,753797.2751585068,23556.164848703338
2025-08-11 00:00:00,Rocket Pool,645710.4342788688,20178.45107121465
2025-10-13 00:00:00,Rocket Pool,621915.6560064128,19434.8642502004
2024-04-29 00:00:00,StakeWise,18848.000021535998,589.0000006729999
2024-07-22 00:00:00,Liquid Collective,88896,2778
2025-10-27 00:00:00,Upbit,384416,12013
2021-05-24 00:00:00,stakefish,218400,6825
2023-03-13 00:00:00,stakefish,281120,8785
2026-09-21 00:00:00,stakefish,285581.80452654,8924.431391454375
2022-04-11 00:00:00,ether.fi,0,0
2023-01-23 00:00:00,Octant,0,0
2022-12-05 00:00:00,P2P.org,0,0
2025-01-13 00:00:00,P2P.org,447616.152447009,13988.004763969031
2024-03-25 00:00:00,Gate.io,42560.131129146,1330.0040977858125
2026-06-22 00:00:00,Gate.io,54816.131129146,1713.0040977858125
2020-11-02 00:00:00,Lido,0,0
2021-09-20 00:00:00,Lido,1274656,39833
2022-03-14 00:00:00,Lido,2667584,83362
2023-06-26 00:00:00,Lido,7530245.522579863,235320.1725806207
2023-10-16 00:00:00,Lido,8824389.762196284,275762.18006863387
2023-05-01 00:00:00,CoinSpot,127904,3997
2023-05-15 00:00:00,CoinSpot,127872,3996
2024-02-12 00:00:00,CoinSpot,137664,4302
2022-10-31 00:00:00,OKX,61601,1925.03125
2023-02-06 00:00:00,OKX,72193,2256.03125
2024-08-26 00:00:00,Figment,844736.015196235,26398.000474882345
2025-05-26 00:00:00,Figment,992736.015196235,31023.000474882345
2021-07-26 00:00:00,Kelp DAO,0,0
2023-05-15 00:00:00,Kelp DAO,0,0
2022-06-06 00:00:00,Others,823552,25736
2026-06-29 00:00:00,Others,441277.0724875339,13789.908515235435
2024-03-25 00:00:00,Blockdaemon,349440.154437567,10920.004826173968
2025-08-11 00:00:00,Stader,158918.66793384202,4966.208372932563
2026-01-19 00:00:00,Stader,144003.73436620703,4500.11669894397
2026-06-22 00:00:00,Solo Stakers,129498.32893162311,4046.822779113222
2023-11-20 00:00:00,Mantle,5376,168
2024-09-09 00:00:00,Mantle,506432,15826
2025-02-03 00:00:00,Bitcoin Suisse,507703.85229145305,15865.745384107908
2025-11-24 00:00:00,Bitcoin Suisse,439479.85229145305,13733.745384107908
2024-01-22 00:00:00,DARMA Capital,326112,10191
2024-09-09 00:00:00,DARMA Capital,326112,10191
2025-01-13 00:00:00,DARMA Capital,309696,9678
2026-04-13 00:00:00,DARMA Capital,174528,5454
2022-06-13 00:00:00,Bitstamp,51104,1597
2024-01-08 00:00:00,Bitstamp,191232,5976
2022-04-11 00:00:00,Consensys,0,0
2026-07-20 00:00:00,Consensys,102048,3189
2022-02-14 00:00:00,Kraken,983872,30746
2022-02-21 00:00:00,Kraken,985984,30812
2025-03-31 00:00:00,Kraken,1111360.891955139,34730.0278735981
2026-04-20 00:00:00,Kraken,1625420.355349756,50794.38610467988
2021-06-07 00:00:00,Kiln,0,0
2021-08-30 00:00:00,Unidentified,1774080,55440
2022-06-27 00:00:00,Unidentified,2130995,66593.59375
2022-08-29 00:00:00,Unidentified,2208179,69005.59375
2022-04-04 00:00:00,Coinbase,1790272,55946
2023-04-24 00:00:00,Coinbase,2870944,89717
2023-05-08 00:00:00,Binance,1244064.17906345,38877.005595732815
2025-12-29 00:00:00,Binance,3409104.4235978676,106534.51323743336
2021-05-31 00:00:00,Rocket Pool,0,0
2026-03-02 00:00:00,Rocket Pool,488253.4595472317,15257.92061085099
2022-01-03 00:00:00,StakeWise,12192,381
2022-03-21 00:00:00,StakeWise,12192,381
2022-04-11 00:00:00,StakeWise,12192,381
2023-10-16 00:00:00,Revolut,39456,1233
2024-06-24 00:00:00,Revolut,47232,1476
2026-03-16 00:00:00,Upbit,546592,17081
2026-06-29 00:00:00,Upbit,636064,19877
2023-11-06 00:00:00,stakefish,341920.346948702,10685.010842146938
2025-04-28 00:00:00,stakefish,420992.77941778,13156.024356805625
2022-07-18 00:00:00,Octant,0,0
2023-02-06 00:00:00,Octant,0,0
2020-11-30 00:00:00,Everstake,6400,200
2026-02-16 00:00:00,Everstake,720096,22503
2026-04-20 00:00:00,Everstake,740064,23127
2025-07-21 00:00:00,P2P.org,365929.586176491,11435.299568015344
2026-05-11 00:00:00,Gate.io,54816.131129146,1713.0040977858125
2021-01-25 00:00:00,Lido,105344,3292
2021-10-11 00:00:00,Lido,1340032,41876
2023-06-05 00:00:00,Lido,7169861.522579863,224058.1725806207
2026-06-29 00:00:00,Lido,9143264.416598193,285727.01301869354
2023-05-01 00:00:00,OKX,276865,8652.03125
2026-06-22 00:00:00,OKX,490489.12227662595,15327.78507114456
2020-11-30 00:00:00,Kelp DAO,0,0
2024-09-30 00:00:00,Kelp DAO,147840,4620
2025-05-05 00:00:00,Kelp DAO,128992.500123027,4031.0156288445937
2026-05-04 00:00:00,Kelp DAO,144320.500123027,4510.015628844594
2022-07-25 00:00:00,Others,826624,25832
2023-07-31 00:00:00,Blockdaemon,367840,11495
2022-07-11 00:00:00,Stader,0,0
2024-07-01 00:00:00,Stader,135847.23264866302,4245.226020270719
2025-02-03 00:00:00,Stader,140502.505125107,4390.703285159594
2021-08-30 00:00:00,DARMA Capital,324544,10142
2024-05-20 00:00:00,DARMA Capital,326112,10191
2022-10-31 00:00:00,imToken,35296,1103
2022-01-10 00:00:00,Mantle,0,0
2024-01-29 00:00:00,Bitcoin Suisse,540791.852291453,16899.745384107908
2025-01-13 00:00:00,Bitcoin Suisse,514711.85229145305,16084.745384107908
2025-04-21 00:00:00,Bitcoin Suisse,504567.85229145305,15767.745384107908
2026-07-06 00:00:00,Bitcoin Suisse,424279.85229145305,13258.745384107908
2026-08-31 00:00:00,Bitcoin Suisse,423671.85229145305,13239.745384107908
2021-07-26 00:00:00,Solo Stakers,231840,7245
2022-09-19 00:00:00,Solo Stakers,357984,11187
2024-01-29 00:00:00,Solo Stakers,404455.31074233894,12639.228460698092
2025-02-24 00:00:00,Solo Stakers,176126.79147708,5503.96223365875
2023-03-13 00:00:00,Consensys,0,0
2026-03-16 00:00:00,Consensys,100096,3128
2024-07-15 00:00:00,Kiln,1158336,36198
2026-08-17 00:00:00,Kiln,781273.26494078,24414.789529399375
2024-05-27 00:00:00,Kraken,838816.8919551391,26213.027873598097
2022-12-05 00:00:00,Coinbase,2475616,77363
2025-09-29 00:00:00,Coinbase,2468964.291949696,77155.134123428
2021-04-26 00:00:00,ether.fi,0,0
2021-10-11 00:00:00,ether.fi,0,0
2021-12-13 00:00:00,ether.fi,0,0
2022-12-19 00:00:00,ether.fi,0,0
2023-07-10 00:00:00,ether.fi,3808.00381196,119.00011912375
2021-03-29 00:00:00,Binance,618304,19322
2022-06-27 00:00:00,Binance,996608,31144
2024-04-01 00:00:00,Binance,1153408.4235978678,36044.01323743337
2023-09-04 00:00:00,Rocket Pool,803876.1348330228,25121.129213531964
2023-12-11 00:00:00,Rocket Pool,826131.2449209649,25816.601403780154
2021-10-04 00:00:00,StakeWise,10528,329
2025-06-30 00:00:00,StakeWise,383872.01485448994,11996.00046420281
2025-10-06 00:00:00,StakeWise,325819.5084355999,10181.859638612497
2024-01-22 00:00:00,Liquid Collective,35456,1108
2024-01-08 00:00:00,Revolut,45952,1436
2026-05-18 00:00:00,Revolut,102432,3201
2025-08-11 00:00:00,Upbit,435648,13614
2023-12-18 00:00:00,stakefish,352032.427226682,11001.013350833813
2025-03-17 00:00:00,stakefish,415232.77941778,12976.024356805625
2021-01-25 00:00:00,Octant,0,0
2021-08-23 00:00:00,Octant,0,0
2026-03-23 00:00:00,Octant,100352,3136
2026-05-25 00:00:00,Octant,100352,3136
2020-12-07 00:00:00,Everstake,6400,200
2023-09-18 00:00:00,Everstake,6496,203
2024-02-26 00:00:00,Everstake,198784,6212
2026-09-21 00:00:00,Everstake,796512,24891
2020-11-30 00:00:00,P2P.org,0,0
2024-06-24 00:00:00,P2P.org,395104.105667061,12347.003302095656
2021-03-22 00:00:00,Gate.io,32000,1000
2025-05-05 00:00:00,Lido,9124444.833996845,285138.9010624014
2022-08-29 00:00:00,CoinSpot,127904,3997
2024-06-24 00:00:00,CoinSpot,137664,4302
2020-12-28 00:00:00,OKX,18945,592.03125
2024-01-01 00:00:00,Figment,1222752,38211
2025-05-05 00:00:00,Figment,976448.015196235,30514.000474882345
2021-11-01 00:00:00,Kelp DAO,0,0
2022-03-28 00:00:00,Kelp DAO,0,0
2022-08-15 00:00:00,Mantle,0,0
2024-01-08 00:00:00,Mantle,253216,7913
2026-05-18 00:00:00,Mantle,164512,5141
2021-09-27 00:00:00,Blockdaemon,0,0
2022-04-25 00:00:00,Stader,0,0
2024-02-05 00:00:00,Stader,118257.031441144,3695.53223253575
2020-11-02 00:00:00,Binance,0,0
2022-06-20 00:00:00,Binance,996608,31144
2024-09-02 00:00:00,Binance,1426336.4235978678,44573.01323743337
2025-08-25 00:00:00,Binance,3159328.4235978676,98729.01323743336
2021-02-15 00:00:00,Bitcoin Suisse,135200,4225
2023-06-05 00:00:00,DARMA Capital,326112,10191
2026-06-15 00:00:00,DARMA Capital,174528,5454
2020-11-30 00:00:00,imToken,0,0
2021-07-12 00:00:00,imToken,9248,289
2023-09-04 00:00:00,imToken,37056,1158
2021-03-15 00:00:00,Kraken,510784,15962
2024-03-25 00:00:00,Kraken,811872.8919551391,25371.027873598097
2023-01-09 00:00:00,Consensys,0,0
2024-08-05 00:00:00,Consensys,102624,3207
2023-01-30 00:00:00,Bitstamp,68352,2136
2020-12-21 00:00:00,Kiln,0,0
2021-05-24 00:00:00,Kiln,0,0
2021-12-27 00:00:00,Solo Stakers,279584,8737
2021-05-31 00:00:00,Liquid Collective,0,0
2021-06-07 00:00:00,Liquid Collective,0,0
2023-06-19 00:00:00,Liquid Collective,2336,73
2023-08-21 00:00:00,Liquid Collective,11328,354
2020-11-23 00:00:00,Unidentified,495808,15494
2023-10-02 00:00:00,Unidentified,4778711.423347654,149334.73197961418
2021-02-22 00:00:00,Coinbase,32,1
2023-02-06 00:00:00,Coinbase,2597568,81174
2023-05-08 00:00:00,Coinbase,2995008.125463902,93594.00392074694
2023-10-02 00:00:00,Coinbase,4214368.766189691,131699.02394342783
2025-02-17 00:00:00,Coinbase,2866338.529188424,89573.07903713825
2026-02-16 00:00:00,Coinbase,1805817.6847006965,56431.802646896766
2021-06-28 00:00:00,Rocket Pool,0,0
2023-05-08 00:00:00,Rocket Pool,572916.180233858,17903.63063230806
2022-02-21 00:00:00,StakeWise,12192,381
2023-10-02 00:00:00,StakeWise,8224,257
2025-02-03 00:00:00,StakeWise,165824.004008038,5182.0001252511875
2025-09-22 00:00:00,StakeWise,319360.01485448994,9980.00046420281
2026-07-20 00:00:00,StakeWise,347261.1286150011,10851.910269218784
2024-10-21 00:00:00,Revolut,55136,1723
2023-05-22 00:00:00,Upbit,186336,5823
2021-03-15 00:00:00,stakefish,211744,6617
2021-05-10 00:00:00,stakefish,217344,6792
2025-10-13 00:00:00,stakefish,360258.77941778,11258.086856805625
2021-10-04 00:00:00,Everstake,6400,200
2022-08-08 00:00:00,Everstake,6400,200
2024-07-15 00:00:00,Everstake,472352,14761
2021-03-29 00:00:00,Octant,0,0
2023-03-13 00:00:00,Octant,0,0
2021-11-15 00:00:00,P2P.org,0,0
2022-02-07 00:00:00,P2P.org,0,0
2024-06-17 00:00:00,P2P.org,400320,12510
2025-01-20 00:00:00,P2P.org,439104.152447009,13722.004763969031
2025-05-26 00:00:00,Gate.io,53824.131129146,1682.0040977858125
2022-10-31 00:00:00,CoinSpot,127904,3997
2026-08-31 00:00:00,CoinSpot,137664,4302
2022-03-07 00:00:00,OKX,41825,1307.03125
2023-01-02 00:00:00,OKX,69441,2170.03125
2026-03-09 00:00:00,OKX,452499.12227662595,14140.59757114456
2026-05-11 00:00:00,OKX,468594.12227662595,14643.56632114456
2024-04-01 00:00:00,Kelp DAO,67552,2111
2024-02-12 00:00:00,Others,1272648.728845324,39770.27277641637
2025-06-30 00:00:00,Others,870649.6199634981,27207.800623859315
2021-05-24 00:00:00,Mantle,0,0
2024-08-26 00:00:00,Mantle,505152,15786
2024-12-30 00:00:00,Mantle,453536,14173
2021-08-02 00:00:00,Blockdaemon,0,0
2022-09-19 00:00:00,Blockdaemon,0,0
2026-07-27 00:00:00,Blockdaemon,1073376.551941474,33543.01724817106
2024-02-12 00:00:00,Stader,128768.031441144,4024.00098253575
2023-06-05 00:00:00,Binance,1364512.17906345,42641.005595732815
2026-06-08 00:00:00,Bitcoin Suisse,424407.85229145305,13262.745384107908
2024-12-30 00:00:00,DARMA Capital,324864,10152
2020-11-16 00:00:00,imToken,0,0
2020-11-23 00:00:00,imToken,0,0
2021-11-22 00:00:00,imToken,15712,491
2025-09-15 00:00:00,imToken,72416,2263
2023-07-31 00:00:00,Kraken,842432.567514801,26326.017734837533
2025-10-13 00:00:00,Kraken,1421218.111468648,44413.06598339525
2025-12-08 00:00:00,Kraken,1445122.111468648,45160.06598339525
2026-08-03 00:00:00,Consensys,101888,3184
2023-04-24 00:00:00,Bitstamp,93280,2915
2023-11-20 00:00:00,Bitstamp,132224,4132
2024-05-27 00:00:00,Kiln,1139456,35608
2025-03-17 00:00:00,Kiln,1403552,43861
2025-12-22 00:00:00,Kiln,609900.46102293,19059.389406966562
2025-04-28 00:00:00,Solo Stakers,162430.866458711,5075.964576834719
2024-03-11 00:00:00,Liquid Collective,66304,2072
2024-06-10 00:00:00,Liquid Collective,87584,2737
2023-12-11 00:00:00,ether.fi,28180.00734596,880.62522956125
2024-12-09 00:00:00,ether.fi,1735551.136376777,54235.97301177428
2025-05-05 00:00:00,ether.fi,1984366.136376777,62011.44176177428
2025-07-21 00:00:00,ether.fi,2420153.317778566,75629.79118058019
2026-04-13 00:00:00,Unidentified,13743785.69806592,429493.30306456
2022-04-18 00:00:00,Coinbase,1810464,56577
2024-07-29 00:00:00,Revolut,49696,1553
2024-12-23 00:00:00,Revolut,47616,1488
2025-03-17 00:00:00,Revolut,59712,1866
2023-09-18 00:00:00,Upbit,277984,8687
2024-10-07 00:00:00,Upbit,463328,14479
2023-02-27 00:00:00,stakefish,281120,8785
2024-02-19 00:00:00,stakefish,403968.427226682,12624.013350833813
2024-02-26 00:00:00,stakefish,405184.427226682,12662.013350833813
2021-05-10 00:00:00,Everstake,6400,200
2021-08-09 00:00:00,Everstake,6400,200
2022-05-30 00:00:00,Everstake,6400,200
2025-10-06 00:00:00,Everstake,701472,21921
2025-12-29 00:00:00,Everstake,693952,21686
2025-12-15 00:00:00,Octant,100352,3136
2021-11-08 00:00:00,P2P.org,0,0
2026-07-06 00:00:00,P2P.org,346003.68617649097,10812.615193015343
2021-10-25 00:00:00,Gate.io,32000,1000
2021-06-28 00:00:00,Lido,573632,17926
2021-12-20 00:00:00,Lido,1579008,49344
2025-02-24 00:00:00,Lido,9380444.831556538,293138.9009861418
2023-11-20 00:00:00,CoinSpot,137664,4302
2024-03-18 00:00:00,OKX,400801.12227662595,12525.03507114456
2021-08-23 00:00:00,Kelp DAO,0,0
2023-06-05 00:00:00,Kelp DAO,0,0
2021-12-27 00:00:00,Others,649568,20299
2023-10-09 00:00:00,Others,1157646.788395777,36176.462137368035
2023-04-17 00:00:00,Blockdaemon,11872,371
2023-09-04 00:00:00,Bitcoin Suisse,536096,16753
2021-08-02 00:00:00,Mantle,0,0
2023-08-21 00:00:00,DARMA Capital,326112,10191
2024-05-13 00:00:00,DARMA Capital,326112,10191
2024-04-29 00:00:00,imToken,61248,1914
2025-02-03 00:00:00,imToken,70144,2192
2021-11-22 00:00:00,Solo Stakers,265312,8291
2025-07-21 00:00:00,Solo Stakers,159387.299397846,4980.853106182688
2026-09-21 00:00:00,Kiln,761081.26494078,23783.789529399375
2022-01-31 00:00:00,Bitstamp,42368,1324
2022-04-18 00:00:00,Bitstamp,45088,1409
2021-03-22 00:00:00,Consensys,0,0
2023-06-05 00:00:00,Consensys,0,0
2026-08-24 00:00:00,Consensys,101440,3170
2020-12-14 00:00:00,Kraken,201472,6296
2021-10-04 00:00:00,Unidentified,1808768,56524
2025-01-27 00:00:00,Unidentified,7122992.820903743,222593.52565324196
2026-01-26 00:00:00,Unidentified,12611341.21978221,394104.4131181941
2026-03-30 00:00:00,Unidentified,13693141.151289292,427910.66097779036
2022-08-01 00:00:00,Coinbase,1967776,61493
2023-07-17 00:00:00,Coinbase,3715552.474665948,116111.01483331088
2025-09-01 00:00:00,Coinbase,2567170.6119496957,80224.08162342799
2022-09-05 00:00:00,ether.fi,0,0
2025-09-22 00:00:00,ether.fi,2097881.317778566,65558.79118058019
2021-03-01 00:00:00,StakeWise,576,18
2022-08-08 00:00:00,StakeWise,12192,381
2024-06-17 00:00:00,StakeWise,27904.000021535998,872.0000006729999
2024-05-20 00:00:00,Binance,1073440.4235978678,33545.01323743337
2024-07-22 00:00:00,Binance,1173344.4235978678,36667.01323743337
2021-08-30 00:00:00,Liquid Collective,0,0
2023-04-24 00:00:00,Liquid Collective,2240,70
2025-09-15 00:00:00,Liquid Collective,363040.131566551,11345.004111454718
2023-08-07 00:00:00,Revolut,33504,1047
2025-06-09 00:00:00,Revolut,67328,2104
2025-07-28 00:00:00,Revolut,66080,2065
2023-11-06 00:00:00,Upbit,303776,9493
2025-04-28 00:00:00,Upbit,511680,15990
2025-11-24 00:00:00,Upbit,362560,11330
2022-04-25 00:00:00,stakefish,277248,8664
2024-07-29 00:00:00,stakefish,466144.427226682,14567.013350833813
2024-05-06 00:00:00,Everstake,352704,11022
2025-05-12 00:00:00,Everstake,651680,20365
2023-07-31 00:00:00,Octant,100000,3125
2022-05-23 00:00:00,P2P.org,0,0
2023-04-24 00:00:00,P2P.org,107616,3363
2021-11-08 00:00:00,Lido,1407232,43976
2026-07-20 00:00:00,Lido,9332129.125026425,291629.0351570758
2020-12-28 00:00:00,CoinSpot,0,0
2022-06-13 00:00:00,CoinSpot,36768,1149
2023-12-11 00:00:00,OKX,580065,18127.03125
2025-07-21 00:00:00,OKX,644001.122276626,20125.03507114456
2020-11-23 00:00:00,Others,73248,2289
2021-01-11 00:00:00,Others,289440,9045
2022-03-21 00:00:00,Others,689664,21552
2024-09-16 00:00:00,Blockdaemon,368128.154437567,11504.004826173968
2026-08-10 00:00:00,Blockdaemon,1066976.551941474,33343.01724817106
2021-09-13 00:00:00,Stader,0,0
2023-06-19 00:00:00,Stader,1678,52.4375
2025-07-07 00:00:00,Mantle,367936,11498
2025-08-18 00:00:00,Bitcoin Suisse,453143.85229145305,14160.745384107908
2022-05-09 00:00:00,DARMA Capital,324544,10142
2024-08-05 00:00:00,DARMA Capital,326112,10191
2021-10-18 00:00:00,Solo Stakers,254848,7964
2024-01-15 00:00:00,Solo Stakers,405447.257234049,12670.22678856403
2025-03-10 00:00:00,Solo Stakers,175038.79147708,5469.96223365875
2025-07-14 00:00:00,Solo Stakers,159703.681437399,4990.740044918719
2022-12-05 00:00:00,Consensys,0,0
2024-04-01 00:00:00,Consensys,92992,2906
2025-12-01 00:00:00,Consensys,102304,3197
2021-01-11 00:00:00,Kiln,0,0
2024-04-15 00:00:00,Kiln,1144480,35765
2021-07-19 00:00:00,Coinbase,1012000,31625
2025-06-02 00:00:00,Coinbase,2617474.529188424,81796.07903713825
2024-08-12 00:00:00,Binance,1235328.4235978678,38604.01323743337
2025-01-06 00:00:00,Binance,2085696.4235978678,65178.01323743337
2025-06-30 00:00:00,Binance,2832192.4235978676,88506.01323743336
2025-08-18 00:00:00,Binance,3059328.4235978676,95604.01323743336
2025-12-22 00:00:00,Binance,3289104.4235978676,102784.51323743336
2022-01-17 00:00:00,Kraken,967584,30237
2020-12-28 00:00:00,Unidentified,987808,30869
2021-07-26 00:00:00,Unidentified,1644896,51403
2022-05-09 00:00:00,Unidentified,2083968,65124
2020-11-02 00:00:00,Liquid Collective,0,0
2021-08-02 00:00:00,Liquid Collective,0,0
2022-01-31 00:00:00,ether.fi,0,0
2022-05-23 00:00:00,ether.fi,0,0
2024-03-04 00:00:00,Rocket Pool,822588.7304762139,25705.897827381683
2022-09-19 00:00:00,StakeWise,12192,381
2023-06-19 00:00:00,StakeWise,8864,277
2023-08-07 00:00:00,StakeWise,8640,270
2024-10-28 00:00:00,StakeWise,51712.004008038,1616.0001252511875
2025-11-03 00:00:00,StakeWise,345869.2819595529,10808.415061236028
2025-10-06 00:00:00,Revolut,61760,1930
2020-12-14 00:00:00,Upbit,0,0
2021-02-01 00:00:00,Upbit,0,0
2025-02-03 00:00:00,Upbit,395456,12358
2021-11-22 00:00:00,Everstake,6400,200
2022-03-14 00:00:00,Everstake,6400,200
2023-12-18 00:00:00,Everstake,24608,769
2022-11-14 00:00:00,stakefish,280288,8759
2024-01-22 00:00:00,stakefish,373632.427226682,11676.013350833813
2021-04-12 00:00:00,Octant,0,0
2023-01-30 00:00:00,Octant,0,0
2023-08-28 00:00:00,Octant,100000,3125
2023-07-10 00:00:00,P2P.org,135136,4223
2021-07-12 00:00:00,Gate.io,32000,1000
2023-12-11 00:00:00,Gate.io,36544.131129146,1142.0040977858125
2024-12-30 00:00:00,Gate.io,53824.131129146,1682.0040977858125
2022-01-03 00:00:00,Lido,1631968,50999
2022-08-29 00:00:00,Lido,4157152,129911
2021-06-28 00:00:00,OKX,31809,994.03125
2022-12-26 00:00:00,OKX,68609,2144.03125
2022-04-18 00:00:00,Figment,190368,5949
2025-11-10 00:00:00,Figment,1564800.015196235,48900.00047488234
2021-09-20 00:00:00,Kelp DAO,0,0
2023-12-04 00:00:00,Kelp DAO,0,0
2025-03-31 00:00:00,Kelp DAO,128992.500123027,4031.0156288445937
2026-08-10 00:00:00,Kelp DAO,143328.500123027,4479.015628844594
2022-04-25 00:00:00,Blockdaemon,0,0
2022-06-06 00:00:00,Solo Stakers,321952,10061
2024-01-15 00:00:00,Mantle,322080,10065
2025-03-31 00:00:00,Bitcoin Suisse,507031.85229145305,15844.745384107908
2025-08-25 00:00:00,Bitcoin Suisse,452695.85229145305,14146.745384107908
2026-04-20 00:00:00,Bitcoin Suisse,424343.85229145305,13260.745384107908
2026-07-27 00:00:00,Bitcoin Suisse,424279.85229145305,13258.745384107908
2021-08-02 00:00:00,Kiln,0,0
2023-04-17 00:00:00,Kiln,111968,3499
2024-05-06 00:00:00,Kiln,1140896,35653
2025-10-06 00:00:00,Kiln,885920.6464472511,27685.020201476596
2024-06-24 00:00:00,Coinbase,4309410.07765931,134669.06492685343
2020-12-07 00:00:00,Rocket Pool,0,0
2025-10-13 00:00:00,StakeWise,330613.6326498559,10331.676020307998
2021-03-22 00:00:00,stakefish,212352,6636
2025-08-18 00:00:00,stakefish,374112.77941778,11691.024356805625
2026-04-06 00:00:00,Upbit,566560,17705
2022-09-19 00:00:00,Revolut,32,1
2022-12-19 00:00:00,Revolut,32,1
2023-07-31 00:00:00,Liquid Collective,3296,103
2023-02-06 00:00:00,P2P.org,0,0
2021-09-13 00:00:00,Everstake,6400,200
2025-06-23 00:00:00,Everstake,654048,20439
2021-09-13 00:00:00,ether.fi,0,0
2022-05-30 00:00:00,ether.fi,0,0
2024-05-20 00:00:00,ether.fi,1221632.00734596,38176.00022956125
2022-10-03 00:00:00,Octant,0,0
2026-09-21 00:00:00,Octant,100352,3136
2023-01-16 00:00:00,imToken,38080,1190
2024-05-13 00:00:00,imToken,60800,1900
2024-09-30 00:00:00,imToken,69888,2184
2025-12-29 00:00:00,imToken,56288,1759
2021-01-04 00:00:00,Kraken,334048,10439
2022-07-18 00:00:00,Kraken,1118752,34961
2023-01-16 00:00:00,Kraken,1215872,37996
2024-09-30 00:00:00,Kraken,898240.8919551391,28070.027873598097
2022-06-06 00:00:00,Lido,4120480,128765
2023-05-22 00:00:00,Lido,6810309.522579863,212822.1725806207
2025-06-23 00:00:00,CoinSpot,137664,4302
2026-04-20 00:00:00,OKX,463447.12227662595,14482.72257114456
2022-08-15 00:00:00,Figment,191680,5990
2024-12-02 00:00:00,Figment,902592.015196235,28206.000474882345
2025-12-22 00:00:00,Figment,1440768.015196235,45024.00047488234
2021-05-24 00:00:00,Others,492576,15393
2024-05-27 00:00:00,Others,2360137.0672403323,73754.28335126038
2024-01-08 00:00:00,Blockdaemon,284768.154437567,8899.004826173968
2026-08-24 00:00:00,Blockdaemon,1052288.551941474,32884.01724817106
2026-08-31 00:00:00,Blockdaemon,1051552.551941474,32861.01724817106
2022-03-21 00:00:00,Stader,0,0
2022-08-29 00:00:00,Stader,0,0
2023-06-05 00:00:00,Stader,128,4
2026-02-02 00:00:00,Stader,138467.73436620703,4327.11669894397
2022-12-05 00:00:00,Mantle,0,0
2023-05-15 00:00:00,Mantle,0,0
2022-03-21 00:00:00,Bitcoin Suisse,256352,8011
2023-11-27 00:00:00,DARMA Capital,326112,10191
2025-02-10 00:00:00,DARMA Capital,242656,7583
2022-08-01 00:00:00,imToken,33216,1038
2023-02-27 00:00:00,imToken,39840,1245
2022-08-15 00:00:00,Solo Stakers,340736,10648
2022-10-10 00:00:00,Solo Stakers,363776,11368
2025-03-31 00:00:00,Solo Stakers,174526.818931671,5453.963091614719
2021-02-08 00:00:00,Kiln,0,0
2022-04-25 00:00:00,Kiln,96,3
2022-10-10 00:00:00,Coinbase,2240992,70031
2023-05-29 00:00:00,Coinbase,3521312.3452344444,110041.01078857639
2024-11-04 00:00:00,Coinbase,3875426.259665963,121107.07061456134
2025-10-13 00:00:00,Coinbase,2545924.415349696,79560.137979678
2022-05-16 00:00:00,Bitstamp,50240,1570
2025-08-11 00:00:00,Bitstamp,213184.168374685,6662.005261708906
2024-01-15 00:00:00,Kraken,874496.8919551391,27328.027873598097
2022-07-25 00:00:00,Binance,1007584,31487
2025-04-21 00:00:00,Binance,2350368.4235978676,73449.01323743336
2021-08-16 00:00:00,Unidentified,1741408,54419
2024-10-14 00:00:00,Unidentified,6720860.53029713,210026.89157178532
2020-11-02 00:00:00,ether.fi,0,0
2021-06-14 00:00:00,ether.fi,0,0
2022-10-24 00:00:00,ether.fi,0,0
2024-04-15 00:00:00,ether.fi,1100332.00734596,34385.37522956125
2026-02-02 00:00:00,ether.fi,2390809.317778566,74712.79118058019
2026-08-24 00:00:00,ether.fi,1666309.292499605,52072.16539061266
2021-04-05 00:00:00,Rocket Pool,0,0
2022-03-14 00:00:00,Rocket Pool,149728,4679
2024-03-25 00:00:00,Rocket Pool,806360.8557704679,25198.77674282712
2026-06-01 00:00:00,StakeWise,330589.23842144705,10330.91370067022
2020-11-23 00:00:00,Revolut,0,0
2021-06-28 00:00:00,Revolut,0,0
2021-07-26 00:00:00,Revolut,0,0
2022-12-05 00:00:00,Upbit,68096,2128
2023-09-04 00:00:00,Upbit,267136,8348
2026-06-29 00:00:00,Octant,100352,3136
2022-12-26 00:00:00,P2P.org,0,0
2025-10-20 00:00:00,P2P.org,247669.686176491,7739.677693015344
2023-02-06 00:00:00,Gate.io,32000,1000
2025-06-23 00:00:00,Gate.io,53824.131129146,1682.0040977858125
2020-12-07 00:00:00,CoinSpot,0,0
2021-03-15 00:00:00,CoinSpot,0,0
2025-05-19 00:00:00,CoinSpot,137664,4302
2023-07-10 00:00:00,OKX,376385,11762.03125
2023-09-11 00:00:00,OKX,491585,15362.03125
2025-06-09 00:00:00,OKX,611073.122276626,19096.03507114456
2022-06-27 00:00:00,Figment,191616,5988
2023-09-04 00:00:00,Figment,1068160,33380
2023-11-20 00:00:00,Figment,1366656,42708
2024-04-15 00:00:00,Figment,826176.015196235,25818.000474882345
2025-01-13 00:00:00,Figment,898752.015196235,28086.000474882345
2020-11-23 00:00:00,Kelp DAO,0,0
2024-12-02 00:00:00,Kelp DAO,131872.011644408,4121.00036388775
2026-07-06 00:00:00,Kelp DAO,143328.500123027,4479.015628844594
2020-11-30 00:00:00,Others,103584,3237
2021-08-16 00:00:00,Others,514816,16088
2024-06-10 00:00:00,Others,2236266.067595744,69883.314612367
2024-09-09 00:00:00,Blockdaemon,366112.154437567,11441.004826173968
2025-10-27 00:00:00,Stader,160261.66793384202,5008.177122932563
2023-04-03 00:00:00,Kiln,80672,2521
2026-07-06 00:00:00,Kiln,747889.40643413,23371.543951066564
2023-02-20 00:00:00,Solo Stakers,393792,12306
2024-12-09 00:00:00,Solo Stakers,337022.033560949,10531.938548779657
2025-12-15 00:00:00,Solo Stakers,145741.91705511708,4554.434907972409
2024-09-30 00:00:00,Mantle,494400,15450
2025-06-30 00:00:00,Mantle,366432,11451
2025-12-08 00:00:00,Mantle,225664,7052
2021-01-11 00:00:00,Bitcoin Suisse,126432,3951
2021-03-29 00:00:00,Bitcoin Suisse,143040,4470
2024-01-01 00:00:00,DARMA Capital,326112,10191
2022-01-10 00:00:00,imToken,16832,526
2022-10-10 00:00:00,imToken,34432,1076
2020-11-23 00:00:00,Binance,0,0
2021-01-11 00:00:00,Binance,288160,9005
2024-03-25 00:00:00,Bitstamp,162304,5072
2025-02-10 00:00:00,Bitstamp,185952,5811
2025-04-14 00:00:00,Bitstamp,210112.168374685,6566.005261708906
2021-01-04 00:00:00,Consensys,0,0
2022-10-24 00:00:00,Consensys,0,0
2025-07-21 00:00:00,Consensys,119392,3731
2024-06-10 00:00:00,Kraken,837408.8919551391,26169.027873598097
2023-05-08 00:00:00,Unidentified,3830922.2828509323,119716.32133909164
2023-12-04 00:00:00,Unidentified,5041817.1573217,157556.78616630312
2025-12-15 00:00:00,Rocket Pool,573459.6265485308,17920.613329641586
2022-04-18 00:00:00,StakeWise,12192,381
2022-06-06 00:00:00,StakeWise,12192,381
2023-10-16 00:00:00,StakeWise,8032,251
2021-02-15 00:00:00,Revolut,0,0
2022-12-05 00:00:00,Revolut,32,1
2024-02-12 00:00:00,Revolut,47456,1483
2024-06-03 00:00:00,Revolut,46560,1455
2024-11-11 00:00:00,Revolut,55648,1739
2026-03-09 00:00:00,Liquid Collective,268704.287525154,8397.008985161063
2022-09-26 00:00:00,Upbit,56736,1773
2023-03-06 00:00:00,Upbit,98016,3063
2025-06-02 00:00:00,Upbit,476800,14900
2026-04-27 00:00:00,Everstake,741152,23161
2022-05-30 00:00:00,stakefish,277408,8669
2025-03-24 00:00:00,stakefish,428544.77941778,13392.024356805625
2025-11-03 00:00:00,stakefish,348194.77941778,10881.086856805625
2021-03-22 00:00:00,ether.fi,0,0
2023-04-17 00:00:00,ether.fi,0,0
2024-12-02 00:00:00,ether.fi,1735191.136376777,54224.72301177428
2022-04-25 00:00:00,Octant,0,0
2022-06-27 00:00:00,P2P.org,0,0
2025-12-01 00:00:00,P2P.org,283255.68617649097,8851.740193015343
2026-04-27 00:00:00,P2P.org,339171.68617649097,10599.115193015343
2024-12-30 00:00:00,CoinSpot,137664,4302
2022-01-31 00:00:00,OKX,38977,1218.03125
2024-02-12 00:00:00,Kelp DAO,8576,268
2024-12-16 00:00:00,Kelp DAO,125472.01164440799,3921.0003638877497
2026-03-09 00:00:00,Kelp DAO,149120.500123027,4660.015628844594
2022-04-18 00:00:00,Stader,0,0
2026-06-15 00:00:00,Blockdaemon,1100320.551941474,34385.01724817106
2026-08-24 00:00:00,Kiln,767161.26494078,23973.789529399375
2022-03-28 00:00:00,Mantle,0,0
2026-09-21 00:00:00,Mantle,194560,6080
2021-03-15 00:00:00,Bitcoin Suisse,140608,4394
2022-04-04 00:00:00,Bitcoin Suisse,257344,8042
2024-06-17 00:00:00,Bitcoin Suisse,529911.852291453,16559.745384107908
2021-04-26 00:00:00,DARMA Capital,0,0
2023-09-11 00:00:00,imToken,37920,1185
2025-03-03 00:00:00,Binance,2166912.4235978676,67716.01323743336
2026-02-02 00:00:00,Binance,3459568.4235978676,108111.51323743336
2020-11-02 00:00:00,Bitstamp,0,0
2021-09-20 00:00:00,Bitstamp,32864,1027
2021-11-22 00:00:00,Bitstamp,38976,1218
2022-08-08 00:00:00,Bitstamp,55584,1737
2023-04-03 00:00:00,Kraken,1247424,38982
2023-05-22 00:00:00,Kraken,799968.567514801,24999.017734837533
2021-11-08 00:00:00,Unidentified,1840768,57524
2023-12-18 00:00:00,Unidentified,5060768.461718288,158149.0144286965
2026-03-02 00:00:00,Unidentified,12962834.007001102,405088.56271878444
2026-05-04 00:00:00,Unidentified,15712699.606884435,491021.8627151386
2022-04-04 00:00:00,StakeWise,12192,381
2024-05-13 00:00:00,StakeWise,19584.000021535998,612.0000006729999
2022-03-07 00:00:00,Revolut,0,0
2021-08-09 00:00:00,Liquid Collective,0,0
2023-03-27 00:00:00,Liquid Collective,2240,70
2025-11-17 00:00:00,Liquid Collective,344512.131566551,10766.004111454718
2026-05-11 00:00:00,Liquid Collective,352096.287525154,11003.008985161063
2024-01-22 00:00:00,Upbit,378080,11815
2021-04-05 00:00:00,Everstake,6400,200
2026-08-03 00:00:00,Everstake,810464,25327
2026-08-17 00:00:00,Everstake,811776,25368
2024-03-18 00:00:00,Octant,100352,3136
2024-05-20 00:00:00,Octant,100352,3136
2022-10-17 00:00:00,P2P.org,0,0
2023-07-03 00:00:00,P2P.org,134400,4200
2023-07-10 00:00:00,Gate.io,36544.131129146,1142.0040977858125
2024-12-23 00:00:00,Gate.io,52608.131129146,1644.0040977858125
2021-04-05 00:00:00,CoinSpot,0,0
2022-11-21 00:00:00,CoinSpot,127904,3997
2023-10-09 00:00:00,CoinSpot,137664,4302
2025-01-27 00:00:00,OKX,458561.12227662595,14330.03507114456
2021-05-24 00:00:00,Figment,0,0
2024-01-29 00:00:00,Figment,893120,27910
2024-03-18 00:00:00,Kelp DAO,37568,1174
2024-04-22 00:00:00,Others,2356081.0672403323,73627.53335126038
2021-11-15 00:00:00,Blockdaemon,0,0
2024-02-12 00:00:00,Blockdaemon,266464.154437567,8327.004826173968
2026-01-05 00:00:00,Blockdaemon,992128.3687742599,31004.011524195623
2026-04-20 00:00:00,Stader,133306.73436620703,4165.83544894397
2021-10-04 00:00:00,Kiln,0,0
2024-07-29 00:00:00,Kiln,1165088,36409
2024-11-18 00:00:00,Kiln,1288000,40250
2025-08-18 00:00:00,Kiln,1688352.646447251,52761.0202014766
2022-09-12 00:00:00,Solo Stakers,356064,11127
2022-11-07 00:00:00,Mantle,0,0
2024-03-04 00:00:00,Mantle,538528,16829
2022-09-12 00:00:00,Bitcoin Suisse,290080,9065
2024-04-29 00:00:00,Bitcoin Suisse,560311.852291453,17509.745384107908
2024-06-10 00:00:00,DARMA Capital,326112,10191
2023-07-10 00:00:00,imToken,34336,1073
2025-02-24 00:00:00,imToken,70464,2202
2023-09-18 00:00:00,Binance,1300064.326563393,40627.01020510603
2026-05-25 00:00:00,Binance,3270992.5594873927,102218.51748398102
2021-04-12 00:00:00,Bitstamp,320,10
2024-10-21 00:00:00,Bitstamp,170336,5323
2023-12-18 00:00:00,Consensys,32,1
2022-01-10 00:00:00,Kraken,957376,29918
2020-11-02 00:00:00,Unidentified,20133,629.15625
2020-12-21 00:00:00,Unidentified,931392,29106
2022-05-02 00:00:00,Unidentified,2080512,65016
2023-06-26 00:00:00,Unidentified,4192930.49281883,131029.07790058844
2023-08-21 00:00:00,Coinbase,4010848.76618969,125339.02394342782
2022-09-12 00:00:00,Rocket Pool,236896,7403
2025-08-25 00:00:00,Rocket Pool,639428.4225612709,19982.138205039715
2022-04-25 00:00:00,Revolut,0,0
2024-09-09 00:00:00,Revolut,53312,1666
2025-04-21 00:00:00,Liquid Collective,122752,3836
2023-01-23 00:00:00,Everstake,6400,200
2024-07-08 00:00:00,Everstake,449216,14038
2026-07-20 00:00:00,stakefish,288429.80452654,9013.431391454375
2023-01-09 00:00:00,ether.fi,0,0
2023-11-13 00:00:00,ether.fi,11840.00381196,370.00011912375
2025-02-03 00:00:00,ether.fi,1809952.136376777,56561.00426177428
2025-05-12 00:00:00,ether.fi,2033979.136376777,63561.84801177428
2025-11-03 00:00:00,ether.fi,2097881.317778566,65558.79118058019
2024-09-09 00:00:00,Octant,100352,3136
2024-10-28 00:00:00,Octant,100352,3136
2026-06-15 00:00:00,Octant,100352,3136
2022-06-13 00:00:00,P2P.org,0,0
2025-06-09 00:00:00,P2P.org,366932.586176491,11466.643318015344
2025-06-23 00:00:00,P2P.org,358903.586176491,11215.737068015344
2023-06-26 00:00:00,Gate.io,36544.131129146,1142.0040977858125
2025-02-10 00:00:00,Gate.io,53824.131129146,1682.0040977858125
2020-12-21 00:00:00,Lido,15392,481
2021-08-02 00:00:00,Lido,733824,22932
2023-12-18 00:00:00,Lido,9050651.990984462,282832.87471826444
2025-02-10 00:00:00,Lido,9383964.831556538,293248.9009861418
2023-01-23 00:00:00,CoinSpot,127904,3997
2023-09-04 00:00:00,CoinSpot,137664,4302
2026-08-03 00:00:00,CoinSpot,137664,4302
2023-09-18 00:00:00,OKX,506433,15826.03125
2025-11-03 00:00:00,Figment,1565664.015196235,48927.00047488234
2025-04-07 00:00:00,Kelp DAO,128992.500123027,4031.0156288445937
2026-08-03 00:00:00,Kelp DAO,143328.500123027,4479.015628844594
2024-04-08 00:00:00,Others,2256753.0571195954,70523.53303498735
2026-01-26 00:00:00,Others,726708.0724875341,22709.627265235442
2020-12-28 00:00:00,Blockdaemon,0,0
2026-08-03 00:00:00,Blockdaemon,1074336.551941474,33573.01724817106
2021-09-20 00:00:00,Stader,0,0
2022-05-02 00:00:00,Stader,0,0
2024-05-13 00:00:00,Stader,130606.04169815601,4081.4388030673754
2024-08-12 00:00:00,Kiln,1183808,36994
2023-02-06 00:00:00,Solo Stakers,393280,12290
2024-11-25 00:00:00,Solo Stakers,338238.033560949,10569.938548779657
2022-01-24 00:00:00,Mantle,0,0
2023-11-13 00:00:00,Mantle,4032,126
2025-02-03 00:00:00,Mantle,470464,14702
2025-10-20 00:00:00,Mantle,247872,7746
2024-11-25 00:00:00,Bitcoin Suisse,536631.852291453,16769.745384107908
2025-01-27 00:00:00,Bitcoin Suisse,507991.85229145305,15874.745384107908
2026-07-13 00:00:00,Bitcoin Suisse,424311.85229145305,13259.745384107908
2021-01-18 00:00:00,DARMA Capital,0,0
2022-08-22 00:00:00,DARMA Capital,324544,10142
2023-02-20 00:00:00,Binance,1159840,36245
2024-10-07 00:00:00,Binance,1666560.4235978678,52080.01323743337
2021-07-19 00:00:00,Bitstamp,14144,442
2022-05-02 00:00:00,Bitstamp,49920,1560
2022-06-20 00:00:00,Bitstamp,51232,1601
2024-05-13 00:00:00,Bitstamp,160992,5031
2022-05-02 00:00:00,Consensys,0,0
2021-10-04 00:00:00,Kraken,883552,27611
2021-11-22 00:00:00,Unidentified,1854496,57953
2021-09-13 00:00:00,Coinbase,1236288,38634
2022-05-23 00:00:00,Rocket Pool,181424,5669.5
2024-10-07 00:00:00,Rocket Pool,705722.1579407759,22053.817435649245
2025-05-19 00:00:00,Rocket Pool,665007.8535637228,20781.495423866338
2022-03-21 00:00:00,Liquid Collective,0,0
2022-05-09 00:00:00,Liquid Collective,0,0
2022-11-21 00:00:00,Liquid Collective,32,1
2024-09-09 00:00:00,Liquid Collective,89440,2795
2023-06-12 00:00:00,Upbit,211392,6606
2023-08-14 00:00:00,Upbit,257984,8062
2022-04-25 00:00:00,Everstake,6400,200
2023-05-01 00:00:00,Everstake,6400,200
2023-05-15 00:00:00,Everstake,6400,200
2023-07-03 00:00:00,Everstake,6400,200
2025-12-01 00:00:00,Everstake,674624,21082
2023-08-07 00:00:00,stakefish,312128.146576356,9754.004580511126
2025-09-15 00:00:00,stakefish,365986.77941778,11437.086856805625
2023-09-25 00:00:00,ether.fi,14336.00381196,448.00011912375
2021-02-15 00:00:00,Octant,0,0
2025-02-17 00:00:00,Octant,100352,3136
2021-09-27 00:00:00,P2P.org,0,0
2022-01-17 00:00:00,P2P.org,0,0
2024-12-30 00:00:00,P2P.org,448032.152447009,14001.004763969031
2021-05-31 00:00:00,Gate.io,32000,1000
2022-08-22 00:00:00,Lido,4153728,129804
2023-08-28 00:00:00,Lido,8532581.762196284,266643.18006863387
2021-02-01 00:00:00,CoinSpot,0,0
2025-02-17 00:00:00,CoinSpot,137664,4302
2025-07-28 00:00:00,CoinSpot,137664,4302
2021-12-13 00:00:00,OKX,38977,1218.03125
2023-04-24 00:00:00,OKX,245025,7657.03125
2026-02-02 00:00:00,OKX,450640.12227662595,14082.50382114456
2022-09-19 00:00:00,Kelp DAO,0,0
2025-06-09 00:00:00,Kelp DAO,128992.500123027,4031.0156288445937
2022-07-04 00:00:00,Others,825952,25811
2026-03-16 00:00:00,Others,701748.0724875341,21929.627265235442
2021-04-19 00:00:00,Blockdaemon,0,0
2023-05-08 00:00:00,Stader,0,0
2024-05-27 00:00:00,Stader,134290.041698156,4196.563803067375
2026-08-10 00:00:00,Stader,87638.73436620703,2738.71044894397
2025-03-03 00:00:00,Solo Stakers,171198.79147708,5349.96223365875
2021-11-01 00:00:00,Mantle,0,0
2024-04-22 00:00:00,Mantle,487648,15239
2022-01-31 00:00:00,Bitcoin Suisse,253280,7915
2022-01-24 00:00:00,DARMA Capital,324544,10142
2023-02-13 00:00:00,DARMA Capital,326112,10191
2023-05-22 00:00:00,DARMA Capital,326112,10191
2026-01-26 00:00:00,DARMA Capital,239424,7482
2026-03-16 00:00:00,DARMA Capital,234528,7329
2023-08-28 00:00:00,imToken,35936,1123
2024-11-18 00:00:00,imToken,73312,2291
2025-11-24 00:00:00,imToken,67872,2121
2026-08-24 00:00:00,imToken,55584,1737
2021-12-13 00:00:00,Binance,894592,27956
2024-02-26 00:00:00,Binance,1219424.41025217,38107.01282038031
2023-04-03 00:00:00,Consensys,0,0
2023-06-26 00:00:00,Consensys,0,0
2024-11-04 00:00:00,Consensys,123168,3849
2024-02-05 00:00:00,Unidentified,5318072.006771899,166189.75021162184
2024-05-27 00:00:00,Unidentified,5598241.356289205,174945.04238403766
2024-09-02 00:00:00,Unidentified,6464279.747593083,202008.74211228386
2025-04-14 00:00:00,Unidentified,7214773.55458123,225461.67358066342
2026-06-22 00:00:00,Unidentified,16288096.15176441,509003.0047426378
2020-12-14 00:00:00,Coinbase,32,1
2025-03-24 00:00:00,Coinbase,2762242.529188424,86320.07903713825
2022-10-31 00:00:00,Rocket Pool,295312,9228.5
2025-05-05 00:00:00,Rocket Pool,656365.8535637228,20511.432923866338
2021-03-29 00:00:00,StakeWise,3008,94
2022-11-14 00:00:00,StakeWise,12192,381
2025-03-31 00:00:00,StakeWise,269504.00400803797,8422.000125251187
2021-09-27 00:00:00,Revolut,0,0
2025-09-29 00:00:00,Revolut,60512,1891
2026-05-11 00:00:00,Revolut,101440,3170
2026-08-17 00:00:00,Revolut,120928,3779
2022-06-27 00:00:00,Liquid Collective,0,0
2025-01-13 00:00:00,Liquid Collective,110304,3447
2024-09-02 00:00:00,Upbit,450336,14073
2022-01-03 00:00:00,Everstake,6400,200
2024-12-16 00:00:00,Everstake,598656,18708
2026-03-09 00:00:00,Everstake,724544,22642
2022-08-01 00:00:00,stakefish,278912,8716
2023-11-13 00:00:00,stakefish,346112.346948702,10816.010842146938
2024-05-06 00:00:00,ether.fi,1192832.00734596,37276.00022956125
2022-11-21 00:00:00,Octant,0,0
2022-11-21 00:00:00,P2P.org,0,0
2022-02-28 00:00:00,Gate.io,32000,1000
2026-08-10 00:00:00,Gate.io,54816.131129146,1713.0040977858125
2024-05-27 00:00:00,Lido,9484412.831556538,296387.9009861418
2021-02-15 00:00:00,CoinSpot,0,0
2021-11-15 00:00:00,CoinSpot,0,0
2020-11-23 00:00:00,OKX,0,0
2021-01-25 00:00:00,OKX,22849,714.03125
2020-12-14 00:00:00,Figment,0,0
2021-06-07 00:00:00,Figment,0,0
2024-07-08 00:00:00,Figment,881440.015196235,27545.000474882345
2024-12-30 00:00:00,Figment,882368.015196235,27574.000474882345
2025-07-28 00:00:00,Kelp DAO,132192.500123027,4131.015628844594
2021-04-26 00:00:00,Others,481120,15035
2026-08-24 00:00:00,Others,433264.0724875339,13539.502265235435
2024-01-29 00:00:00,Blockdaemon,263840.154437567,8245.004826173968
2026-05-11 00:00:00,Blockdaemon,1115616.36877426,34863.01152419562
2022-02-14 00:00:00,Stader,0,0
2021-10-18 00:00:00,Mantle,0,0
2022-07-04 00:00:00,Mantle,0,0
2026-06-01 00:00:00,Mantle,164512,5141
2021-01-25 00:00:00,Bitcoin Suisse,130272,4071
2025-12-08 00:00:00,DARMA Capital,239424,7482
2021-08-02 00:00:00,imToken,10304,322
2023-01-30 00:00:00,imToken,39488,1234
2023-10-30 00:00:00,imToken,44800,1400
2024-07-29 00:00:00,imToken,75264,2352
2025-04-28 00:00:00,imToken,71712,2241
2021-11-29 00:00:00,Binance,894592,27956
2025-09-22 00:00:00,Bitstamp,206368.17967872,6449.00561496
2022-03-14 00:00:00,Consensys,0,0
2022-10-10 00:00:00,Consensys,0,0
2023-01-16 00:00:00,Consensys,0,0
2023-03-20 00:00:00,Consensys,0,0
2024-04-08 00:00:00,Kraken,811232.8919551391,25351.027873598097
2025-02-24 00:00:00,Unidentified,7127792.802322356,222743.52507257363
2023-02-27 00:00:00,Coinbase,2627712,82116
2024-12-09 00:00:00,Rocket Pool,698832.8153957289,21838.52548111653
2023-03-06 00:00:00,StakeWise,12192,381
2023-10-23 00:00:00,Revolut,39904,1247
2024-12-30 00:00:00,Liquid Collective,108480,3390
2022-11-14 00:00:00,Upbit,65440,2045
2025-09-08 00:00:00,Upbit,387200,12100
2024-04-01 00:00:00,Everstake,316512,9891
2025-07-28 00:00:00,Everstake,657760,20555
2020-12-14 00:00:00,stakefish,136832,4276
2021-07-12 00:00:00,stakefish,256640,8020
2021-12-20 00:00:00,stakefish,275168,8599
2022-09-19 00:00:00,stakefish,279104,8722
2024-10-14 00:00:00,stakefish,482272.427226682,15071.013350833813
2020-12-14 00:00:00,ether.fi,0,0
2021-04-05 00:00:00,Octant,0,0
2022-02-21 00:00:00,Octant,0,0
2022-03-21 00:00:00,P2P.org,0,0
2025-07-28 00:00:00,P2P.org,366729.586176491,11460.299568015344
2024-05-13 00:00:00,Gate.io,42560.131129146,1330.0040977858125
2023-09-11 00:00:00,Lido,8643557.762196284,270111.18006863387
2025-06-09 00:00:00,CoinSpot,137664,4302
2021-06-21 00:00:00,OKX,31745,992.03125
2024-12-09 00:00:00,OKX,408897.12227662595,12778.03507114456
2023-03-13 00:00:00,Figment,449376,14043
2024-10-14 00:00:00,Figment,846976.015196235,26468.000474882345
2024-12-16 00:00:00,Figment,885344.015196235,27667.000474882345
2021-06-07 00:00:00,Kelp DAO,0,0
2023-07-03 00:00:00,Kelp DAO,0,0
2023-09-04 00:00:00,Kelp DAO,0,0
2020-11-09 00:00:00,Blockdaemon,0,0
2021-02-15 00:00:00,Blockdaemon,0,0
2022-03-07 00:00:00,Blockdaemon,0,0
2022-08-15 00:00:00,Blockdaemon,0,0
2023-10-09 00:00:00,Blockdaemon,393120,12285
2023-12-11 00:00:00,Blockdaemon,363392,11356
2024-05-20 00:00:00,Blockdaemon,350976.154437567,10968.004826173968
2026-06-22 00:00:00,Stader,109690.73436620703,3427.83544894397
2021-01-18 00:00:00,Kiln,0,0
2023-05-22 00:00:00,Kiln,362016,11313
2026-09-07 00:00:00,Kiln,763673.26494078,23864.789529399375
2021-03-29 00:00:00,Solo Stakers,139872,4371
2022-07-11 00:00:00,Solo Stakers,334208,10444
2022-12-26 00:00:00,Mantle,0,0
2025-12-22 00:00:00,Mantle,89536,2798
2021-10-25 00:00:00,Bitcoin Suisse,212832,6651
2022-05-23 00:00:00,Bitcoin Suisse,271648,8489
2023-04-24 00:00:00,Bitcoin Suisse,442720,13835
2025-10-13 00:00:00,Bitcoin Suisse,450391.85229145305,14074.745384107908
2022-03-14 00:00:00,DARMA Capital,324544,10142
2022-10-24 00:00:00,DARMA Capital,324544,10142
2025-06-16 00:00:00,DARMA Capital,239424,7482
2022-12-19 00:00:00,Binance,1113792,34806
2023-12-25 00:00:00,Binance,1188416.41025217,37138.01282038031
2025-10-13 00:00:00,Binance,3309328.4235978676,103416.51323743336
2020-12-21 00:00:00,Bitstamp,0,0
2024-09-02 00:00:00,Bitstamp,166944,5217
2025-06-02 00:00:00,Bitstamp,210688.168374685,6584.005261708906
2025-07-21 00:00:00,Bitstamp,217472.168374685,6796.005261708906
2022-03-14 00:00:00,Kraken,999968,31249
2023-09-11 00:00:00,Kraken,835360.567514801,26105.017734837533
2021-04-12 00:00:00,Unidentified,1351040,42220
2025-06-02 00:00:00,Unidentified,7239157.763622454,226223.6801132017
2021-02-01 00:00:00,Coinbase,32,1
2021-08-30 00:00:00,Coinbase,1144608,35769
2021-11-01 00:00:00,Coinbase,1407648,43989
2021-12-20 00:00:00,Coinbase,1541184,48162
2023-11-27 00:00:00,Coinbase,4358369.233527793,136199.03854774352
2025-05-26 00:00:00,Coinbase,2606210.529188424,81444.07903713825
2021-07-05 00:00:00,Rocket Pool,0,0
2026-04-20 00:00:00,StakeWise,353013.591940617,11031.674748144282
2022-01-17 00:00:00,Revolut,0,0
2023-03-27 00:00:00,Revolut,20448,639
2025-02-17 00:00:00,Revolut,51744,1617
2026-01-05 00:00:00,Revolut,63872,1996
2022-01-03 00:00:00,Liquid Collective,0,0
2026-04-27 00:00:00,Liquid Collective,351168.287525154,10974.008985161063
2026-06-29 00:00:00,Liquid Collective,318784.287525154,9962.008985161063
2021-09-06 00:00:00,Upbit,0,0
2026-09-14 00:00:00,Upbit,635328,19854
2025-02-17 00:00:00,Everstake,630592,19706
2021-11-01 00:00:00,ether.fi,0,0
2026-02-09 00:00:00,ether.fi,2390810.317778566,74712.82243058019
2021-04-19 00:00:00,Octant,0,0
2023-09-04 00:00:00,P2P.org,139680,4365
2024-05-27 00:00:00,Gate.io,42560.131129146,1330.0040977858125
2021-04-19 00:00:00,CoinSpot,0,0
2022-06-27 00:00:00,CoinSpot,36768,1149
2026-01-05 00:00:00,CoinSpot,137664,4302
2022-11-21 00:00:00,Figment,404800,12650
2021-02-15 00:00:00,Kelp DAO,0,0
2021-10-04 00:00:00,Others,527808,16494
2022-12-12 00:00:00,Others,929408,29044
2022-12-26 00:00:00,Others,933760,29180
2023-05-22 00:00:00,Others,1006890.3765002581,31465.324265633066
2024-11-04 00:00:00,Others,1485196.1942819888,46412.38107131215
2025-08-18 00:00:00,Others,814002.8067509992,25437.587710968724
2022-02-21 00:00:00,Blockdaemon,0,0
2025-06-02 00:00:00,Stader,153918.66793384202,4809.958372932563
2024-01-01 00:00:00,Kiln,946272,29571
2024-10-07 00:00:00,Solo Stakers,340745.93261915003,10648.310394348438
2025-05-19 00:00:00,Bitcoin Suisse,462711.85229145305,14459.745384107908
2024-02-19 00:00:00,DARMA Capital,326112,10191
2022-08-22 00:00:00,imToken,33280,1040
2022-10-24 00:00:00,imToken,35232,1101
2026-03-02 00:00:00,imToken,56928,1779
2025-12-15 00:00:00,Binance,3293360.4235978676,102917.51323743336
2023-05-08 00:00:00,Bitstamp,93408,2919
2026-01-12 00:00:00,Bitstamp,188800.17967872,5900.00561496
2025-02-24 00:00:00,Consensys,110560,3455
2025-04-14 00:00:00,Consensys,120064,3752
2026-01-12 00:00:00,Consensys,104320,3260
2026-05-04 00:00:00,Consensys,100256,3133
2022-10-24 00:00:00,Kraken,1184736,37023
2023-07-10 00:00:00,Kraken,831648.567514801,25989.017734837533
2021-01-04 00:00:00,Unidentified,1036960,32405
2022-11-28 00:00:00,Unidentified,2727669,85239.65625
2023-01-16 00:00:00,Unidentified,2933237,91663.65625
2023-07-10 00:00:00,Unidentified,4283176.028089632,133849.250877801
2025-06-16 00:00:00,Unidentified,7267614.558268201,227112.95494588127
2025-12-29 00:00:00,Unidentified,9917861.771951515,309933.18037348485
2023-06-19 00:00:00,Coinbase,3562688.474665948,111334.01483331088
2025-02-03 00:00:00,Coinbase,2900130.529188424,90629.07903713825
2021-09-20 00:00:00,StakeWise,10336,323
2020-12-28 00:00:00,Revolut,0,0
2023-09-04 00:00:00,Revolut,35808,1119
2025-12-01 00:00:00,Revolut,63648,1989
2026-06-15 00:00:00,Revolut,111232,3476
2024-06-03 00:00:00,Liquid Collective,87520,2735
2022-07-25 00:00:00,Upbit,49120,1535
2024-10-21 00:00:00,Upbit,456864,14277
2024-12-09 00:00:00,Upbit,384224,12007
2026-06-08 00:00:00,Upbit,616032,19251
2021-04-19 00:00:00,Everstake,6400,200
2021-02-01 00:00:00,stakefish,186528,5829
2025-06-09 00:00:00,stakefish,411552.77941778,12861.024356805625
2022-02-07 00:00:00,ether.fi,0,0
2023-02-27 00:00:00,ether.fi,0,0
2022-08-15 00:00:00,P2P.org,0,0
2021-05-31 00:00:00,Lido,451808,14119
2023-07-10 00:00:00,Lido,7738693.658324669,241834.1768226459
2025-06-16 00:00:00,Lido,9146396.841869934,285824.9013084354
2025-08-04 00:00:00,Lido,8871516.909448335,277234.90342026047
2024-05-20 00:00:00,CoinSpot,137664,4302
2026-03-09 00:00:00,CoinSpot,137664,4302
2025-12-15 00:00:00,OKX,542147.122276626,16942.09757114456
2023-06-19 00:00:00,Figment,793216,24788
2026-08-03 00:00:00,Figment,1418984.6810099508,44343.27128156096
2021-02-01 00:00:00,Kelp DAO,0,0
2021-07-12 00:00:00,Kelp DAO,0,0
2022-01-03 00:00:00,Kelp DAO,0,0
2022-03-14 00:00:00,Others,686016,21438
2022-05-16 00:00:00,Others,800192,25006
2024-07-29 00:00:00,Others,1892289.449094887,59134.045284215215
2025-10-20 00:00:00,Others,816424.2671515662,25513.258348486444
2022-06-13 00:00:00,Blockdaemon,0,0
2023-01-23 00:00:00,Blockdaemon,64,2
2022-07-25 00:00:00,Stader,0,0
2024-03-25 00:00:00,Stader,130469.031441144,4077.15723253575
2021-12-06 00:00:00,Kiln,32,1
2023-09-25 00:00:00,Kiln,717984,22437
2025-03-10 00:00:00,Kiln,1389728,43429
2023-09-18 00:00:00,Solo Stakers,410950.79746018397,12842.212420630749
2026-09-07 00:00:00,Mantle,194560,6080
2021-08-23 00:00:00,Bitcoin Suisse,179872,5621
2024-10-07 00:00:00,Bitcoin Suisse,491959.85229145305,15373.745384107908
2025-12-15 00:00:00,Bitcoin Suisse,437271.85229145305,13664.745384107908
2021-10-04 00:00:00,DARMA Capital,324544,10142
2024-09-16 00:00:00,DARMA Capital,326112,10191
2026-03-30 00:00:00,DARMA Capital,174528,5454
2021-10-04 00:00:00,imToken,14528,454
2022-11-28 00:00:00,imToken,36096,1128
2024-09-16 00:00:00,imToken,70656,2208
2026-03-16 00:00:00,imToken,56896,1778
2024-01-08 00:00:00,Binance,1188416.41025217,37138.01282038031
2024-07-15 00:00:00,Bitstamp,163232,5101
2022-11-28 00:00:00,Consensys,0,0
2024-05-27 00:00:00,Consensys,94208,2944
2021-08-16 00:00:00,Kraken,825856,25808
2026-01-26 00:00:00,Kraken,1522082.111468648,47565.06598339525
2026-03-30 00:00:00,Kraken,1591106.111468648,49722.06598339525
2022-06-20 00:00:00,Unidentified,2122067,66314.59375
2022-08-08 00:00:00,Unidentified,2173555,67923.59375
2025-08-04 00:00:00,Unidentified,7490856.513552273,234089.26604850852
2021-05-24 00:00:00,Coinbase,636896,19903
2023-03-13 00:00:00,Coinbase,2668704,83397
2026-04-13 00:00:00,Coinbase,1800189.5784256961,56255.924325803004
2024-01-22 00:00:00,StakeWise,13472,421
2024-12-09 00:00:00,StakeWise,71936.004008038,2248.0001252511875
2026-02-16 00:00:00,StakeWise,365890.63970833,11434.082490885312
2021-10-11 00:00:00,Revolut,0,0
2024-02-12 00:00:00,Liquid Collective,65952,2061
2024-04-01 00:00:00,Liquid Collective,69536,2173
2024-04-15 00:00:00,Liquid Collective,74624,2332
2025-11-10 00:00:00,Upbit,360288,11259
2026-07-27 00:00:00,Upbit,646304,20197
2024-09-23 00:00:00,Everstake,542720,16960
2025-09-29 00:00:00,Everstake,688736,21523
2024-01-29 00:00:00,Octant,100352,3136
2024-08-26 00:00:00,Octant,100352,3136
2024-09-09 00:00:00,P2P.org,440064.152447009,13752.004763969031
2023-01-16 00:00:00,Gate.io,32000,1000
2026-03-02 00:00:00,Gate.io,54816.131129146,1713.0040977858125
2025-09-22 00:00:00,Lido,8493820.922204455,265431.90381888923
2026-06-22 00:00:00,Lido,9074688.416598193,283584.01301869354
2022-12-05 00:00:00,CoinSpot,127904,3997
2023-08-21 00:00:00,CoinSpot,137664,4302
2023-12-11 00:00:00,CoinSpot,137664,4302
2024-07-22 00:00:00,CoinSpot,137664,4302
2022-09-19 00:00:00,Figment,256160,8005
2023-10-09 00:00:00,Figment,1344256,42008
2024-10-28 00:00:00,Figment,844768.015196235,26399.000474882345
2020-11-16 00:00:00,Others,27008,844
2021-12-06 00:00:00,Others,596064,18627
2022-03-28 00:00:00,Others,692992,21656
2023-10-30 00:00:00,Others,1189070.788395777,37158.462137368035
2025-01-20 00:00:00,Others,1075840.425416108,33620.013294253375
2022-11-21 00:00:00,Blockdaemon,32,1
2020-12-07 00:00:00,Stader,0,0
2021-02-08 00:00:00,Stader,0,0
2021-07-19 00:00:00,Stader,0,0
2022-07-04 00:00:00,Kiln,800,25
2023-07-24 00:00:00,Kiln,615392,19231
2021-01-11 00:00:00,Solo Stakers,119936,3748
2025-03-17 00:00:00,Solo Stakers,174910.79147708,5465.96223365875
2022-02-07 00:00:00,Mantle,0,0
2024-12-02 00:00:00,Mantle,461824,14432
2026-03-30 00:00:00,Mantle,224384,7012
2022-07-11 00:00:00,Bitcoin Suisse,288096,9003
2020-11-16 00:00:00,DARMA Capital,0,0
2022-05-16 00:00:00,DARMA Capital,324544,10142
2024-11-18 00:00:00,DARMA Capital,324864,10152
2021-01-04 00:00:00,imToken,0,0
2023-04-03 00:00:00,imToken,40160,1255
2023-10-16 00:00:00,Bitstamp,70528,2204
2025-03-31 00:00:00,Bitstamp,206912,6466
2021-04-26 00:00:00,Kraken,671200,20975
2025-01-06 00:00:00,Kraken,935968.8919551391,29249.027873598097
2026-03-16 00:00:00,Kraken,1592514.111468648,49766.06598339525
2022-08-22 00:00:00,Unidentified,2196755,68648.59375
2023-03-20 00:00:00,Unidentified,3146581,98330.65625
2023-04-03 00:00:00,Unidentified,3245909,101434.65625
2025-02-10 00:00:00,Unidentified,7089900.977505475,221559.4055470461
2022-02-21 00:00:00,Coinbase,1691744,52867
2024-10-14 00:00:00,Coinbase,3939266.259665963,123102.07061456134
2024-10-21 00:00:00,StakeWise,51488.004008038,1609.0001252511875
2020-11-09 00:00:00,Revolut,0,0
2025-04-21 00:00:00,Revolut,66880,2090
2025-11-17 00:00:00,Revolut,64256,2008
2026-03-09 00:00:00,Revolut,94144,2942
2024-07-22 00:00:00,Everstake,496704,15522
2023-06-19 00:00:00,stakefish,289216,9038
2020-12-28 00:00:00,Octant,0,0
2024-02-12 00:00:00,Octant,100352,3136
2025-05-26 00:00:00,Octant,100352,3136
2021-04-05 00:00:00,P2P.org,0,0
2022-09-26 00:00:00,Gate.io,32000,1000
2024-10-21 00:00:00,Gate.io,52576.131129146,1643.0040977858125
2022-06-20 00:00:00,Lido,4125568,128924
2024-03-25 00:00:00,Lido,9685979.990984462,302686.87471826444
2022-01-03 00:00:00,CoinSpot,0,0
2024-07-08 00:00:00,CoinSpot,137664,4302
2025-04-07 00:00:00,CoinSpot,137664,4302
2026-02-23 00:00:00,CoinSpot,137664,4302
2022-09-12 00:00:00,OKX,55649,1739.03125
2022-08-01 00:00:00,Figment,191616,5988
2022-10-03 00:00:00,Figment,261088,8159
2023-05-01 00:00:00,Figment,453664,14177
2026-01-05 00:00:00,Kelp DAO,164128.500123027,5129.015628844594
2024-08-12 00:00:00,Others,1768072.7466247466,55252.27333202333
2024-12-16 00:00:00,Blockdaemon,355168.193365339,11099.006042666844
2023-10-02 00:00:00,Stader,21523.031441144,672.59473253575
2021-02-22 00:00:00,Kiln,0,0
2021-07-05 00:00:00,Solo Stakers,227776,7118
2024-01-08 00:00:00,Solo Stakers,406695.253944914,12709.226685778562
2024-06-17 00:00:00,Solo Stakers,345097.425031833,10784.294532244781
2026-07-27 00:00:00,Solo Stakers,128062.4204056401,4001.9506376762533
2023-04-17 00:00:00,Mantle,0,0
2023-06-19 00:00:00,Mantle,0,0
2023-11-20 00:00:00,Bitcoin Suisse,567808,17744
2024-12-09 00:00:00,Bitcoin Suisse,508791.85229145305,15899.745384107908
2025-07-07 00:00:00,Bitcoin Suisse,465047.85229145305,14532.745384107908
2021-12-06 00:00:00,DARMA Capital,324544,10142
2023-10-30 00:00:00,DARMA Capital,326112,10191
2025-07-07 00:00:00,Binance,2944160.4235978676,92005.01323743336
2023-03-20 00:00:00,Bitstamp,91680,2865
2023-06-26 00:00:00,Bitstamp,78752,2461
2023-08-28 00:00:00,Bitstamp,85504,2672
2024-11-18 00:00:00,Consensys,117792,3681
2021-03-08 00:00:00,Kraken,499648,15614
2022-05-16 00:00:00,Kraken,1074656,33583
2023-07-24 00:00:00,Kraken,837632.567514801,26176.017734837533
2024-07-29 00:00:00,Kraken,861408.8919551391,26919.027873598097
2025-04-28 00:00:00,Kraken,1188161.2252946252,37130.038290457036
2025-08-04 00:00:00,Kraken,1341378.1055425832,41918.065798205724
2023-10-09 00:00:00,Coinbase,4286784.766189691,133962.02394342783
2021-12-27 00:00:00,StakeWise,12192,381
2022-07-25 00:00:00,StakeWise,12192,381
2022-10-17 00:00:00,Revolut,32,1
2023-12-11 00:00:00,Revolut,43808,1369
2020-12-28 00:00:00,Liquid Collective,0,0
2021-10-11 00:00:00,Liquid Collective,0,0
2022-01-17 00:00:00,Liquid Collective,0,0
2022-12-05 00:00:00,Liquid Collective,32,1
2026-08-17 00:00:00,Liquid Collective,319392.287525154,9981.008985161063
2020-12-07 00:00:00,Upbit,0,0
2021-03-15 00:00:00,Upbit,0,0
2021-06-07 00:00:00,Everstake,6400,200
2022-06-27 00:00:00,Everstake,6400,200
2026-02-23 00:00:00,Everstake,721216,22538
2021-10-18 00:00:00,stakefish,258592,8081
2024-08-26 00:00:00,stakefish,476032.427226682,14876.013350833813
2021-10-18 00:00:00,ether.fi,0,0
2021-12-20 00:00:00,ether.fi,0,0
2025-12-22 00:00:00,ether.fi,2198521.317778566,68703.79118058019
2021-07-26 00:00:00,Octant,0,0
2023-05-01 00:00:00,Octant,0,0
2025-06-09 00:00:00,Octant,100352,3136
2025-11-17 00:00:00,Octant,100352,3136
2026-02-23 00:00:00,Octant,100352,3136
2024-09-23 00:00:00,P2P.org,453088.152447009,14159.004763969031
2025-09-29 00:00:00,P2P.org,221673.686176491,6927.302693015344
2025-11-17 00:00:00,P2P.org,281956.68617649097,8811.146443015343
2021-06-14 00:00:00,Gate.io,32000,1000
2021-07-19 00:00:00,Gate.io,32000,1000
2024-07-15 00:00:00,Gate.io,52576.131129146,1643.0040977858125
2024-07-15 00:00:00,Lido,9778780.831556538,305586.9009861418
2022-04-25 00:00:00,CoinSpot,0,0
2026-06-15 00:00:00,CoinSpot,137664,4302
2021-03-29 00:00:00,OKX,27009,844.03125
2023-07-17 00:00:00,OKX,398945,12467.03125
2021-07-12 00:00:00,Figment,0,0
2023-08-21 00:00:00,Kelp DAO,0,0
2023-07-24 00:00:00,Others,1099947.696743329,34373.36552322903
2024-02-19 00:00:00,Others,1321147.7288453237,41285.866526416365
2025-06-16 00:00:00,Others,866477.5927439252,27077.42477324766
2026-09-07 00:00:00,Others,402544.0724875339,12579.502265235435
2023-03-06 00:00:00,Stader,0,0
2023-10-16 00:00:00,Stader,22817.031441144,713.03223253575
2021-07-26 00:00:00,Blockdaemon,0,0
2022-10-03 00:00:00,Blockdaemon,0,0
2021-03-08 00:00:00,Kiln,0,0
2022-10-24 00:00:00,Kiln,832,26
2025-01-20 00:00:00,Kiln,1310208,40944
2026-01-26 00:00:00,Kiln,651908.5776694281,20372.143052169627
2024-04-29 00:00:00,Solo Stakers,350377.40919432,10949.2940373225
2020-11-30 00:00:00,Mantle,0,0
2021-01-18 00:00:00,Mantle,0,0
2025-05-12 00:00:00,Mantle,359264,11227
2023-09-18 00:00:00,Bitcoin Suisse,542176,16943
2026-08-24 00:00:00,DARMA Capital,174528,5454
2024-11-04 00:00:00,imToken,76256,2383
2025-10-06 00:00:00,imToken,75072,2346
2021-07-05 00:00:00,Binance,714304,22322
2023-02-06 00:00:00,Binance,1138560,35580
2024-04-15 00:00:00,Binance,1073408.4235978678,33544.01323743337
2025-03-17 00:00:00,Binance,2207168.4235978676,68974.01323743336
2025-05-05 00:00:00,Binance,2423968.4235978676,75749.01323743336
2020-11-02 00:00:00,Consensys,0,0
2025-09-22 00:00:00,Consensys,97056,3033
2025-11-24 00:00:00,Consensys,102368,3199
2021-02-22 00:00:00,Kraken,463136,14473
2025-08-18 00:00:00,Kraken,1361890.1055425832,42559.065798205724
2022-01-10 00:00:00,Unidentified,1911200,59725
2025-11-24 00:00:00,Unidentified,9613563.457710171,300423.85805344285
2023-01-09 00:00:00,Coinbase,2547040,79595
2024-03-18 00:00:00,Coinbase,4536929.387339817,141779.0433543693
2020-11-23 00:00:00,Rocket Pool,0,0
2022-07-11 00:00:00,Rocket Pool,199728,6241.5
2023-06-12 00:00:00,Rocket Pool,731169.6778677339,22849.052433366684
2025-07-07 00:00:00,Rocket Pool,659464.2595915959,20608.25811223737
2026-05-25 00:00:00,Rocket Pool,465599.08532716066,14549.97141647377
2026-07-13 00:00:00,Rocket Pool,454911.36758502066,14215.980237031896
2020-12-07 00:00:00,StakeWise,0,0
2023-01-02 00:00:00,StakeWise,12192,381
2023-04-24 00:00:00,StakeWise,12192,381
2025-09-08 00:00:00,StakeWise,308256.01485448994,9633.00046420281
2025-10-27 00:00:00,StakeWise,338444.1554165599,10576.379856767497
2021-08-09 00:00:00,Revolut,0,0
2022-08-15 00:00:00,Revolut,0,0
2023-01-23 00:00:00,Liquid Collective,32,1
2025-02-17 00:00:00,Liquid Collective,108736,3398
2022-02-28 00:00:00,Upbit,18656,583
2020-11-09 00:00:00,Everstake,320,10
2023-09-04 00:00:00,Everstake,6400,200
2024-06-24 00:00:00,stakefish,468064.427226682,14627.013350833813
2025-09-01 00:00:00,stakefish,369760.77941778,11555.024356805625
2022-11-07 00:00:00,ether.fi,0,0
2024-01-15 00:00:00,ether.fi,117458.00734596,3670.56272956125
2025-09-01 00:00:00,ether.fi,2224761.317778566,69523.79118058019
2023-12-11 00:00:00,Octant,100000,3125
2026-03-09 00:00:00,Octant,100352,3136
2020-12-28 00:00:00,P2P.org,0,0
2021-06-07 00:00:00,P2P.org,0,0
2022-05-02 00:00:00,Gate.io,32000,1000
2023-05-08 00:00:00,Gate.io,3264.1311291460006,102.00409778581252
2023-10-16 00:00:00,Gate.io,36544.131129146,1142.0040977858125
2021-06-14 00:00:00,Lido,523456,16358
2024-04-08 00:00:00,Lido,9381851.990984462,293182.87471826444
2023-02-20 00:00:00,OKX,119009,3719.03125
2024-10-07 00:00:00,OKX,487233.12227662595,15226.03507114456
2021-09-13 00:00:00,Figment,0,0
2023-08-07 00:00:00,Figment,1017440,31795
2025-09-15 00:00:00,Figment,1451328.015196235,45354.00047488234
2021-04-19 00:00:00,Kelp DAO,0,0
2024-03-18 00:00:00,Blockdaemon,308704.154437567,9647.004826173968
2024-12-30 00:00:00,Blockdaemon,354464.193365339,11077.006042666844
2024-09-02 00:00:00,Stader,126102.50512510703,3940.7032851595945
2020-11-30 00:00:00,Kiln,0,0
2022-12-12 00:00:00,Kiln,27904,872
2024-02-19 00:00:00,Kiln,1077152,33661
2025-01-27 00:00:00,Solo Stakers,178334.65504815502,5572.957970254844
2026-07-13 00:00:00,Solo Stakers,128986.4204056401,4030.8256376762533
2024-04-08 00:00:00,DARMA Capital,326112,10191
2025-01-06 00:00:00,DARMA Capital,322496,10078
2026-07-06 00:00:00,DARMA Capital,174528,5454
2023-04-10 00:00:00,Binance,1159840,36245
2026-03-23 00:00:00,Binance,3331728.4235978676,104116.51323743336
2023-12-18 00:00:00,Bitstamp,190176,5943
2026-08-10 00:00:00,Bitstamp,217152.17967872,6786.00561496
2026-06-22 00:00:00,Consensys,99200,3100
2024-11-18 00:00:00,Kraken,967712.8919551391,30241.027873598097
2021-06-14 00:00:00,Unidentified,1571584,49112
2023-01-30 00:00:00,Unidentified,3000501,93765.65625
2024-09-16 00:00:00,Unidentified,6503226.176130153,203225.8180040673
2026-01-12 00:00:00,Unidentified,11262249.526379189,351945.29769934964
2021-03-22 00:00:00,Coinbase,224,7
2024-01-15 00:00:00,Coinbase,4491553.387339817,140361.0433543693
2025-11-03 00:00:00,Coinbase,2366657.415349696,73958.044229678
2021-03-15 00:00:00,Rocket Pool,0,0
2023-01-02 00:00:00,Rocket Pool,345584,10799.5
2026-03-23 00:00:00,Rocket Pool,485853.5242329297,15182.922632279053
2026-04-06 00:00:00,Rocket Pool,479805.6456090417,14993.926425282552
2026-06-08 00:00:00,StakeWise,329529.72024556604,10297.803757673939
2021-03-01 00:00:00,Revolut,0,0
2021-04-19 00:00:00,Revolut,0,0
2022-01-03 00:00:00,Revolut,0,0
2022-05-09 00:00:00,Revolut,0,0
2021-05-17 00:00:00,Upbit,0,0
2022-06-06 00:00:00,Upbit,44224,1382
2024-02-12 00:00:00,Everstake,82496,2578
2023-01-09 00:00:00,stakefish,280928,8779
2025-04-07 00:00:00,stakefish,427744.77941778,13367.024356805625
2025-12-22 00:00:00,stakefish,290850.77941778,9089.086856805625
2023-11-27 00:00:00,ether.fi,17980.00734596,561.87522956125
2024-12-16 00:00:00,Octant,100352,3136
2024-12-30 00:00:00,Octant,100352,3136
2022-08-29 00:00:00,P2P.org,0,0
2021-04-12 00:00:00,Gate.io,32000,1000
2023-03-20 00:00:00,Gate.io,32000,1000
2023-08-28 00:00:00,Gate.io,36544.131129146,1142.0040977858125
2023-12-18 00:00:00,Gate.io,36544.131129146,1142.0040977858125
2021-11-22 00:00:00,Lido,1474176,46068
2022-05-02 00:00:00,Lido,4004768,125149
2022-10-10 00:00:00,Lido,4274656,133583
2025-04-14 00:00:00,Lido,9268988.833994765,289655.9010623364
2021-06-07 00:00:00,CoinSpot,0,0
2021-04-05 00:00:00,Figment,0,0
2022-04-25 00:00:00,Kelp DAO,0,0
2024-07-08 00:00:00,Kelp DAO,157408,4919
2026-06-15 00:00:00,Kelp DAO,143328.500123027,4479.015628844594
2024-01-01 00:00:00,Others,1163750.24981956,36367.19530686125
2026-07-06 00:00:00,Others,441277.0724875339,13789.908515235435
2023-01-02 00:00:00,Stader,0,0
2023-01-16 00:00:00,Stader,0,0
2024-07-15 00:00:00,Stader,120392.23264866302,3762.2572702707193
2024-10-28 00:00:00,Blockdaemon,353984.193365339,11062.006042666844
2025-07-28 00:00:00,Blockdaemon,616480.193365339,19265.006042666842
2025-10-20 00:00:00,Kiln,440000.6464472511,13750.020201476596
2021-08-23 00:00:00,Solo Stakers,244992,7656
2022-10-31 00:00:00,Solo Stakers,367040,11470
2023-11-20 00:00:00,Solo Stakers,410087.131071606,12815.222845987688
2025-08-25 00:00:00,Solo Stakers,156485.515029992,4890.17234468725
2025-10-13 00:00:00,Solo Stakers,151733.03115364004,4741.657223551251
2021-03-22 00:00:00,Mantle,0,0
2021-08-30 00:00:00,Mantle,0,0
2022-10-31 00:00:00,Bitcoin Suisse,295040,9220
2022-12-12 00:00:00,DARMA Capital,326112,10191
2025-08-04 00:00:00,imToken,70208,2194
2022-01-31 00:00:00,Binance,922720,28835
2022-01-10 00:00:00,Consensys,0,0
2024-04-08 00:00:00,Consensys,93952,2936
2026-07-06 00:00:00,Consensys,101792,3181
2024-07-08 00:00:00,Coinbase,4299298.07765931,134353.06492685343
2024-11-25 00:00:00,Rocket Pool,711721.8053769289,22241.306418029028
2024-12-23 00:00:00,StakeWise,108032.004008038,3376.0001252511875
2021-04-19 00:00:00,Liquid Collective,0,0
2022-03-07 00:00:00,Liquid Collective,0,0
2023-09-04 00:00:00,Liquid Collective,19072,596
2021-12-27 00:00:00,Upbit,0,0
2022-08-08 00:00:00,Upbit,50592,1581
2024-08-19 00:00:00,Upbit,443744,13867
2020-12-28 00:00:00,Everstake,6400,200
2022-06-13 00:00:00,Everstake,6400,200
2026-05-11 00:00:00,Everstake,763552,23861
2022-01-03 00:00:00,Octant,0,0
2023-05-15 00:00:00,Octant,0,0
2026-01-05 00:00:00,Octant,100352,3136
2020-11-09 00:00:00,P2P.org,0,0
2024-11-11 00:00:00,P2P.org,452480.152447009,14140.004763969031
2020-11-02 00:00:00,Gate.io,0,0
2022-06-20 00:00:00,Gate.io,32000,1000
2022-10-10 00:00:00,Gate.io,32000,1000
2025-04-14 00:00:00,Gate.io,53824.131129146,1682.0040977858125
2025-08-04 00:00:00,Gate.io,54816.131129146,1713.0040977858125
2025-10-06 00:00:00,Lido,8487292.922204455,265227.90381888923
2026-05-04 00:00:00,Lido,8755968.172541799,273624.0053919312
2024-12-16 00:00:00,CoinSpot,137664,4302
2025-03-17 00:00:00,OKX,509537.12227662595,15923.03507114456
2023-08-21 00:00:00,Figment,1036800,32400
2025-09-01 00:00:00,Figment,1510944.015196235,47217.00047488234
2022-02-21 00:00:00,Kelp DAO,0,0
2022-11-21 00:00:00,Kelp DAO,0,0
2024-01-29 00:00:00,Kelp DAO,0,0
2024-10-14 00:00:00,Kelp DAO,147840,4620
2026-02-23 00:00:00,Kelp DAO,149120.500123027,4660.015628844594
2021-06-28 00:00:00,Others,502560,15705
2020-12-21 00:00:00,Stader,0,0
2021-12-27 00:00:00,Stader,0,0
2022-02-28 00:00:00,Stader,0,0
2025-02-10 00:00:00,Stader,140500.505125107,4390.640785159594
2022-01-03 00:00:00,Blockdaemon,0,0
2022-12-05 00:00:00,Blockdaemon,32,1
2026-03-09 00:00:00,Blockdaemon,1056480.36877426,33015.01152419562
2023-10-30 00:00:00,Kiln,789664,24677
2025-12-08 00:00:00,Kiln,591245.248010005,18476.414000312656
2021-10-25 00:00:00,Solo Stakers,255872,7996
2026-02-02 00:00:00,Solo Stakers,140048.0504286381,4376.50157589494
2022-09-05 00:00:00,Mantle,0,0
2023-02-13 00:00:00,Mantle,0,0
2023-11-27 00:00:00,Mantle,42880,1340
2025-09-22 00:00:00,imToken,72832,2276
2021-05-31 00:00:00,Bitstamp,5856,183
2022-09-26 00:00:00,Bitstamp,65504,2047
2026-06-22 00:00:00,Bitstamp,215776.17967872,6743.00561496
2024-06-10 00:00:00,Consensys,94656,2958
2025-02-10 00:00:00,Consensys,108480,3390
2024-12-16 00:00:00,Coinbase,3515458.529188424,109858.07903713825
2025-04-07 00:00:00,Coinbase,2775394.529188424,86731.07903713825
2026-02-09 00:00:00,Coinbase,1813870.9177466964,56683.46617958426
2021-05-17 00:00:00,Rocket Pool,0,0
2021-08-23 00:00:00,Rocket Pool,0,0
2024-04-29 00:00:00,Rocket Pool,784506.7420345698,24515.835688580308
2022-02-14 00:00:00,StakeWise,12192,381
2022-06-13 00:00:00,Revolut,0,0
2023-01-23 00:00:00,Revolut,288,9
2023-05-15 00:00:00,Liquid Collective,2240,70
2026-06-15 00:00:00,Liquid Collective,348320.287525154,10885.008985161063
2021-02-15 00:00:00,Everstake,6400,200
2022-03-07 00:00:00,Everstake,6400,200
2021-11-01 00:00:00,stakefish,261888,8184
2023-08-21 00:00:00,stakefish,305888.146576356,9559.004580511126
2023-11-27 00:00:00,stakefish,351040.427226682,10970.013350833813
2023-08-07 00:00:00,ether.fi,11168.00381196,349.00011912375
2025-03-24 00:00:00,ether.fi,1992500.136376777,62265.62926177428
2025-05-26 00:00:00,ether.fi,2184808.1363767767,68275.25426177427
2021-11-15 00:00:00,Octant,0,0
2022-06-13 00:00:00,Octant,0,0
2023-05-01 00:00:00,P2P.org,110624,3457
2026-02-23 00:00:00,P2P.org,340772.68617649097,10649.146443015343
2021-09-20 00:00:00,Gate.io,32000,1000
2021-11-22 00:00:00,Gate.io,32000,1000
2025-06-02 00:00:00,Gate.io,53824.131129146,1682.0040977858125
2025-07-21 00:00:00,Gate.io,53824.131129146,1682.0040977858125
2023-03-20 00:00:00,Lido,5618592,175581
2024-09-16 00:00:00,Lido,9739164.831556538,304348.9009861418
2026-08-10 00:00:00,Lido,9436129.125690438,294879.0351778262
2024-01-29 00:00:00,CoinSpot,137664,4302
2026-04-27 00:00:00,CoinSpot,137664,4302
2021-01-11 00:00:00,OKX,21569,674.03125
2021-08-23 00:00:00,OKX,33217,1038.03125
2022-04-04 00:00:00,OKX,43745,1367.03125
2022-07-11 00:00:00,OKX,50945,1592.03125
2024-01-08 00:00:00,OKX,576641,18020.03125
2024-11-25 00:00:00,OKX,467489.12227662595,14609.03507114456
2025-10-13 00:00:00,OKX,570672.122276626,17833.50382114456
2021-04-05 00:00:00,Kelp DAO,0,0
2023-03-13 00:00:00,Kelp DAO,0,0
2023-05-01 00:00:00,Kelp DAO,0,0
2024-05-20 00:00:00,Kelp DAO,101152,3161
2025-09-15 00:00:00,Kelp DAO,143392.500123027,4481.015628844594
2026-04-27 00:00:00,Kelp DAO,144320.500123027,4510.015628844594
2022-07-25 00:00:00,Blockdaemon,0,0
2025-12-22 00:00:00,DARMA Capital,239424,7482
2021-04-05 00:00:00,Bitcoin Suisse,145280,4540
2024-06-24 00:00:00,Bitstamp,162176,5068
2021-03-15 00:00:00,Consensys,0,0
2023-06-12 00:00:00,Consensys,0,0
2024-10-28 00:00:00,Consensys,122816,3838
2025-03-17 00:00:00,Consensys,110784,3462
2026-03-23 00:00:00,Consensys,100000,3125
2022-08-01 00:00:00,Kiln,800,25
2025-12-29 00:00:00,Kiln,618581.37302293,19330.667906966562
2021-05-03 00:00:00,Unidentified,1424224,44507
2026-06-08 00:00:00,Unidentified,16045033.70888742,501407.3034027319
2026-09-07 00:00:00,Unidentified,16765997.333302788,523937.41666571214
2021-11-22 00:00:00,Coinbase,1475968,46124
2025-06-16 00:00:00,Coinbase,2602562.529188424,81330.07903713825
2025-12-01 00:00:00,Coinbase,2258327.715349696,70572.741104678
2026-09-07 00:00:00,Coinbase,1557745.3889726961,48679.543405396755
2021-08-02 00:00:00,ether.fi,0,0
2023-05-22 00:00:00,ether.fi,1856,58
2023-07-24 00:00:00,ether.fi,10528.00381196,329.00011912375
2023-10-02 00:00:00,ether.fi,15520.00381196,485.00011912375
2025-02-17 00:00:00,ether.fi,1809472.136376777,56546.00426177428
2024-11-04 00:00:00,Binance,1833952.4235978678,57311.01323743337
2025-12-01 00:00:00,Rocket Pool,583961.1872826738,18248.787102583556
2023-07-10 00:00:00,StakeWise,8832,276
2024-11-25 00:00:00,StakeWise,64320.004008038,2010.0001252511875
2025-03-03 00:00:00,StakeWise,239776.004008038,7493.0001252511875
2024-01-01 00:00:00,Upbit,358624,11207
2025-03-17 00:00:00,Upbit,463360,14480
2025-09-29 00:00:00,stakefish,359778.77941778,11243.086856805625
2026-05-18 00:00:00,Octant,100352,3136
2021-05-17 00:00:00,Everstake,6400,200
2025-03-17 00:00:00,Everstake,640640,20020
2022-10-31 00:00:00,P2P.org,0,0
2022-03-28 00:00:00,Gate.io,32000,1000
2024-02-26 00:00:00,Gate.io,41536.131129146,1298.0040977858125
2020-12-07 00:00:00,Lido,0,0
2021-06-21 00:00:00,Lido,531008,16594
2022-07-25 00:00:00,Lido,4140736,129398
2022-09-12 00:00:00,Lido,4173504,130422
2022-05-23 00:00:00,CoinSpot,0,0
2024-08-12 00:00:00,CoinSpot,137664,4302
2026-01-26 00:00:00,CoinSpot,137664,4302
2022-10-10 00:00:00,Figment,267808,8369
2022-12-19 00:00:00,Figment,410496,12828
2022-03-14 00:00:00,Kelp DAO,0,0
2024-04-08 00:00:00,Kelp DAO,76000,2375
2023-05-01 00:00:00,Others,937671.4391277301,29302.232472741565
2023-07-03 00:00:00,Others,1049323.555427759,32791.36110711747
2024-12-09 00:00:00,Others,1247098.244564054,38971.82014262669
2025-09-22 00:00:00,Others,794917.0407993051,24841.157524978284
2026-02-09 00:00:00,Others,718452.072487534,22451.62726523544
2021-12-20 00:00:00,Blockdaemon,0,0
2025-03-17 00:00:00,Blockdaemon,497824.193365339,15557.006042666844
2021-11-29 00:00:00,Stader,0,0
2024-05-06 00:00:00,Stader,130678.04169815601,4083.6888030673754
2025-06-23 00:00:00,Stader,159266.66793384202,4977.083372932563
2021-11-01 00:00:00,DARMA Capital,324544,10142
2025-09-01 00:00:00,imToken,74144,2317
2025-09-08 00:00:00,imToken,73152,2286
2022-06-27 00:00:00,Mantle,0,0
2023-10-23 00:00:00,Mantle,352,11
2024-04-08 00:00:00,Mantle,500064,15627
2024-05-27 00:00:00,Mantle,472000,14750
2025-06-09 00:00:00,Mantle,359104,11222
2026-08-24 00:00:00,Bitcoin Suisse,424215.85229145305,13256.745384107908
2023-07-03 00:00:00,Solo Stakers,411076.20159028197,12846.131299696312
2023-01-02 00:00:00,Consensys,0,0
2024-03-11 00:00:00,Consensys,83840,2620
2023-01-09 00:00:00,Kiln,39392,1231
2023-08-07 00:00:00,Kraken,843968.567514801,26374.017734837533
2024-05-06 00:00:00,Unidentified,5646718.991300778,176459.96847814933
2022-09-12 00:00:00,Coinbase,2155936,67373
2024-02-05 00:00:00,Coinbase,4500417.387339817,140638.0433543693
2025-02-10 00:00:00,Coinbase,2858562.529188424,89330.07903713825
2024-07-22 00:00:00,ether.fi,1686440.00734596,52701.25022956125
2025-03-03 00:00:00,ether.fi,1810078.136376777,56564.94176177428
2023-01-16 00:00:00,Binance,1138560,35580
2025-06-02 00:00:00,Binance,2651168.4235978676,82849.01323743336
2025-11-03 00:00:00,Binance,3309328.4235978676,103416.51323743336
2025-09-15 00:00:00,Rocket Pool,623518.8619758359,19484.96443674487
2021-06-21 00:00:00,StakeWise,5824,182
2026-04-27 00:00:00,StakeWise,328839.83439845603,10276.244824951751
2025-05-26 00:00:00,Liquid Collective,150688,4709
2026-03-23 00:00:00,Liquid Collective,277248.287525154,8664.008985161063
2025-03-24 00:00:00,Revolut,61024,1907
2025-05-26 00:00:00,Revolut,67264,2102
2025-12-01 00:00:00,Upbit,365184,11412
2023-09-18 00:00:00,stakefish,289856.146576356,9058.004580511126
2021-05-10 00:00:00,Octant,0,0
2023-05-22 00:00:00,Octant,0,0
2023-06-05 00:00:00,Octant,2048,64
2021-07-19 00:00:00,P2P.org,0,0
2025-05-19 00:00:00,Gate.io,53824.131129146,1682.0040977858125
2022-07-11 00:00:00,Lido,4130336,129073
2022-12-12 00:00:00,Lido,4619296,144353
2024-07-15 00:00:00,OKX,378785.12227662595,11837.03507114456
2026-04-27 00:00:00,OKX,453638.12227662595,14176.19132114456
2021-08-02 00:00:00,Figment,0,0
2022-01-10 00:00:00,Figment,12416,388
2026-03-09 00:00:00,Figment,1503296.015196235,46978.00047488234
2021-03-29 00:00:00,Kelp DAO,0,0
2022-05-23 00:00:00,Kelp DAO,0,0
2023-06-12 00:00:00,Kelp DAO,0,0
2024-05-13 00:00:00,Others,2358856.0672403323,73714.25210126038
2024-07-08 00:00:00,Others,1612661.3316186476,50395.666613082736
2026-02-23 00:00:00,Others,703412.072487534,21981.62726523544
2024-12-09 00:00:00,Stader,136039.505125107,4251.234535159594
2026-09-07 00:00:00,Stader,85173.73436620703,2661.67919894397
2023-04-17 00:00:00,imToken,40832,1276
2026-02-16 00:00:00,imToken,56800,1775
2025-03-31 00:00:00,Mantle,381152,11911
2021-11-22 00:00:00,Bitcoin Suisse,212832,6651
2022-04-18 00:00:00,Bitcoin Suisse,259328,8104
2025-06-23 00:00:00,Bitcoin Suisse,460919.85229145305,14403.745384107908
2025-11-03 00:00:00,Bitcoin Suisse,445143.85229145305,13910.745384107908
2025-10-06 00:00:00,Solo Stakers,151729.93115364003,4741.560348551251
2025-11-17 00:00:00,Solo Stakers,149077.0673696001,4658.658355300003
2022-05-23 00:00:00,Consensys,0,0
2026-05-25 00:00:00,Consensys,100256,3133
2024-08-12 00:00:00,Bitstamp,167104,5222
2021-03-15 00:00:00,Kiln,0,0
2025-07-14 00:00:00,Kiln,1544870.636447251,48277.207388976596
2020-12-21 00:00:00,Kraken,242656,7583
2021-10-18 00:00:00,Kraken,889984,27812
2024-11-18 00:00:00,Coinbase,3685954.259665963,115186.07061456134
2022-12-12 00:00:00,Unidentified,2787925,87122.65625
2026-09-14 00:00:00,Unidentified,16679732.954335233,521241.65482297604
2021-04-05 00:00:00,Binance,650304,20322
2024-10-21 00:00:00,Binance,1667552.4235978678,52111.01323743337
2025-11-24 00:00:00,Rocket Pool,587188.1872826738,18349.630852583556
2026-04-27 00:00:00,Rocket Pool,470941.6456090417,14716.926425282552
2023-12-11 00:00:00,StakeWise,11584,362
2025-10-20 00:00:00,Liquid Collective,364032.131566551,11376.004111454718
2026-01-26 00:00:00,Liquid Collective,282528.131566551,8829.004111454718
2021-11-01 00:00:00,Revolut,0,0
2022-06-06 00:00:00,Revolut,0,0
2023-05-29 00:00:00,Revolut,26624,832
2024-02-26 00:00:00,Revolut,47168,1474
2024-03-18 00:00:00,Revolut,44192,1381
2025-08-25 00:00:00,Revolut,62112,1941
2025-12-08 00:00:00,Revolut,64608,2019
2022-05-16 00:00:00,Upbit,41632,1301
2022-12-19 00:00:00,Upbit,69184,2162
2023-05-29 00:00:00,Upbit,201664,6302
2024-07-15 00:00:00,Upbit,417632,13051
2026-01-05 00:00:00,Upbit,415584,12987
2024-07-15 00:00:00,stakefish,465856.427226682,14558.013350833813
2025-08-11 00:00:00,stakefish,385856.77941778,12058.024356805625
2023-05-29 00:00:00,Octant,0,0
2024-02-19 00:00:00,Octant,100352,3136
2021-05-24 00:00:00,Everstake,6400,200
2023-07-31 00:00:00,Everstake,6368,199
2026-07-13 00:00:00,Everstake,726656,22708
2026-07-20 00:00:00,Everstake,808672,25271
2021-03-15 00:00:00,Gate.io,32000,1000
2021-08-30 00:00:00,Gate.io,32000,1000
2022-02-21 00:00:00,Lido,1931296,60353
2022-12-26 00:00:00,Lido,4637760,144930
2021-08-02 00:00:00,OKX,32481,1015.03125
2022-06-06 00:00:00,OKX,48897,1528.03125
2023-01-09 00:00:00,OKX,69953,2186.03125
2025-09-29 00:00:00,OKX,561727.122276626,17553.97257114456
2025-10-06 00:00:00,OKX,566375.122276626,17699.22257114456
2026-07-06 00:00:00,CoinSpot,137664,4302
2021-10-04 00:00:00,Figment,0,0
2025-12-01 00:00:00,Figment,1504768.015196235,47024.00047488234
2021-03-15 00:00:00,Kelp DAO,0,0
2022-05-16 00:00:00,Kelp DAO,0,0
2024-03-11 00:00:00,Kelp DAO,32672,1021
2024-06-10 00:00:00,Kelp DAO,157344,4917
2025-03-17 00:00:00,Kelp DAO,125920.500123027,3935.0156288445937
2025-02-17 00:00:00,Others,1045892.552673933,32684.142271060406
2021-12-13 00:00:00,Blockdaemon,0,0
2022-12-12 00:00:00,Blockdaemon,32,1
2023-09-25 00:00:00,Stader,21252.031441144,664.12598253575
2025-06-30 00:00:00,Stader,160294.66793384202,5009.208372932563
2024-03-25 00:00:00,DARMA Capital,326112,10191
2026-09-07 00:00:00,imToken,55392,1731
2022-08-08 00:00:00,Mantle,0,0
2023-03-20 00:00:00,Bitcoin Suisse,425280,13290
2025-08-04 00:00:00,Solo Stakers,158853.55384850802,4964.173557765876
2025-10-27 00:00:00,Bitstamp,208992.17967872,6531.00561496
2025-10-27 00:00:00,Consensys,103968,3249
2025-12-08 00:00:00,Consensys,102336,3198
2022-10-03 00:00:00,Kiln,832,26
2021-01-18 00:00:00,Unidentified,1081088,33784
2023-02-13 00:00:00,Unidentified,3025173,94536.65625
2023-11-27 00:00:00,Unidentified,5018008.580952857,156812.76815477677
2026-04-06 00:00:00,Unidentified,13832883.586799886,432277.61208749644
2023-09-18 00:00:00,ether.fi,14368.00381196,449.00011912375
2026-05-11 00:00:00,ether.fi,1800737.317778566,56273.041180580185
2021-03-01 00:00:00,Rocket Pool,0,0
2021-09-27 00:00:00,Rocket Pool,0,0
2021-11-22 00:00:00,Rocket Pool,20976,655.5
2022-12-26 00:00:00,StakeWise,12192,381
2023-02-06 00:00:00,StakeWise,12192,381
2023-02-20 00:00:00,StakeWise,12192,381
2024-02-05 00:00:00,StakeWise,14912.000021536,466.000000673
2025-04-21 00:00:00,StakeWise,322368.00400803797,10074.000125251187
2023-08-14 00:00:00,Liquid Collective,9600,300
2025-04-07 00:00:00,Liquid Collective,115168,3599
2023-07-31 00:00:00,Revolut,32768,1024
2023-08-14 00:00:00,Revolut,34208,1069
2022-12-26 00:00:00,stakefish,280832,8776
2023-07-17 00:00:00,stakefish,305696,9553
2025-07-14 00:00:00,Octant,100352,3136
2022-08-01 00:00:00,Everstake,6400,200
2022-07-18 00:00:00,P2P.org,0,0
2024-01-15 00:00:00,P2P.org,207456,6483
2022-11-07 00:00:00,Lido,4545088,142034
2023-09-18 00:00:00,Lido,8722213.762196284,272569.18006863387
2026-02-09 00:00:00,Lido,9479262.849865446,296226.9640582952
2026-04-20 00:00:00,Lido,9350975.985944787,292217.9995607746
2025-06-16 00:00:00,CoinSpot,137664,4302
2026-03-23 00:00:00,CoinSpot,137664,4302
2020-12-14 00:00:00,OKX,32,1
2022-01-03 00:00:00,Figment,12416,388
2024-03-04 00:00:00,Figment,958784.015196235,29962.000474882345
2025-10-06 00:00:00,Figment,1518528.015196235,47454.00047488234
2025-10-13 00:00:00,Figment,1538080.015196235,48065.00047488234
2025-10-20 00:00:00,Figment,1550464.015196235,48452.00047488234
2026-05-18 00:00:00,Figment,1468352.015196235,45886.00047488234
2025-12-15 00:00:00,Kelp DAO,162208.500123027,5069.015628844594
2020-12-07 00:00:00,Others,191104,5972
2026-04-27 00:00:00,Others,577501.0724875339,18046.908515235435
2021-03-01 00:00:00,Blockdaemon,0,0
2021-06-28 00:00:00,Blockdaemon,0,0
2023-07-24 00:00:00,Blockdaemon,366080,11440
2024-02-19 00:00:00,Blockdaemon,265280.154437567,8290.004826173968
2024-02-26 00:00:00,Blockdaemon,261184.154437567,8162.0048261739685
2025-02-24 00:00:00,Stader,140466.505125107,4389.578285159594
2025-07-07 00:00:00,Stader,160398.66793384202,5012.458372932563
2025-09-29 00:00:00,Stader,160231.66793384202,5007.239622932563
2022-08-08 00:00:00,DARMA Capital,324544,10142
2024-06-17 00:00:00,imToken,75392,2356
2025-06-02 00:00:00,Mantle,351808,10994
2024-04-15 00:00:00,Bitcoin Suisse,559767.852291453,17492.745384107908
2024-11-04 00:00:00,Bitcoin Suisse,539383.852291453,16855.745384107908
2021-12-20 00:00:00,Solo Stakers,279328,8729
2023-06-19 00:00:00,Consensys,0,0
2020-11-23 00:00:00,Bitstamp,0,0
2023-11-13 00:00:00,Bitstamp,132704,4147
2024-12-30 00:00:00,Kiln,1241216,38788
2024-07-22 00:00:00,Kraken,856416.8919551391,26763.027873598097
2025-05-12 00:00:00,Kraken,1215137.4030496252,37973.04384530079
2021-11-29 00:00:00,Coinbase,1494848,46714
2021-12-20 00:00:00,Unidentified,1885056,58908
2021-02-22 00:00:00,ether.fi,0,0
2023-12-04 00:00:00,ether.fi,23120.00734596,722.50022956125
2025-04-28 00:00:00,ether.fi,1912356.136376777,59761.12926177428
2021-09-20 00:00:00,Rocket Pool,0,0
2021-12-20 00:00:00,Rocket Pool,64784,2024.5
2025-09-22 00:00:00,Rocket Pool,621541.6560064128,19423.1767502004
2023-07-17 00:00:00,StakeWise,8832,276
2021-01-25 00:00:00,Liquid Collective,0,0
2021-02-01 00:00:00,Liquid Collective,0,0
2023-06-12 00:00:00,Liquid Collective,2304,72
2025-09-01 00:00:00,Liquid Collective,363072.131566551,11346.004111454718
2026-01-12 00:00:00,stakefish,290274.77941778,9071.086856805625
2021-05-24 00:00:00,Octant,0,0
2021-08-16 00:00:00,Octant,0,0
2025-03-10 00:00:00,Octant,100352,3136
2023-05-22 00:00:00,Everstake,6400,200
2024-09-30 00:00:00,Everstake,550912,17216
2024-04-22 00:00:00,P2P.org,436672,13646
2025-11-03 00:00:00,P2P.org,276931.68617649097,8654.115193015343
2026-03-30 00:00:00,Gate.io,54816.131129146,1713.0040977858125
2020-11-30 00:00:00,Lido,0,0
2026-04-06 00:00:00,Lido,9412991.640025921,294155.98875081004
2024-11-11 00:00:00,CoinSpot,137664,4302
2024-05-13 00:00:00,OKX,352001.12227662595,11000.03507114456
2024-07-08 00:00:00,OKX,369185.12227662595,11537.03507114456
2025-12-29 00:00:00,OKX,530534.122276626,16579.19132114456
2026-05-04 00:00:00,OKX,453664.12227662595,14177.00382114456
2026-08-10 00:00:00,OKX,532611.122276626,16644.09757114456
2023-05-22 00:00:00,Figment,529824,16557
2022-10-17 00:00:00,Kelp DAO,0,0
2026-01-19 00:00:00,Kelp DAO,164128.500123027,5129.015628844594
2024-07-15 00:00:00,Others,1846394.3316186478,57699.82286308274
2021-05-17 00:00:00,Blockdaemon,0,0
2023-02-13 00:00:00,Blockdaemon,64,2
2026-09-14 00:00:00,Blockdaemon,1050720.551941474,32835.01724817106
2022-12-26 00:00:00,Stader,0,0
2022-05-23 00:00:00,DARMA Capital,324544,10142
2023-06-12 00:00:00,DARMA Capital,326112,10191
2024-03-11 00:00:00,DARMA Capital,326112,10191
2024-11-25 00:00:00,imToken,73184,2287
2024-03-25 00:00:00,Mantle,507360,15855
2022-06-27 00:00:00,Bitcoin Suisse,288096,9003
2025-06-09 00:00:00,Bitcoin Suisse,461911.85229145305,14434.745384107908
2021-11-01 00:00:00,Consensys,0,0
2023-08-14 00:00:00,Consensys,0,0
2024-01-08 00:00:00,Consensys,640,20
2025-03-31 00:00:00,Consensys,113568,3549
2021-06-21 00:00:00,Bitstamp,7744,242
2022-07-04 00:00:00,Bitstamp,54656,1708
2023-06-19 00:00:00,Bitstamp,78464,2452
2021-03-22 00:00:00,Kraken,530144,16567
2024-10-21 00:00:00,Kraken,952448.8919551391,29764.027873598097
2025-01-20 00:00:00,Unidentified,7063377.806987009,220730.55646834403
2021-08-09 00:00:00,ether.fi,0,0
2022-05-09 00:00:00,ether.fi,0,0
2023-05-08 00:00:00,ether.fi,32,1
2023-05-15 00:00:00,ether.fi,256,8
2025-12-29 00:00:00,ether.fi,2228521.317778566,69641.29118058019
2026-05-04 00:00:00,ether.fi,1873318.317778566,58541.197430580185
2022-10-10 00:00:00,Binance,1056128,33004
2026-06-22 00:00:00,Binance,3273296.5594873927,102290.51748398102
2021-12-06 00:00:00,StakeWise,12064,377
2025-08-04 00:00:00,StakeWise,302176.01485448994,9443.00046420281
2021-01-11 00:00:00,Liquid Collective,0,0
2024-08-12 00:00:00,Liquid Collective,88992,2781
2021-08-30 00:00:00,Revolut,0,0
2026-03-02 00:00:00,Upbit,526144,16442
2026-05-11 00:00:00,Upbit,589408,18419
2021-12-06 00:00:00,stakefish,275136,8598
2023-10-23 00:00:00,stakefish,330880.346948702,10340.010842146938
2025-05-05 00:00:00,stakefish,420032.77941778,13126.024356805625
2025-12-22 00:00:00,Octant,100352,3136
2026-08-31 00:00:00,P2P.org,345827.68617649097,10807.115193015343
2023-11-13 00:00:00,Gate.io,36544.131129146,1142.0040977858125
2020-11-23 00:00:00,Lido,0,0
2023-04-10 00:00:00,Lido,5744608,179519
2022-06-13 00:00:00,OKX,49089,1534.03125
2022-08-15 00:00:00,OKX,55457,1733.03125
2023-06-19 00:00:00,CoinSpot,127872,3996
2026-09-07 00:00:00,CoinSpot,137664,4302
2022-01-17 00:00:00,Figment,12416,388
2025-07-07 00:00:00,Figment,1238144.015196235,38692.00047488234
2021-05-24 00:00:00,Kelp DAO,0,0
2021-08-16 00:00:00,Kelp DAO,0,0
2022-01-17 00:00:00,Kelp DAO,0,0
2025-08-11 00:00:00,Kelp DAO,133792.500123027,4181.015628844594
2023-10-16 00:00:00,Others,1159982.788395777,36249.462137368035
2024-01-29 00:00:00,Others,1179799.728845324,36868.74152641637
2021-10-11 00:00:00,Blockdaemon,0,0
2025-02-03 00:00:00,Blockdaemon,381376.193365339,11918.006042666844
2025-03-10 00:00:00,Blockdaemon,485824.193365339,15182.006042666844
2024-10-07 00:00:00,Stader,128738.50512510703,4023.0782851595945
2025-05-05 00:00:00,Stader,148705.514021428,4647.047313169625
2020-12-28 00:00:00,DARMA Capital,0,0
2021-07-05 00:00:00,imToken,8544,267
2022-02-07 00:00:00,imToken,17024,532
2024-12-23 00:00:00,Mantle,452320,14135
2025-11-10 00:00:00,Bitcoin Suisse,440759.85229145305,13773.745384107908
2023-10-16 00:00:00,Solo Stakers,412902.89040195197,12903.215325060999
2023-04-03 00:00:00,Bitstamp,92256,2883
2026-01-19 00:00:00,Bitstamp,194656.17967872,6083.00561496
2020-12-14 00:00:00,Kiln,0,0
2023-06-05 00:00:00,Kiln,461856,14433
2026-03-02 00:00:00,Kiln,698639.4899838481,21832.484061995252
2023-03-13 00:00:00,Kraken,1242976,38843
2025-12-22 00:00:00,Kraken,1438946.111468648,44967.06598339525
2026-07-27 00:00:00,Kraken,1649582.975988882,51549.46799965256
2020-11-16 00:00:00,Unidentified,163104,5097
2022-12-19 00:00:00,Coinbase,2503552,78236
2025-04-14 00:00:00,Coinbase,2736386.529188424,85512.07903713825
2023-06-19 00:00:00,Binance,1363008.17906345,42594.005595732815
2025-10-27 00:00:00,Binance,3309328.4235978676,103416.51323743336
2023-10-09 00:00:00,Rocket Pool,806775.5558677778,25211.736120868056
2020-11-30 00:00:00,StakeWise,0,0
2021-04-26 00:00:00,StakeWise,3552,111
2023-07-24 00:00:00,StakeWise,8672,271
2025-02-17 00:00:00,StakeWise,197568.004008038,6174.0001252511875
2023-03-13 00:00:00,Revolut,18464,577
2026-05-25 00:00:00,Revolut,103712,3241
2022-01-03 00:00:00,Upbit,96,3
2026-04-27 00:00:00,stakefish,294025.80452654,9188.306391454375
2024-01-08 00:00:00,Octant,100000,3125
2025-02-03 00:00:00,Everstake,629888,19684
2020-11-16 00:00:00,P2P.org,0,0
2021-06-21 00:00:00,P2P.org,0,0
2022-07-11 00:00:00,P2P.org,0,0
2024-01-22 00:00:00,P2P.org,220640,6895
2025-03-24 00:00:00,Gate.io,53824.131129146,1682.0040977858125
2021-12-27 00:00:00,Lido,1597184,49912
2023-02-20 00:00:00,Lido,5234976,163593
2026-09-21 00:00:00,Lido,9375201.38157693,292975.04317427904
2025-10-27 00:00:00,CoinSpot,137664,4302
2023-10-23 00:00:00,OKX,559521,17485.03125
2023-10-30 00:00:00,OKX,565825,17682.03125
2021-03-15 00:00:00,Figment,0,0
2021-09-27 00:00:00,Figment,0,0
2022-11-14 00:00:00,Kelp DAO,0,0
2023-10-23 00:00:00,Kelp DAO,0,0
2026-06-01 00:00:00,Kelp DAO,143328.500123027,4479.015628844594
2022-05-02 00:00:00,Others,792800,24775
2023-12-18 00:00:00,Others,1130257.2498195602,35320.53905686126
2024-04-29 00:00:00,Others,2358864.0672403323,73714.50210126038
2025-01-27 00:00:00,Others,1067968.425416108,33374.013294253375
2025-09-29 00:00:00,Others,798021.0407993051,24938.157524978284
2020-12-14 00:00:00,Blockdaemon,0,0
2021-06-21 00:00:00,Stader,0,0
2023-07-24 00:00:00,Stader,9589,299.65625
2026-01-05 00:00:00,DARMA Capital,239424,7482
2022-01-31 00:00:00,imToken,16960,530
2022-05-16 00:00:00,Mantle,0,0
2022-10-24 00:00:00,Mantle,0,0
2024-07-29 00:00:00,Mantle,486144,15192
2025-03-24 00:00:00,Mantle,380896,11903
2022-11-21 00:00:00,Bitcoin Suisse,360032,11251
2025-04-07 00:00:00,Bitcoin Suisse,504535.85229145305,15766.745384107908
2021-05-17 00:00:00,Consensys,0,0
2022-05-23 00:00:00,Bitstamp,50304,1572
2025-09-08 00:00:00,Bitstamp,206624.17967872,6457.00561496
2022-06-13 00:00:00,Kiln,96,3
2022-09-26 00:00:00,Kraken,1169216,36538
2021-09-27 00:00:00,Coinbase,1294112,40441
2024-08-19 00:00:00,Unidentified,6344025.819695441,198250.80686548253
2021-07-26 00:00:00,ether.fi,0,0
2025-04-07 00:00:00,Binance,2248992.4235978676,70281.01323743336
2022-12-05 00:00:00,Rocket Pool,325280,10165
2022-07-11 00:00:00,StakeWise,12192,381
2023-04-17 00:00:00,StakeWise,12192,381
2023-11-13 00:00:00,Liquid Collective,35488,1109
2025-03-24 00:00:00,Liquid Collective,109344,3417
2025-09-08 00:00:00,Liquid Collective,362976.131566551,11343.004111454718
2021-05-03 00:00:00,Upbit,0,0
2024-02-26 00:00:00,Upbit,390496,12203
2022-05-09 00:00:00,Octant,0,0
2022-06-06 00:00:00,Everstake,6400,200
2021-09-13 00:00:00,P2P.org,0,0
2024-07-01 00:00:00,P2P.org,395136.152447009,12348.004763969031
2025-09-01 00:00:00,P2P.org,220617.686176491,6894.302693015344
2025-10-27 00:00:00,P2P.org,275778.68617649097,8618.083943015343
2026-04-13 00:00:00,P2P.org,340582.68617649097,10643.208943015343
2026-06-01 00:00:00,P2P.org,337667.68617649097,10552.115193015343
2022-10-24 00:00:00,Gate.io,32000,1000
2023-08-14 00:00:00,Gate.io,36544.131129146,1142.0040977858125
2024-01-15 00:00:00,Gate.io,41536.131129146,1298.0040977858125
2025-08-11 00:00:00,Gate.io,54816.131129146,1713.0040977858125
2025-08-18 00:00:00,Gate.io,54816.131129146,1713.0040977858125
2026-05-25 00:00:00,Gate.io,54816.131129146,1713.0040977858125
2024-10-21 00:00:00,OKX,487809.12227662595,15244.03507114456
2024-10-28 00:00:00,OKX,487009.12227662595,15219.03507114456
2026-03-02 00:00:00,OKX,449373.12227662595,14042.91007114456
2022-12-26 00:00:00,Figment,410560,12830
2021-09-20 00:00:00,Others,520928,16279
2021-11-15 00:00:00,Others,563072,17596
2022-02-28 00:00:00,Others,684384,21387
2026-07-27 00:00:00,Others,435521.0724875339,13610.033515235435
2023-02-20 00:00:00,Stader,0,0
2022-06-13 00:00:00,DARMA Capital,324544,10142
2022-11-14 00:00:00,DARMA Capital,324544,10142
2025-05-26 00:00:00,DARMA Capital,239424,7482
2021-09-13 00:00:00,imToken,13344,417
2022-04-04 00:00:00,imToken,18496,578
2023-01-09 00:00:00,Mantle,0,0
2023-03-06 00:00:00,Mantle,0,0
2024-11-11 00:00:00,Bitcoin Suisse,538391.852291453,16824.745384107908
2025-02-17 00:00:00,Bitcoin Suisse,517239.85229145305,16163.745384107908
2021-10-04 00:00:00,Solo Stakers,252960,7905
2022-09-26 00:00:00,Solo Stakers,358784,11212
2022-10-03 00:00:00,Solo Stakers,359424,11232
2024-05-13 00:00:00,Solo Stakers,348841.40919432,10901.2940373225
2021-08-23 00:00:00,Consensys,0,0
2022-06-06 00:00:00,Consensys,0,0
2024-11-11 00:00:00,Bitstamp,193248,6039
2025-05-19 00:00:00,Kiln,1493766.636447251,46680.207388976596
2022-09-05 00:00:00,Unidentified,2249587,70299.59375
2024-05-13 00:00:00,ether.fi,1221632.00734596,38176.00022956125
2021-02-01 00:00:00,Binance,490304,15322
2021-06-07 00:00:00,Binance,714304,22322
2022-02-28 00:00:00,Rocket Pool,108416,3388
2024-07-08 00:00:00,Rocket Pool,751669.3388385389,23489.66683870434
2024-10-07 00:00:00,StakeWise,51584.000021536,1612.000000673
2025-11-03 00:00:00,Liquid Collective,344096.131566551,10753.004111454718
2026-02-02 00:00:00,Liquid Collective,282720.131566551,8835.004111454718
2026-05-18 00:00:00,Liquid Collective,352256.287525154,11008.008985161063
2023-02-27 00:00:00,Revolut,15744,492
2025-03-10 00:00:00,Revolut,58432,1826
2023-12-25 00:00:00,Upbit,355296,11103
2025-10-13 00:00:00,Upbit,382752,11961
2026-03-09 00:00:00,Upbit,536224,16757
2020-12-21 00:00:00,stakefish,146176,4568
2026-02-23 00:00:00,stakefish,291337.80452654,9104.306391454375
2023-08-07 00:00:00,Octant,100000,3125
2024-10-14 00:00:00,Everstake,557664,17427
2025-10-13 00:00:00,Everstake,702432,21951
2026-02-16 00:00:00,P2P.org,340455.68617649097,10639.240193015343
2022-04-04 00:00:00,Gate.io,32000,1000
2022-10-17 00:00:00,Gate.io,32000,1000
2023-06-19 00:00:00,Gate.io,36544.131129146,1142.0040977858125
2025-10-13 00:00:00,Gate.io,54816.131129146,1713.0040977858125
2025-10-27 00:00:00,Gate.io,54816.131129146,1713.0040977858125
2026-06-01 00:00:00,Gate.io,54816.131129146,1713.0040977858125
2022-12-19 00:00:00,Lido,4627840,144620
2026-04-13 00:00:00,Lido,9407103.985944787,293971.9995607746
2022-02-28 00:00:00,OKX,41409,1294.03125
2021-11-29 00:00:00,Figment,2176,68
2023-09-18 00:00:00,Figment,1173984,36687
2025-05-19 00:00:00,Kelp DAO,128992.500123027,4031.0156288445937
2026-04-13 00:00:00,Others,692820.072487534,21650.62726523544
2026-07-20 00:00:00,Others,437185.0724875339,13662.033515235435
2026-09-21 00:00:00,Others,397712.0724875339,12428.502265235435
2022-05-30 00:00:00,Blockdaemon,0,0
2023-04-10 00:00:00,Stader,0,0
2021-10-18 00:00:00,DARMA Capital,324544,10142
2023-01-02 00:00:00,DARMA Capital,326112,10191
2024-12-16 00:00:00,DARMA Capital,324864,10152
2023-11-13 00:00:00,imToken,45728,1429
2026-04-20 00:00:00,imToken,56896,1778
2022-06-20 00:00:00,Mantle,0,0
2021-09-06 00:00:00,Bitcoin Suisse,212832,6651
2022-08-29 00:00:00,Bitcoin Suisse,288096,9003
2024-09-23 00:00:00,Bitcoin Suisse,534455.852291453,16701.745384107908
2021-09-20 00:00:00,Solo Stakers,249600,7800
2023-09-11 00:00:00,Solo Stakers,411141.734522709,12848.179203834656
2024-07-15 00:00:00,Solo Stakers,345129.437013408,10785.294906669
2024-09-02 00:00:00,Consensys,100608,3144
2022-08-29 00:00:00,Bitstamp,63424,1982
2021-03-22 00:00:00,Kiln,0,0
2023-02-27 00:00:00,Kiln,63840,1995
2023-10-16 00:00:00,Kraken,866624.567514801,27082.017734837533
2024-12-09 00:00:00,Kraken,951680.8919551391,29740.027873598097
2025-07-07 00:00:00,Kraken,1320449.9329896222,41264.060405925695
2026-02-23 00:00:00,Kraken,1603778.111468648,50118.06598339525
2024-09-16 00:00:00,Coinbase,4105058.07765931,128283.06492685343
2022-02-14 00:00:00,Unidentified,1952096,61003
2024-09-30 00:00:00,Unidentified,6610213.649454412,206569.17654545038
2024-12-02 00:00:00,Unidentified,7008501.776095046,219015.68050297018
2026-09-21 00:00:00,Unidentified,16682791.651604712,521337.23911264725
2024-02-05 00:00:00,ether.fi,356630.00734596,11144.68772956125
2026-03-02 00:00:00,ether.fi,2310906.317778566,72215.82243058019
2020-12-21 00:00:00,Binance,236608,7394
2021-05-24 00:00:00,Binance,682304,21322
2022-08-22 00:00:00,Binance,1021440,31920
2023-03-06 00:00:00,Binance,1159840,36245
2025-03-31 00:00:00,Binance,2248992.4235978676,70281.01323743336
2022-05-02 00:00:00,Rocket Pool,171920,5372.5
2023-05-08 00:00:00,StakeWise,9664,302
2024-09-30 00:00:00,StakeWise,48768.000021536,1524.000000673
2025-11-17 00:00:00,StakeWise,348397.4046943799,10887.418896699372
2022-10-31 00:00:00,Liquid Collective,0,0
2022-11-14 00:00:00,Revolut,32,1
2024-03-11 00:00:00,Revolut,42944,1342
2021-03-08 00:00:00,stakefish,211424,6607
2024-01-01 00:00:00,stakefish,366464.427226682,11452.013350833813
2026-01-05 00:00:00,stakefish,290146.77941778,9067.086856805625
2021-10-25 00:00:00,Octant,0,0
2024-08-05 00:00:00,Octant,100352,3136
2026-03-16 00:00:00,Octant,100352,3136
2021-12-06 00:00:00,Everstake,6400,200
2022-09-12 00:00:00,P2P.org,0,0
2024-03-04 00:00:00,Gate.io,41536.131129146,1298.0040977858125
2024-08-12 00:00:00,Gate.io,52576.131129146,1643.0040977858125
2026-01-26 00:00:00,Gate.io,54816.131129146,1713.0040977858125
2026-03-23 00:00:00,Gate.io,54816.131129146,1713.0040977858125
2022-02-14 00:00:00,Lido,1849312,57791
2022-09-05 00:00:00,Lido,4160608,130019
2022-10-03 00:00:00,OKX,58881,1840.03125
2022-10-10 00:00:00,OKX,59073,1846.03125
2023-03-13 00:00:00,OKX,153377,4793.03125
2025-09-08 00:00:00,CoinSpot,137664,4302
2022-03-14 00:00:00,Figment,94368,2949
2022-03-21 00:00:00,Figment,94368,2949
2025-03-03 00:00:00,Figment,894880.015196235,27965.000474882345
2022-04-18 00:00:00,Others,783584,24487
2021-05-03 00:00:00,Blockdaemon,0,0
2025-07-14 00:00:00,Blockdaemon,672384.193365339,21012.006042666842
2022-07-04 00:00:00,Stader,0,0
2022-09-12 00:00:00,Stader,0,0
2024-09-23 00:00:00,Stader,127074.50512510703,3971.0782851595945
2021-05-17 00:00:00,DARMA Capital,0,0
2024-11-04 00:00:00,Mantle,480512,15016
2026-01-19 00:00:00,Mantle,214720,6710
2021-07-12 00:00:00,Bitcoin Suisse,179840,5620
2023-05-01 00:00:00,Bitcoin Suisse,443488,13859
2022-04-18 00:00:00,Solo Stakers,309696,9678
2023-07-10 00:00:00,Solo Stakers,410404.20159028197,12825.131299696312
2025-02-17 00:00:00,Solo Stakers,177534.79147708,5547.96223365875
2022-11-14 00:00:00,Consensys,0,0
2024-10-14 00:00:00,Consensys,120224,3757
2025-12-15 00:00:00,Consensys,104736,3273
2022-03-28 00:00:00,Bitstamp,44288,1384
2024-04-22 00:00:00,Bitstamp,160768,5024
2024-06-10 00:00:00,Bitstamp,160896,5028
2026-01-26 00:00:00,Bitstamp,197888.17967872,6184.00561496
2021-05-10 00:00:00,Kiln,0,0
2024-09-02 00:00:00,Kiln,1208256,37758
2024-12-16 00:00:00,Kiln,1242816,38838
2022-07-25 00:00:00,Kraken,1120832,35026
2023-09-04 00:00:00,Coinbase,4121984.76618969,128812.02394342782
2024-04-22 00:00:00,Coinbase,4441601.56151077,138800.04879721155
2021-04-26 00:00:00,Unidentified,1385792,43306
2025-09-15 00:00:00,Unidentified,8355271.21163551,261102.2253636097
2026-04-20 00:00:00,Unidentified,14369768.569845011,449055.2678076566
2021-10-04 00:00:00,ether.fi,0,0
2024-10-28 00:00:00,Binance,1795552.4235978678,56111.01323743337
2024-12-30 00:00:00,Binance,2021696.4235978678,63178.01323743337
2026-01-12 00:00:00,Binance,3489104.4235978676,109034.51323743336
2025-06-16 00:00:00,Rocket Pool,657117.1436489258,20534.910739028932
2026-02-23 00:00:00,Rocket Pool,491613.4307516377,15362.919710988677
2023-09-18 00:00:00,StakeWise,8288,259
2025-05-05 00:00:00,StakeWise,342752.00400803797,10711.000125251187
2023-09-25 00:00:00,Upbit,279392,8731
2023-10-23 00:00:00,Upbit,294912,9216
2025-05-12 00:00:00,Upbit,499744,15617
2023-09-25 00:00:00,stakefish,298656.146576356,9333.004580511126
2021-03-08 00:00:00,Everstake,6400,200
2022-12-19 00:00:00,Everstake,6400,200
2026-02-02 00:00:00,P2P.org,340479.68617649097,10639.990193015343
2026-09-07 00:00:00,P2P.org,345699.68617649097,10803.115193015343
2021-05-24 00:00:00,Gate.io,32000,1000
2023-01-09 00:00:00,Gate.io,32000,1000
2023-10-16 00:00:00,OKX,559425,17482.03125
2022-07-04 00:00:00,CoinSpot,36768,1149
2026-04-06 00:00:00,CoinSpot,137664,4302
2021-11-22 00:00:00,Others,570816,17838
2022-09-19 00:00:00,Others,830176,25943
2026-07-13 00:00:00,Blockdaemon,1076160.551941474,33630.01724817106
2023-09-18 00:00:00,Stader,19545.00915546,610.781536108125
2025-04-21 00:00:00,Stader,152420.514021428,4763.141063169625
2026-07-20 00:00:00,Stader,87670.73436620703,2739.71044894397
2024-05-27 00:00:00,DARMA Capital,326112,10191
2026-06-22 00:00:00,DARMA Capital,174528,5454
2022-07-18 00:00:00,imToken,32544,1017
2020-11-09 00:00:00,Mantle,0,0
2023-01-16 00:00:00,Bitcoin Suisse,397024,12407
2025-01-20 00:00:00,Bitcoin Suisse,509591.85229145305,15924.745384107908
2021-08-02 00:00:00,Solo Stakers,243072,7596
2023-12-04 00:00:00,Solo Stakers,408839.183109716,12776.224472178625
2025-04-21 00:00:00,Solo Stakers,163806.86478407102,5118.964524502219
2023-02-27 00:00:00,Consensys,0,0
2023-03-06 00:00:00,Consensys,0,0
2026-06-01 00:00:00,Consensys,100096,3128
2026-06-01 00:00:00,Bitstamp,213856.17967872,6683.00561496
2025-03-24 00:00:00,Kiln,1412864,44152
2026-06-15 00:00:00,Kiln,730534.948384611,22829.217137019095
2023-06-05 00:00:00,Kraken,775744.567514801,24242.017734837533
2025-03-17 00:00:00,Kraken,1125600.891955139,35175.0278735981
2020-11-16 00:00:00,Coinbase,0,0
2020-11-23 00:00:00,Coinbase,32,1
2022-04-11 00:00:00,Unidentified,2063328,64479
2025-02-03 00:00:00,Unidentified,7152392.963113832,223512.28009730726
2023-10-09 00:00:00,ether.fi,15424.00381196,482.00011912375
2022-01-17 00:00:00,Binance,917728,28679
2022-10-17 00:00:00,Binance,1081088,33784
2025-09-29 00:00:00,Rocket Pool,621749.6560064128,19429.6767502004
2023-08-07 00:00:00,Liquid Collective,8000,250
2024-01-08 00:00:00,Liquid Collective,35648,1114
2022-05-23 00:00:00,Revolut,0,0
2022-12-12 00:00:00,Upbit,68672,2146
2024-02-12 00:00:00,Upbit,387008,12094
2024-07-22 00:00:00,Upbit,422880,13215
2025-05-05 00:00:00,Upbit,513824,16057
2022-10-10 00:00:00,stakefish,279456,8733
2025-03-03 00:00:00,stakefish,466976.602691525,14593.018834110157
2023-07-24 00:00:00,Octant,100000,3125
2023-11-13 00:00:00,P2P.org,200608,6269
2024-04-29 00:00:00,P2P.org,420512,13141
2025-11-10 00:00:00,P2P.org,277842.68617649097,8682.583943015343
2021-04-26 00:00:00,Lido,254528,7954
2022-01-17 00:00:00,OKX,38977,1218.03125
2020-11-30 00:00:00,CoinSpot,0,0
2021-08-30 00:00:00,CoinSpot,0,0
2023-12-25 00:00:00,Kelp DAO,0,0
2024-08-12 00:00:00,Kelp DAO,159008,4969
2025-07-28 00:00:00,Others,845994.8067509991,26437.33771096872
2025-01-27 00:00:00,Blockdaemon,368192.193365339,11506.006042666844
2021-03-08 00:00:00,Stader,0,0
2024-04-22 00:00:00,Stader,120229.031441144,3757.15723253575
2021-01-25 00:00:00,DARMA Capital,0,0
2021-05-31 00:00:00,DARMA Capital,88800,2775
2023-06-19 00:00:00,DARMA Capital,326112,10191
2021-01-18 00:00:00,imToken,0,0
2023-02-06 00:00:00,imToken,39488,1234
2024-01-22 00:00:00,imToken,60064,1877
2022-08-22 00:00:00,Mantle,0,0
2024-12-16 00:00:00,Mantle,452800,14150
2026-08-03 00:00:00,Mantle,194560,6080
2021-09-20 00:00:00,Bitcoin Suisse,212832,6651
2023-03-27 00:00:00,Bitcoin Suisse,425280,13290
2025-01-06 00:00:00,Bitcoin Suisse,505079.85229145305,15783.745384107908
2021-07-19 00:00:00,Solo Stakers,231424,7232
2026-05-04 00:00:00,Solo Stakers,136856.6721667951,4276.771005212347
2021-05-24 00:00:00,Consensys,0,0
2022-03-28 00:00:00,Consensys,0,0
2025-05-19 00:00:00,Consensys,119776,3743
2026-07-06 00:00:00,Bitstamp,215936.17967872,6748.00561496
2020-12-28 00:00:00,Kiln,0,0
2022-05-30 00:00:00,Kiln,96,3
2022-11-14 00:00:00,Kiln,6016,188
2024-08-26 00:00:00,Kiln,1204800,37650
2024-10-28 00:00:00,Kiln,1270176,39693
2022-07-04 00:00:00,Coinbase,1933024,60407
2023-09-18 00:00:00,Coinbase,4197600.766189691,131175.02394342783
2022-07-04 00:00:00,Unidentified,2133843,66682.59375
2026-07-06 00:00:00,Unidentified,16310981.799991392,509718.181249731
2022-04-25 00:00:00,ether.fi,0,0
2022-10-03 00:00:00,ether.fi,0,0
2020-11-09 00:00:00,Binance,0,0
2021-11-01 00:00:00,Binance,885888,27684
2022-01-10 00:00:00,Binance,901280,28165
2023-08-21 00:00:00,Binance,1363872.17906345,42621.005595732815
2022-09-19 00:00:00,Rocket Pool,252576,7893
2023-05-15 00:00:00,Rocket Pool,620414.3075731639,19387.94711166137
2024-09-16 00:00:00,Rocket Pool,714326.4647380679,22322.702023064623
2021-02-22 00:00:00,StakeWise,448,14
2021-08-02 00:00:00,StakeWise,8064,252
2023-04-10 00:00:00,StakeWise,12192,381
2023-09-11 00:00:00,StakeWise,8288,259
2021-03-29 00:00:00,Liquid Collective,0,0
2022-11-14 00:00:00,Liquid Collective,32,1
2021-08-16 00:00:00,Upbit,0,0
2021-11-29 00:00:00,Upbit,0,0
2023-02-20 00:00:00,Upbit,87968,2749
2023-07-17 00:00:00,Upbit,230112,7191
2025-05-12 00:00:00,stakefish,419712.77941778,13116.024356805625
2025-08-04 00:00:00,stakefish,386112.77941778,12066.024356805625
2026-03-02 00:00:00,stakefish,294537.80452654,9204.306391454375
2023-01-02 00:00:00,Octant,0,0
2025-03-03 00:00:00,Octant,100352,3136
2023-02-20 00:00:00,Everstake,6400,200
2022-01-31 00:00:00,P2P.org,0,0
2022-05-16 00:00:00,Gate.io,32000,1000
2024-04-08 00:00:00,Gate.io,42560.131129146,1330.0040977858125
2025-10-20 00:00:00,Gate.io,54816.131129146,1713.0040977858125
2021-11-29 00:00:00,Lido,1500384,46887
2024-12-09 00:00:00,Lido,9802140.831556538,306316.9009861418
2021-06-21 00:00:00,CoinSpot,0,0
2021-11-01 00:00:00,CoinSpot,0,0
2022-03-28 00:00:00,CoinSpot,0,0
2024-04-22 00:00:00,CoinSpot,137664,4302
2020-12-21 00:00:00,OKX,1601,50.03125
2021-08-09 00:00:00,OKX,32929,1029.03125
2022-01-10 00:00:00,OKX,38977,1218.03125
2023-09-25 00:00:00,Figment,1261664,39427
2023-10-30 00:00:00,Figment,1353760,42305
2025-07-14 00:00:00,Figment,1357184.015196235,42412.00047488234
2023-05-29 00:00:00,Blockdaemon,327072,10221
2024-05-06 00:00:00,Blockdaemon,354560.154437567,11080.004826173968
2023-07-17 00:00:00,Stader,7671,239.71875
2024-12-23 00:00:00,DARMA Capital,324864,10152
2021-12-20 00:00:00,imToken,16224,507
2022-04-18 00:00:00,imToken,20352,636
2022-07-04 00:00:00,imToken,31648,989
2022-03-14 00:00:00,Mantle,0,0
2022-11-14 00:00:00,Mantle,0,0
2026-05-11 00:00:00,Mantle,164512,5141
2021-07-19 00:00:00,Bitcoin Suisse,179872,5621
2024-02-05 00:00:00,Bitcoin Suisse,540951.852291453,16904.745384107908
2021-04-26 00:00:00,Solo Stakers,146848,4589
2026-04-06 00:00:00,Bitstamp,210976.17967872,6593.00561496
2026-09-07 00:00:00,Bitstamp,216864.17967872,6777.00561496
2021-01-25 00:00:00,Kiln,0,0
2024-05-20 00:00:00,Kiln,1136640,35520
2024-11-25 00:00:00,Coinbase,3681730.44368306,115054.07636509562
2025-06-30 00:00:00,Coinbase,2603394.529188424,81356.07903713825
2021-06-21 00:00:00,Unidentified,1583744,49492
2024-04-22 00:00:00,Unidentified,5592219.52772794,174756.86024149813
2022-12-12 00:00:00,ether.fi,0,0
2023-01-09 00:00:00,Binance,1138560,35580
2025-04-14 00:00:00,Rocket Pool,661891.9691081078,20684.12403462837
2021-06-28 00:00:00,StakeWise,5888,184
2021-07-05 00:00:00,Liquid Collective,0,0
2022-01-31 00:00:00,Liquid Collective,0,0
2024-08-26 00:00:00,Liquid Collective,89248,2789
2024-03-25 00:00:00,Revolut,44064,1377
2024-12-16 00:00:00,Revolut,48160,1505
2025-05-12 00:00:00,Revolut,68352,2136
2025-08-11 00:00:00,Revolut,69376,2168
2022-01-10 00:00:00,Upbit,736,23
2022-05-02 00:00:00,Upbit,38720,1210
2025-09-29 00:00:00,Upbit,384608,12019
2022-01-10 00:00:00,stakefish,276192,8631
2024-03-04 00:00:00,stakefish,407776.427226682,12743.013350833813
2025-12-15 00:00:00,stakefish,291906.77941778,9122.086856805625
2025-12-29 00:00:00,stakefish,290594.77941778,9081.086856805625
2021-10-11 00:00:00,Octant,0,0
2025-05-12 00:00:00,Octant,100352,3136
2025-12-15 00:00:00,Everstake,679904,21247
2023-04-10 00:00:00,P2P.org,97856,3058
2024-11-25 00:00:00,P2P.org,453504.152447009,14172.004763969031
2022-01-24 00:00:00,Gate.io,32000,1000
2023-08-07 00:00:00,Gate.io,36544.131129146,1142.0040977858125
2024-01-01 00:00:00,Gate.io,41536.131129146,1298.0040977858125
2024-04-22 00:00:00,Lido,9332411.990984462,291637.87471826444
2024-07-01 00:00:00,Lido,9695740.831556538,302991.9009861418
2024-10-07 00:00:00,Lido,9739228.831556538,304350.9009861418
2022-09-26 00:00:00,OKX,58081,1815.03125
2025-08-04 00:00:00,Figment,1578016.015196235,49313.00047488234
2024-02-26 00:00:00,Kelp DAO,30880,965
2024-12-02 00:00:00,Others,1269728.244564054,39679.00764262669
2026-07-13 00:00:00,Others,438557.0724875339,13704.908515235435
2021-05-10 00:00:00,Blockdaemon,0,0
2021-10-04 00:00:00,Stader,0,0
2021-05-24 00:00:00,DARMA Capital,88800,2775
2022-06-06 00:00:00,DARMA Capital,324544,10142
2025-06-02 00:00:00,DARMA Capital,239424,7482
2026-08-03 00:00:00,DARMA Capital,174528,5454
2022-02-14 00:00:00,imToken,17024,532
2023-11-20 00:00:00,imToken,47040,1470
2024-12-02 00:00:00,imToken,71776,2243
2025-01-27 00:00:00,imToken,70560,2205
2025-11-03 00:00:00,imToken,74272,2321
2023-03-20 00:00:00,Mantle,0,0
2021-02-01 00:00:00,Bitcoin Suisse,132256,4133
2023-09-11 00:00:00,Bitcoin Suisse,536960,16780
2021-03-01 00:00:00,Solo Stakers,134176,4193
2022-02-14 00:00:00,Solo Stakers,290880,9090
2025-07-28 00:00:00,Solo Stakers,159041.11884850802,4970.034964015876
2021-08-30 00:00:00,Consensys,0,0
2024-01-01 00:00:00,Consensys,0,0
2024-02-26 00:00:00,Consensys,65888,2059
2020-11-30 00:00:00,Bitstamp,0,0
2021-07-05 00:00:00,Bitstamp,8288,259
2021-08-30 00:00:00,Bitstamp,30816,963
2021-03-29 00:00:00,Kiln,0,0
2023-08-07 00:00:00,Kiln,639424,19982
2024-07-22 00:00:00,Kiln,1161536,36298
2023-09-25 00:00:00,Kraken,852448.567514801,26639.017734837533
2024-05-13 00:00:00,Kraken,830816.8919551391,25963.027873598097
2024-07-15 00:00:00,Kraken,850944.8919551391,26592.027873598097
2024-12-23 00:00:00,Kraken,934272.8919551391,29196.027873598097
2026-01-05 00:00:00,Kraken,1476674.111468648,46146.06598339525
2023-02-20 00:00:00,Coinbase,2619616,81863
2023-12-11 00:00:00,Coinbase,4400129.387339817,137504.0433543693
2024-09-30 00:00:00,Coinbase,4043650.259665963,126364.07061456134
2026-07-06 00:00:00,Coinbase,1650996.732352696,51593.64788602175
2025-09-08 00:00:00,Unidentified,8363982.617208108,261374.45678775338
2022-03-07 00:00:00,ether.fi,0,0
2024-02-19 00:00:00,ether.fi,471712.00734596,14741.00022956125
2023-01-23 00:00:00,Binance,1138560,35580
2023-03-13 00:00:00,Binance,1159840,36245
2021-07-12 00:00:00,Rocket Pool,0,0
2021-09-13 00:00:00,Rocket Pool,0,0
2021-11-15 00:00:00,Rocket Pool,2976,93
2023-10-16 00:00:00,Rocket Pool,802539.5558677778,25079.361120868056
2023-12-18 00:00:00,StakeWise,12928,404
2021-08-23 00:00:00,Liquid Collective,0,0
2021-08-23 00:00:00,Revolut,0,0
2022-05-30 00:00:00,Revolut,0,0
2022-08-08 00:00:00,Revolut,0,0
2021-09-27 00:00:00,Upbit,0,0
2024-05-27 00:00:00,stakefish,459840.427226682,14370.013350833813
2025-12-08 00:00:00,stakefish,292226.77941778,9132.086856805625
2021-08-09 00:00:00,Octant,0,0
2021-12-13 00:00:00,Octant,0,0
2022-12-26 00:00:00,Octant,0,0
2023-11-06 00:00:00,Octant,100000,3125
2023-01-02 00:00:00,Everstake,6400,200
2023-03-06 00:00:00,Everstake,6400,200
2025-06-30 00:00:00,Everstake,653984,20437
2021-07-05 00:00:00,P2P.org,0,0
2024-06-03 00:00:00,Gate.io,42560.131129146,1330.0040977858125
2020-11-23 00:00:00,CoinSpot,0,0
2023-04-03 00:00:00,CoinSpot,127904,3997
2024-06-10 00:00:00,CoinSpot,137664,4302
2022-05-09 00:00:00,OKX,47553,1486.03125
2025-08-04 00:00:00,OKX,642977.122276626,20093.03507114456
2026-08-17 00:00:00,OKX,535270.122276626,16727.19132114456
2021-08-30 00:00:00,Kelp DAO,0,0
2021-10-18 00:00:00,Blockdaemon,0,0
2024-01-08 00:00:00,Stader,75632.031441144,2363.50098253575
2024-12-16 00:00:00,Solo Stakers,238654.03356094903,7457.938548779657
2021-02-15 00:00:00,Mantle,0,0
2024-02-05 00:00:00,Mantle,472576,14768
2022-02-21 00:00:00,Bitcoin Suisse,256352,8011
2023-03-27 00:00:00,DARMA Capital,326112,10191
2025-03-03 00:00:00,DARMA Capital,242656,7583
2023-11-06 00:00:00,Bitstamp,132960,4155
2024-05-06 00:00:00,Bitstamp,160992,5031
2024-04-22 00:00:00,Consensys,88032,2751
2024-06-17 00:00:00,Consensys,96800,3025
2025-01-13 00:00:00,Consensys,111328,3479
2025-02-03 00:00:00,Consensys,112000,3500
2026-04-13 00:00:00,Kraken,1623944.145769191,50748.25455528722
2023-09-18 00:00:00,Kiln,707904,22122
2021-02-01 00:00:00,Unidentified,1124416,35138
2021-08-23 00:00:00,Unidentified,1764960,55155
2023-03-27 00:00:00,Unidentified,3230453,100951.65625
2021-08-09 00:00:00,Coinbase,1077536,33673
2025-01-06 00:00:00,Coinbase,3344866.529188424,104527.07903713825
2022-04-11 00:00:00,Binance,957952,29936
2025-05-12 00:00:00,Binance,2500768.4235978676,78149.01323743336
2024-12-09 00:00:00,Liquid Collective,106016,3313
2021-01-04 00:00:00,ether.fi,0,0
2022-06-20 00:00:00,ether.fi,0,0
2025-06-16 00:00:00,ether.fi,2330526.1363767767,72828.94176177427
2022-11-07 00:00:00,StakeWise,12192,381
2025-01-20 00:00:00,StakeWise,125088.004008038,3909.0001252511875
2026-04-06 00:00:00,Revolut,98720,3085
2021-08-23 00:00:00,stakefish,257664,8052
2023-06-12 00:00:00,stakefish,289088,9034
2021-12-27 00:00:00,Octant,0,0
2022-03-28 00:00:00,Everstake,6400,200
2025-08-18 00:00:00,Everstake,676096,21128
2023-08-07 00:00:00,P2P.org,138400,4325
2024-11-11 00:00:00,Lido,9777276.831556538,305539.9009861418
2025-07-14 00:00:00,Lido,9095548.909448335,284235.90342026047
2023-02-13 00:00:00,CoinSpot,127904,3997
2025-10-20 00:00:00,CoinSpot,137664,4302
2025-12-22 00:00:00,CoinSpot,137664,4302
2021-02-08 00:00:00,OKX,23809,744.03125
2021-11-01 00:00:00,OKX,37281,1165.03125
2021-11-15 00:00:00,OKX,38657,1208.03125
2023-05-08 00:00:00,OKX,289825,9057.03125
2024-12-02 00:00:00,OKX,427137.12227662595,13348.03507114456
2021-08-23 00:00:00,Figment,0,0
2024-09-02 00:00:00,Figment,845376.015196235,26418.000474882345
2022-07-11 00:00:00,Kelp DAO,0,0
2022-08-08 00:00:00,Others,826912,25841
2023-07-31 00:00:00,Others,1094955.76652854,34217.36770401688
2022-11-07 00:00:00,Blockdaemon,32,1
2025-12-22 00:00:00,Blockdaemon,895328.3687742599,27979.011524195623
2021-02-15 00:00:00,Stader,0,0
2025-03-10 00:00:00,Stader,140514.505125107,4391.078285159594
2021-04-05 00:00:00,Solo Stakers,142016,4438
2024-09-16 00:00:00,Solo Stakers,342665.93261915003,10708.310394348438
2024-11-11 00:00:00,Mantle,480256,15008
2021-03-15 00:00:00,imToken,0,0
2024-03-11 00:00:00,imToken,60640,1895
2024-10-07 00:00:00,imToken,69632,2176
2025-09-29 00:00:00,imToken,74912,2341
2025-10-20 00:00:00,Bitstamp,208736.17967872,6523.00561496
2024-04-01 00:00:00,Kraken,811872.8919551391,25371.027873598097
2025-09-01 00:00:00,Kraken,1343170.111468648,41974.06598339525
2021-01-25 00:00:00,Unidentified,1098240,34320
2021-10-25 00:00:00,Unidentified,1824928,57029
2020-11-16 00:00:00,Binance,0,0
2022-10-03 00:00:00,Binance,1056128,33004
2024-03-18 00:00:00,Binance,1241152.41025217,38786.01282038031
2022-06-06 00:00:00,Liquid Collective,0,0
2026-01-12 00:00:00,Liquid Collective,282464.131566551,8827.004111454718
2021-06-07 00:00:00,Rocket Pool,0,0
2022-10-03 00:00:00,Rocket Pool,279040,8720
2026-03-09 00:00:00,Rocket Pool,487197.4595472317,15224.92061085099
2024-06-03 00:00:00,StakeWise,23488.000021535998,734.0000006729999
2021-10-04 00:00:00,Revolut,0,0
2024-07-01 00:00:00,Revolut,47936,1498
2024-08-26 00:00:00,Upbit,446560,13955
2024-11-18 00:00:00,Upbit,423968,13249
2025-11-24 00:00:00,stakefish,346914.77941778,10841.086856805625
2026-03-23 00:00:00,stakefish,294377.80452654,9199.306391454375
2020-12-07 00:00:00,Octant,0,0
2022-07-04 00:00:00,Octant,0,0
2024-06-10 00:00:00,Octant,100352,3136
2021-01-25 00:00:00,Everstake,6400,200
2023-09-11 00:00:00,Everstake,6496,203
2024-04-29 00:00:00,Everstake,345408,10794
2024-07-01 00:00:00,Everstake,447776,13993
2021-01-25 00:00:00,P2P.org,0,0
2021-10-11 00:00:00,Gate.io,32000,1000
2022-12-26 00:00:00,Gate.io,32000,1000
2021-06-28 00:00:00,CoinSpot,0,0
2024-11-25 00:00:00,CoinSpot,137664,4302
2026-09-14 00:00:00,CoinSpot,137664,4302
2022-10-24 00:00:00,Figment,284512,8891
2026-01-19 00:00:00,Figment,1450176.015196235,45318.00047488234
2022-11-28 00:00:00,Kelp DAO,0,0
2024-07-22 00:00:00,Others,1878508.3946932429,58703.38733416384
2024-12-16 00:00:00,Others,1161272.244564054,36289.75764262669
2025-05-26 00:00:00,Others,888661.592743925,27770.674773247658
2022-04-04 00:00:00,Blockdaemon,0,0
2022-04-11 00:00:00,Stader,0,0
2025-12-08 00:00:00,Stader,155331.66793384202,4854.114622932563
2022-11-07 00:00:00,Solo Stakers,369600,11550
2025-12-08 00:00:00,Solo Stakers,146370.34705511708,4574.073345472409
2025-01-13 00:00:00,Mantle,463040,14470
2025-12-29 00:00:00,Mantle,149408,4669
2022-01-10 00:00:00,Bitcoin Suisse,251328,7854
2022-10-24 00:00:00,Bitcoin Suisse,295040,9220
2021-12-27 00:00:00,DARMA Capital,324544,10142
2022-07-25 00:00:00,DARMA Capital,324544,10142
2022-10-03 00:00:00,DARMA Capital,324544,10142
2024-02-12 00:00:00,imToken,60448,1889
2025-12-01 00:00:00,imToken,57952,1811
2024-12-02 00:00:00,Bitstamp,192320,6010
2026-08-17 00:00:00,Bitstamp,217152.17967872,6786.00561496
2022-10-31 00:00:00,Consensys,0,0
2023-08-21 00:00:00,Kraken,829536.567514801,25923.017734837533
2021-02-01 00:00:00,Kiln,0,0
2025-12-01 00:00:00,Kiln,584400.710848027,18262.522214000845
2024-04-15 00:00:00,Unidentified,5577210.413604167,174287.82542513023
2025-05-12 00:00:00,Unidentified,7157502.938596505,223671.96683114077
2021-12-13 00:00:00,Coinbase,1530496,47828
2024-07-15 00:00:00,Binance,1173344.4235978678,36667.01323743337
2025-01-27 00:00:00,Liquid Collective,110752,3461
2025-02-10 00:00:00,Liquid Collective,108448,3389
2021-11-22 00:00:00,ether.fi,0,0
2022-06-27 00:00:00,ether.fi,0,0
2022-08-22 00:00:00,ether.fi,0,0
2024-11-04 00:00:00,ether.fi,1626336.042821306,50823.001338165814
2026-06-08 00:00:00,ether.fi,1749792.512025645,54681.016000801406
2022-05-30 00:00:00,Rocket Pool,185056,5783
2023-01-30 00:00:00,Rocket Pool,380704,11897
2023-04-03 00:00:00,Rocket Pool,443584,13862
2022-03-14 00:00:00,StakeWise,12192,381
2023-12-25 00:00:00,StakeWise,13568,424
2025-01-06 00:00:00,StakeWise,110016.004008038,3438.0001252511875
2022-09-26 00:00:00,Revolut,32,1
2023-11-13 00:00:00,Revolut,40896,1278
2024-11-04 00:00:00,Revolut,54112,1691
2026-01-26 00:00:00,Revolut,73408,2294
2026-03-30 00:00:00,Revolut,97344,3042
2026-08-24 00:00:00,Revolut,115936,3623
2022-10-17 00:00:00,Upbit,59360,1855
2024-04-08 00:00:00,Upbit,379872,11871
2025-01-06 00:00:00,Upbit,388800,12150
2025-02-17 00:00:00,Upbit,412384,12887
2023-12-04 00:00:00,stakefish,341504.427226682,10672.013350833813
2026-09-14 00:00:00,stakefish,285581.80452654,8924.431391454375
2022-01-24 00:00:00,Octant,0,0
2022-02-07 00:00:00,Octant,0,0
2022-06-20 00:00:00,Octant,0,0
2025-06-30 00:00:00,Octant,100352,3136
2022-02-14 00:00:00,Everstake,6400,200
2022-04-11 00:00:00,Everstake,6400,200
2022-10-31 00:00:00,Everstake,6400,200
2024-03-11 00:00:00,P2P.org,293376,9168
2022-02-07 00:00:00,Gate.io,32000,1000
2023-07-31 00:00:00,Lido,7981701.762196283,249428.18006863384
2023-11-13 00:00:00,Lido,8975397.762196284,280481.18006863387
2025-10-20 00:00:00,Lido,8585020.922204455,268281.90381888923
2026-02-02 00:00:00,Lido,9557022.849865446,298656.9640582952
2023-12-04 00:00:00,OKX,582753,18211.03125
2022-12-12 00:00:00,Figment,410144,12817
2026-02-02 00:00:00,Figment,1489888.015196235,46559.00047488234
2022-09-05 00:00:00,Stader,0,0
2024-02-26 00:00:00,Stader,130384.031441144,4074.50098253575
2021-12-20 00:00:00,Bitcoin Suisse,218528,6829
2024-07-22 00:00:00,Bitcoin Suisse,529687.852291453,16552.745384107908
2023-02-20 00:00:00,imToken,39520,1235
2026-09-21 00:00:00,imToken,55392,1731
2024-03-04 00:00:00,Bitstamp,170240,5320
2025-03-10 00:00:00,Bitstamp,205408,6419
2024-08-19 00:00:00,Consensys,101600,3175
2025-10-27 00:00:00,Kraken,1429250.111468648,44664.06598339525
2025-05-05 00:00:00,Unidentified,7213526.149871165,225422.6921834739
2024-05-13 00:00:00,Coinbase,4372321.72684856,136635.0539640175
2021-02-15 00:00:00,Binance,490304,15322
2023-08-28 00:00:00,Binance,1333568.17906345,41674.005595732815
2024-04-22 00:00:00,Liquid Collective,86496,2703
2020-12-28 00:00:00,ether.fi,0,0
2020-12-28 00:00:00,Rocket Pool,0,0
2022-05-16 00:00:00,StakeWise,12192,381
2022-07-04 00:00:00,StakeWise,12192,381
2022-10-17 00:00:00,StakeWise,12192,381
2026-03-09 00:00:00,StakeWise,381218.348667935,11913.073395872969
2022-12-26 00:00:00,Revolut,32,1
2023-11-20 00:00:00,Revolut,41792,1306
2024-10-28 00:00:00,Upbit,459968,14374
2025-04-21 00:00:00,Upbit,509760,15930
2022-10-24 00:00:00,stakefish,279680,8740
2024-08-05 00:00:00,stakefish,465664.427226682,14552.013350833813
2026-07-06 00:00:00,stakefish,294283.80452654,9196.368891454375
2022-02-28 00:00:00,Octant,0,0
2021-03-29 00:00:00,Everstake,6400,200
2022-09-12 00:00:00,Everstake,6400,200
2021-05-31 00:00:00,P2P.org,0,0
2022-08-01 00:00:00,Gate.io,32000,1000
2022-05-23 00:00:00,Lido,4112800,128525
2022-10-03 00:00:00,Lido,4262496,133203
2021-02-22 00:00:00,CoinSpot,0,0
2024-02-05 00:00:00,CoinSpot,137664,4302
2021-11-22 00:00:00,OKX,38977,1218.03125
2021-04-26 00:00:00,Figment,0,0
2023-12-04 00:00:00,Figment,1268992,39656
2025-01-20 00:00:00,Figment,914208.015196235,28569.000474882345
2023-09-18 00:00:00,Kelp DAO,0,0
2024-03-25 00:00:00,Others,1966801.057119595,61462.53303498734
2021-07-19 00:00:00,Blockdaemon,0,0
2024-04-22 00:00:00,Blockdaemon,363072.154437567,11346.004826173968
2025-10-20 00:00:00,Blockdaemon,919456.193365339,28733.006042666842
2026-05-25 00:00:00,Blockdaemon,1118880.36877426,34965.01152419562
2026-08-31 00:00:00,Stader,85973.73436620703,2686.67919894397
2022-07-04 00:00:00,Solo Stakers,332832,10401
2022-11-28 00:00:00,Solo Stakers,376736,11773
2025-01-20 00:00:00,Solo Stakers,180446.603810135,5638.956369066719
2021-09-20 00:00:00,Mantle,0,0
2021-01-04 00:00:00,Bitcoin Suisse,122048,3814
2021-11-01 00:00:00,Bitcoin Suisse,212832,6651
2024-09-30 00:00:00,Bitcoin Suisse,534487.852291453,16702.745384107908
2020-11-09 00:00:00,imToken,0,0
2021-11-01 00:00:00,Kraken,906176,28318
2020-12-07 00:00:00,Kiln,0,0
2022-02-21 00:00:00,Kiln,96,3
2023-10-02 00:00:00,Kiln,739552,23111
2022-11-21 00:00:00,Unidentified,2698261,84320.65625
2024-01-22 00:00:00,Coinbase,4401089.387339817,137534.0433543693
2025-07-14 00:00:00,Binance,2993360.4235978676,93542.51323743336
2022-09-05 00:00:00,Liquid Collective,0,0
2023-01-02 00:00:00,ether.fi,0,0
2020-12-21 00:00:00,Rocket Pool,0,0
2025-07-14 00:00:00,Rocket Pool,659108.5135904328,20597.141049701026
2025-10-06 00:00:00,Rocket Pool,621947.6560064128,19435.8642502004
2025-12-08 00:00:00,StakeWise,343606.9321720849,10737.716630377654
2021-12-27 00:00:00,Revolut,0,0
2022-07-25 00:00:00,Revolut,0,0
2023-01-16 00:00:00,Revolut,64,2
2023-11-27 00:00:00,Revolut,42208,1319
2022-10-24 00:00:00,Upbit,59936,1873
2025-12-22 00:00:00,Upbit,393408,12294
2021-02-22 00:00:00,stakefish,208352,6511
2021-04-26 00:00:00,stakefish,216480,6765
2021-03-08 00:00:00,Octant,0,0
2021-07-05 00:00:00,Octant,0,0
2024-05-20 00:00:00,Gate.io,42560.131129146,1330.0040977858125
2025-05-05 00:00:00,Gate.io,53824.131129146,1682.0040977858125
2024-09-09 00:00:00,Lido,9765116.831556538,305159.9009861418
2024-03-04 00:00:00,CoinSpot,137664,4302
2021-08-30 00:00:00,OKX,33345,1042.03125
2021-11-08 00:00:00,OKX,38017,1188.03125
2021-12-20 00:00:00,OKX,38977,1218.03125
2026-08-24 00:00:00,Figment,1388744.6810099508,43398.27128156096
2025-08-04 00:00:00,Kelp DAO,133792.500123027,4181.015628844594
2021-02-01 00:00:00,Others,307584,9612
2022-03-07 00:00:00,Others,685152,21411
2024-10-21 00:00:00,Others,1538373.022148891,48074.15694215284
2021-09-20 00:00:00,Blockdaemon,0,0
2022-10-10 00:00:00,Blockdaemon,0,0
2024-01-01 00:00:00,Blockdaemon,395520,12360
2026-06-01 00:00:00,Blockdaemon,1121408.36877426,35044.01152419562
2020-11-02 00:00:00,Solo Stakers,8288,259
2021-06-07 00:00:00,Solo Stakers,171488,5359
2021-09-13 00:00:00,Solo Stakers,248704,7772
2023-01-16 00:00:00,Solo Stakers,387936,12123
2024-10-14 00:00:00,Solo Stakers,340233.93261915003,10632.310394348438
2026-06-15 00:00:00,Solo Stakers,130996.5203273631,4093.641260230097
2023-03-27 00:00:00,Mantle,0,0
2023-12-11 00:00:00,Mantle,145376,4543
2020-11-02 00:00:00,Bitcoin Suisse,0,0
2021-12-20 00:00:00,DARMA Capital,324544,10142
2022-01-31 00:00:00,DARMA Capital,324544,10142
2026-07-27 00:00:00,DARMA Capital,174528,5454
2023-12-11 00:00:00,imToken,47712,1491
2026-04-27 00:00:00,imToken,56896,1778
2024-10-28 00:00:00,Bitstamp,170432,5326
2025-07-07 00:00:00,Consensys,118848,3714
2022-04-25 00:00:00,Kraken,1034048,32314
2023-04-24 00:00:00,Kraken,797568.318475579,24924.009952361845
2026-07-13 00:00:00,Kraken,1669294.975988882,52165.46799965256
2022-04-18 00:00:00,Kiln,96,3
2021-04-05 00:00:00,Unidentified,1324928,41404
2022-03-28 00:00:00,Unidentified,2039680,63740
2021-08-16 00:00:00,Coinbase,1096512,34266
2022-10-24 00:00:00,Coinbase,2285920,71435
2023-12-25 00:00:00,Coinbase,4450049.387339817,139064.0433543693
2022-04-25 00:00:00,Binance,962304,30072
2023-02-27 00:00:00,Binance,1159840,36245
2023-12-04 00:00:00,Binance,1252448.41025217,39139.01282038031
2024-11-18 00:00:00,Binance,1900864.4235978678,59402.01323743337
2020-12-21 00:00:00,Liquid Collective,0,0
2021-03-15 00:00:00,Liquid Collective,0,0
2026-02-09 00:00:00,Liquid Collective,282912.131566551,8841.004111454718
2026-09-14 00:00:00,Liquid Collective,319392.287525154,9981.008985161063
2022-09-12 00:00:00,ether.fi,0,0
2025-12-15 00:00:00,ether.fi,2138521.317778566,66828.79118058019
2022-11-21 00:00:00,Rocket Pool,311280,9727.5
2023-05-22 00:00:00,Rocket Pool,654885.3075731639,20465.16586166137
2026-01-12 00:00:00,Rocket Pool,562939.5475618917,17591.860861309116
2020-11-16 00:00:00,StakeWise,0,0
2021-04-19 00:00:00,StakeWise,3136,98
2024-04-15 00:00:00,StakeWise,18592.000021535998,581.0000006729999
2024-07-29 00:00:00,StakeWise,34336.000021536,1073.000000673
2026-05-11 00:00:00,StakeWise,324074.4185848911,10127.325580777846
2022-04-04 00:00:00,Revolut,0,0
2024-04-29 00:00:00,Revolut,46624,1457
2024-12-09 00:00:00,Revolut,48672,1521
2021-04-26 00:00:00,Upbit,0,0
2021-07-26 00:00:00,Upbit,0,0
2024-12-30 00:00:00,Upbit,390336,12198
2022-05-23 00:00:00,stakefish,277312,8666
2023-04-03 00:00:00,stakefish,281184,8787
2025-06-02 00:00:00,Octant,100352,3136
2026-03-30 00:00:00,Octant,100352,3136
2021-03-22 00:00:00,P2P.org,0,0
2023-02-20 00:00:00,Gate.io,32000,1000
2024-07-22 00:00:00,Gate.io,52576.131129146,1643.0040977858125
2026-02-02 00:00:00,Gate.io,54816.131129146,1713.0040977858125
2021-08-09 00:00:00,Lido,757472,23671
2022-04-04 00:00:00,Lido,3153280,98540
2022-05-30 00:00:00,Lido,4117632,128676
2022-10-31 00:00:00,Lido,4519168,141224
2025-03-17 00:00:00,Lido,9331068.833994765,291595.9010623364
2021-03-29 00:00:00,CoinSpot,0,0
2023-02-20 00:00:00,CoinSpot,127904,3997
2023-09-25 00:00:00,CoinSpot,137664,4302
2021-06-07 00:00:00,OKX,31297,978.03125
2021-07-26 00:00:00,OKX,32481,1015.03125
2022-11-28 00:00:00,OKX,64801,2025.03125
2023-07-03 00:00:00,OKX,360641,11270.03125
2025-11-24 00:00:00,OKX,558590.122276626,17455.94132114456
2020-11-23 00:00:00,Figment,0,0
2021-02-22 00:00:00,Figment,0,0
2023-08-14 00:00:00,Figment,1020896,31903
2026-01-26 00:00:00,Figment,1455904.015196235,45497.00047488234
2022-09-12 00:00:00,Kelp DAO,0,0
2025-03-03 00:00:00,Kelp DAO,125920.500123027,3935.0156288445937
2022-05-09 00:00:00,Others,795392,24856
2024-09-02 00:00:00,Others,1685062.3641086207,52658.198878394396
2021-04-12 00:00:00,Solo Stakers,142432,4451
2020-12-21 00:00:00,Bitcoin Suisse,113408,3544
2024-05-27 00:00:00,Bitcoin Suisse,539799.852291453,16868.745384107908
2025-07-28 00:00:00,Bitcoin Suisse,454423.85229145305,14200.745384107908
2021-01-11 00:00:00,DARMA Capital,0,0
2021-12-13 00:00:00,DARMA Capital,324544,10142
2021-11-01 00:00:00,imToken,14944,467
2023-06-19 00:00:00,imToken,34912,1091
2023-04-17 00:00:00,Bitstamp,92864,2902
2023-06-05 00:00:00,Bitstamp,78752,2461
2023-07-31 00:00:00,Bitstamp,85120,2660
2025-11-03 00:00:00,Kraken,1406850.111468648,43964.06598339525
2021-09-27 00:00:00,Kiln,0,0
2021-11-29 00:00:00,Kiln,32,1
2024-07-08 00:00:00,Kiln,1154656,36083
2024-10-07 00:00:00,Kiln,1248000,39000
2025-03-03 00:00:00,Unidentified,7199059.244397387,224970.60138741834
2025-05-19 00:00:00,Unidentified,7201106.668055309,225034.5833767284
2026-01-19 00:00:00,Coinbase,1844807.3175656963,57650.22867392801
2022-08-01 00:00:00,Binance,1007584,31487
2024-02-19 00:00:00,Binance,1219424.41025217,38107.01282038031
2023-03-06 00:00:00,Liquid Collective,1632,51
2024-04-29 00:00:00,Liquid Collective,86528,2704
2024-06-24 00:00:00,Liquid Collective,87744,2742
2024-12-02 00:00:00,Liquid Collective,108032,3376
2026-07-06 00:00:00,Liquid Collective,318976.287525154,9968.008985161063
2022-10-10 00:00:00,ether.fi,0,0
2024-09-23 00:00:00,ether.fi,1688352.042821306,52761.001338165814
2025-06-23 00:00:00,ether.fi,2330826.1363767767,72838.31676177427
2021-06-14 00:00:00,Rocket Pool,0,0
2021-03-08 00:00:00,Revolut,0,0
2022-04-11 00:00:00,Revolut,0,0
2024-04-08 00:00:00,Revolut,45184,1412
2020-12-28 00:00:00,Upbit,0,0
2021-06-21 00:00:00,Upbit,0,0
2021-10-18 00:00:00,Upbit,0,0
2025-08-18 00:00:00,Upbit,436992,13656
2026-05-18 00:00:00,Upbit,594272,18571
2024-11-18 00:00:00,stakefish,496544.427226682,15517.013350833813
2025-01-06 00:00:00,stakefish,483328.602691525,15104.018834110157
2026-01-19 00:00:00,stakefish,292041.77941778,9126.305606805625
2022-01-31 00:00:00,Octant,0,0
2022-04-04 00:00:00,Everstake,6400,200
2022-11-14 00:00:00,P2P.org,0,0
2022-03-07 00:00:00,Lido,2206944,68967
2025-04-28 00:00:00,CoinSpot,137664,4302
2026-07-13 00:00:00,CoinSpot,137664,4302
2021-01-04 00:00:00,OKX,20097,628.03125
2022-08-22 00:00:00,OKX,55521,1735.03125
2025-07-21 00:00:00,Figment,1442336.015196235,45073.00047488234
2021-05-03 00:00:00,Kelp DAO,0,0
2022-12-26 00:00:00,Kelp DAO,0,0
2023-03-06 00:00:00,Others,1005696,31428
2023-03-13 00:00:00,Others,1015808,31744
2024-05-20 00:00:00,Others,2366146.0672403323,73942.06460126038
2022-10-31 00:00:00,Blockdaemon,0,0
2024-07-01 00:00:00,Blockdaemon,298368.154437567,9324.004826173968
2023-11-06 00:00:00,Stader,40172.031441144005,1255.3759825357502
2024-06-10 00:00:00,Stader,135321.041698156,4228.782553067375
2024-08-12 00:00:00,Stader,120609.50512510703,3769.0470351595945
2020-11-16 00:00:00,Solo Stakers,43616,1363
2021-01-18 00:00:00,Solo Stakers,127200,3975
2023-12-18 00:00:00,Bitcoin Suisse,560023.852291453,17500.745384107908
2025-08-04 00:00:00,Bitcoin Suisse,454327.85229145305,14197.745384107908
2021-07-12 00:00:00,DARMA Capital,324544,10142
2022-02-21 00:00:00,DARMA Capital,324544,10142
2022-04-04 00:00:00,DARMA Capital,324544,10142
2024-04-15 00:00:00,DARMA Capital,326112,10191
2024-08-05 00:00:00,Bitstamp,163968,5124
2024-08-26 00:00:00,Bitstamp,166880,5215
2021-01-11 00:00:00,Consensys,0,0
2024-11-11 00:00:00,Consensys,123232,3851
2025-11-03 00:00:00,Consensys,102656,3208
2024-08-05 00:00:00,Kraken,871904.8919551391,27247.027873598097
2025-05-26 00:00:00,Kraken,1102305.5760555342,34447.04925173544
2022-09-19 00:00:00,Kiln,800,25
2025-11-03 00:00:00,Kiln,510152.6464472511,15942.270201476596
2025-03-17 00:00:00,Unidentified,7327655.880901083,228989.24627815885
2026-06-01 00:00:00,Unidentified,16013670.857165253,500427.21428641415
2021-10-11 00:00:00,Coinbase,1340736,41898
2026-08-24 00:00:00,Coinbase,1601266.1866146962,50039.568331709255
2022-11-28 00:00:00,Binance,1113792,34806
2023-01-30 00:00:00,Binance,1138560,35580
2024-07-01 00:00:00,Liquid Collective,87936,2748
2025-07-07 00:00:00,Liquid Collective,302848.131566551,9464.004111454718
2026-07-20 00:00:00,Liquid Collective,319232.287525154,9976.008985161063
2022-01-17 00:00:00,ether.fi,0,0
2024-04-01 00:00:00,ether.fi,965972.00734596,30186.62522956125
2024-05-27 00:00:00,ether.fi,1316105.00734596,41128.28147956125
2025-03-17 00:00:00,ether.fi,1885596.136376777,58924.87926177428
2023-01-23 00:00:00,Rocket Pool,374336,11698
2026-08-10 00:00:00,Rocket Pool,452863.8804363407,14151.996263635647
2025-08-11 00:00:00,StakeWise,310624.01485448994,9707.00046420281
2026-06-29 00:00:00,StakeWise,333685.68146767106,10427.67754586472
2022-01-24 00:00:00,Revolut,0,0
2022-11-07 00:00:00,Revolut,32,1
2022-01-17 00:00:00,Upbit,2016,63
2024-09-23 00:00:00,stakefish,489600.427226682,15300.013350833813
2022-09-05 00:00:00,Octant,0,0
2022-05-23 00:00:00,Everstake,6400,200
2023-05-08 00:00:00,Everstake,6400,200
2023-11-13 00:00:00,Everstake,25600,800
2024-12-09 00:00:00,P2P.org,452928.152447009,14154.004763969031
2021-03-15 00:00:00,Lido,185664,5802
2025-05-19 00:00:00,Lido,8992924.841869934,281028.9013084354
2026-05-18 00:00:00,CoinSpot,137664,4302
2021-06-14 00:00:00,OKX,31457,983.03125
2022-02-21 00:00:00,OKX,41313,1291.03125
2022-11-21 00:00:00,OKX,64417,2013.03125
2021-01-11 00:00:00,Figment,0,0
2026-09-07 00:00:00,Figment,1353416.6810099508,42294.27128156096
2021-02-08 00:00:00,Kelp DAO,0,0
2024-02-19 00:00:00,Kelp DAO,25120,785
2021-10-11 00:00:00,Others,528448,16514
2023-01-09 00:00:00,Others,946624,29582
2023-08-21 00:00:00,Others,1110222.361092743,34694.44878414822
2022-03-28 00:00:00,Blockdaemon,0,0
2022-05-09 00:00:00,Stader,0,0
2021-02-15 00:00:00,Solo Stakers,131968,4124
2022-04-11 00:00:00,Solo Stakers,307104,9597
2021-04-19 00:00:00,Mantle,0,0
2022-04-04 00:00:00,Mantle,0,0
2023-08-28 00:00:00,Mantle,0,0
2024-01-29 00:00:00,Mantle,402688,12584
2025-02-17 00:00:00,Mantle,454752,14211
2022-02-14 00:00:00,DARMA Capital,324544,10142
2026-02-02 00:00:00,DARMA Capital,239424,7482
2026-02-23 00:00:00,DARMA Capital,239424,7482
2021-10-25 00:00:00,imToken,14912,466
2022-08-15 00:00:00,Bitstamp,55680,1740
2023-02-13 00:00:00,Bitstamp,91232,2851
2025-03-17 00:00:00,Bitstamp,206048,6439
2023-03-27 00:00:00,Consensys,0,0
2024-05-06 00:00:00,Consensys,91520,2860
2022-05-23 00:00:00,Kraken,1087040,33970
2024-03-11 00:00:00,Kraken,820096.8919551391,25628.027873598097
2025-09-08 00:00:00,Kraken,1345922.111468648,42060.06598339525
2025-07-14 00:00:00,Unidentified,7421468.7901674565,231920.89969273302
2021-06-14 00:00:00,Coinbase,808096,25253
2021-11-08 00:00:00,Coinbase,1428608,44644
2022-01-31 00:00:00,Coinbase,1648672,51521
2023-04-03 00:00:00,Coinbase,2722688,85084
2021-09-13 00:00:00,Binance,866304,27072
2024-05-13 00:00:00,Binance,1073440.4235978678,33545.01323743337
2024-05-06 00:00:00,Liquid Collective,86560,2705
2020-11-02 00:00:00,Rocket Pool,0,0
2021-05-10 00:00:00,Rocket Pool,0,0
2021-08-02 00:00:00,Rocket Pool,0,0
2026-05-04 00:00:00,Rocket Pool,469981.6456090417,14686.926425282552
2022-08-29 00:00:00,StakeWise,12192,381
2023-04-03 00:00:00,StakeWise,12192,381
2024-03-18 00:00:00,StakeWise,15936.000021536,498.000000673
2026-01-19 00:00:00,StakeWise,368326.586583888,11510.2058307465
2024-05-06 00:00:00,Upbit,392320,12260
2024-07-29 00:00:00,Upbit,424896,13278
2025-06-23 00:00:00,Upbit,490720,15335
2022-08-22 00:00:00,stakefish,278944,8717
2025-06-23 00:00:00,stakefish,406688.77941778,12709.024356805625
2021-01-18 00:00:00,Octant,0,0
2023-01-16 00:00:00,Octant,0,0
2025-03-31 00:00:00,Octant,100352,3136
2021-06-28 00:00:00,Everstake,6400,200
2021-10-25 00:00:00,Everstake,6400,200
2022-04-18 00:00:00,Everstake,6400,200
2022-11-07 00:00:00,Everstake,6400,200
2025-10-20 00:00:00,Everstake,702432,21951
2022-08-22 00:00:00,P2P.org,0,0
2023-01-02 00:00:00,P2P.org,0,0
2026-09-21 00:00:00,P2P.org,345635.68617649097,10801.115193015343
2021-12-13 00:00:00,Gate.io,32000,1000
2021-08-30 00:00:00,Lido,1158400,36200
2021-10-18 00:00:00,Lido,1340032,41876
2025-03-17 00:00:00,CoinSpot,137664,4302
2025-02-03 00:00:00,OKX,459329.12227662595,14354.03507114456
2021-06-21 00:00:00,Figment,0,0
2025-09-22 00:00:00,Figment,1450464.015196235,45327.00047488234
2022-09-05 00:00:00,Kelp DAO,0,0
2023-09-25 00:00:00,Kelp DAO,0,0
2022-10-31 00:00:00,Others,869952,27186
2025-04-07 00:00:00,Others,980488.5526739329,30640.267271060402
2025-09-08 00:00:00,Others,805127.0407993051,25160.220024978284
2024-03-04 00:00:00,Blockdaemon,265056.154437567,8283.004826173968
2024-10-21 00:00:00,Blockdaemon,373632.193365339,11676.006042666844
2021-08-09 00:00:00,Stader,0,0
2024-05-20 00:00:00,Stader,134418.041698156,4200.563803067375
2026-03-23 00:00:00,Stader,137476.73436620703,4296.14794894397
2021-04-12 00:00:00,Mantle,0,0
2023-04-24 00:00:00,Mantle,0,0
2025-07-21 00:00:00,Mantle,364768,11399
2023-10-09 00:00:00,Bitcoin Suisse,542080,16940
2026-04-27 00:00:00,Bitcoin Suisse,424407.85229145305,13262.745384107908
2025-09-08 00:00:00,DARMA Capital,239424,7482
2021-05-17 00:00:00,imToken,4352,136
2026-01-19 00:00:00,imToken,56192,1756
2023-02-20 00:00:00,Bitstamp,91296,2853
2023-09-25 00:00:00,Bitstamp,80768,2524
2025-05-26 00:00:00,Bitstamp,211936.168374685,6623.005261708906
2025-06-30 00:00:00,Bitstamp,217888.168374685,6809.005261708906
2024-06-24 00:00:00,Consensys,97120,3035
2021-07-26 00:00:00,Kraken,806240,25195
2024-02-12 00:00:00,Kraken,830272.8919551391,25946.027873598097
2025-09-15 00:00:00,Kraken,1332674.111468648,41646.06598339525
2026-06-08 00:00:00,Kraken,1411516.613924012,44109.89418512538
2026-06-08 00:00:00,Kiln,726392.391384611,22699.762230769094
2020-12-14 00:00:00,Unidentified,820960,25655
2021-08-02 00:00:00,Coinbase,1056192,33006
2024-08-05 00:00:00,Coinbase,4225922.07765931,132060.06492685343
2025-10-06 00:00:00,Coinbase,2550692.291949696,79709.134123428
2021-07-26 00:00:00,Binance,714304,22322
2021-11-22 00:00:00,Liquid Collective,0,0
2023-01-02 00:00:00,Liquid Collective,32,1
2024-03-25 00:00:00,Liquid Collective,69504,2172
2023-03-06 00:00:00,ether.fi,0,0
2022-01-03 00:00:00,Rocket Pool,74416,2325.5
2024-07-22 00:00:00,Rocket Pool,747222.3407372929,23350.698148040403
2022-10-24 00:00:00,StakeWise,12192,381
2024-05-20 00:00:00,StakeWise,19808.000021535998,619.0000006729999
2023-12-18 00:00:00,Revolut,44320,1385
2025-02-03 00:00:00,Revolut,51008,1594
2026-06-01 00:00:00,Revolut,105984,3312
2020-11-02 00:00:00,stakefish,0,0
2024-01-08 00:00:00,stakefish,371808.427226682,11619.013350833813
2025-02-24 00:00:00,stakefish,474816.602691525,14838.018834110157
2025-08-25 00:00:00,stakefish,370048.77941778,11564.024356805625
2023-02-13 00:00:00,Octant,0,0
2021-02-22 00:00:00,Everstake,6400,200
2025-04-28 00:00:00,Everstake,649856,20308
2020-11-02 00:00:00,P2P.org,0,0
2021-10-25 00:00:00,P2P.org,0,0
2024-09-02 00:00:00,P2P.org,437184.152447009,13662.004763969031
2024-09-30 00:00:00,Gate.io,52576.131129146,1643.0040977858125
2025-05-12 00:00:00,Gate.io,53824.131129146,1682.0040977858125
2025-06-30 00:00:00,Gate.io,53824.131129146,1682.0040977858125
2021-11-01 00:00:00,Lido,1407232,43976
2021-12-13 00:00:00,Lido,1557152,48661
2023-02-27 00:00:00,Lido,5480608,171269
2023-04-17 00:00:00,CoinSpot,127904,3997
2023-07-31 00:00:00,CoinSpot,137664,4302
2024-04-29 00:00:00,CoinSpot,137664,4302
2025-12-08 00:00:00,CoinSpot,137664,4302
2026-02-16 00:00:00,CoinSpot,137664,4302
2021-04-12 00:00:00,OKX,28385,887.03125
2022-11-14 00:00:00,Figment,323808,10119
2021-01-18 00:00:00,Kelp DAO,0,0
2021-04-12 00:00:00,Kelp DAO,0,0
2022-10-31 00:00:00,Kelp DAO,0,0
2023-02-13 00:00:00,Kelp DAO,0,0
2021-12-13 00:00:00,Others,618784,19337
2024-08-26 00:00:00,Others,1708794.3308753436,53399.82283985449
2022-09-12 00:00:00,Blockdaemon,0,0
2024-12-23 00:00:00,Blockdaemon,353536.193365339,11048.006042666844
2021-01-11 00:00:00,Stader,0,0
2023-02-27 00:00:00,Stader,0,0
2025-05-12 00:00:00,Stader,149889.514021428,4684.047313169625
2024-03-18 00:00:00,Solo Stakers,371752.49985119497,11617.265620349843
2025-04-14 00:00:00,Solo Stakers,163870.86478407102,5120.964524502219
2023-07-03 00:00:00,Mantle,0,0
2024-02-12 00:00:00,Mantle,489248,15289
2024-07-15 00:00:00,Mantle,498176,15568
2026-05-04 00:00:00,Bitcoin Suisse,424439.85229145305,13263.745384107908
2021-03-29 00:00:00,imToken,0,0
2021-10-18 00:00:00,imToken,14848,464
2022-05-23 00:00:00,imToken,22368,699
2023-06-12 00:00:00,imToken,36000,1125
2026-07-13 00:00:00,Consensys,101856,3183
2023-05-15 00:00:00,Kraken,768448.567514801,24014.017734837533
2022-02-14 00:00:00,Kiln,96,3
2024-03-11 00:00:00,Kiln,1138336,35573
2025-04-07 00:00:00,Kiln,1445920,45185
2021-03-15 00:00:00,Unidentified,1282368,40074
2021-07-05 00:00:00,Unidentified,1607488,50234
2026-02-23 00:00:00,Unidentified,12900072.700704906,403127.2718970283
2021-04-12 00:00:00,Coinbase,1568,49
2024-01-01 00:00:00,Coinbase,4464865.387339817,139527.0433543693
2025-01-13 00:00:00,Coinbase,3234210.529188424,101069.07903713825
2025-12-29 00:00:00,Coinbase,1903431.4596136962,59482.23311292801
2021-09-20 00:00:00,Binance,866304,27072
2021-11-15 00:00:00,Binance,889568,27799
2022-02-28 00:00:00,Binance,935232,29226
2025-01-20 00:00:00,Binance,2191232.4235978676,68476.01323743336
2026-03-02 00:00:00,Binance,3331728.4235978676,104116.51323743336
2022-05-16 00:00:00,Liquid Collective,0,0
2025-06-16 00:00:00,Liquid Collective,280128.131566551,8754.004111454718
2022-01-10 00:00:00,ether.fi,0,0
2023-10-23 00:00:00,ether.fi,14912.00381196,466.00011912375
2025-04-14 00:00:00,ether.fi,1919396.136376777,59981.12926177428
2021-01-04 00:00:00,Rocket Pool,0,0
2023-09-25 00:00:00,Rocket Pool,805591.5402514437,25174.735632857617
2024-05-20 00:00:00,Rocket Pool,775418.8631156929,24231.839472365402
2021-08-16 00:00:00,StakeWise,8704,272
2023-03-13 00:00:00,Upbit,102752,3211
2021-05-03 00:00:00,stakefish,216992,6781
2022-07-11 00:00:00,Octant,0,0
2021-07-05 00:00:00,Everstake,6400,200
2021-08-23 00:00:00,Everstake,6400,200
2025-01-27 00:00:00,Everstake,621440,19420
2026-08-10 00:00:00,Everstake,811776,25368
2021-08-09 00:00:00,Gate.io,32000,1000
2022-10-03 00:00:00,Gate.io,32000,1000
2025-07-07 00:00:00,Gate.io,53824.131129146,1682.0040977858125
2023-06-12 00:00:00,Lido,7247141.522579863,226473.1725806207
2024-07-22 00:00:00,Lido,9817276.831556538,306789.9009861418
2025-07-07 00:00:00,CoinSpot,137664,4302
2026-04-20 00:00:00,CoinSpot,137664,4302
2022-04-25 00:00:00,OKX,46401,1450.03125
2022-12-12 00:00:00,OKX,66337,2073.03125
2024-09-30 00:00:00,OKX,483169.12227662595,15099.03507114456
2023-07-24 00:00:00,Kelp DAO,0,0
2026-08-24 00:00:00,Kelp DAO,143328.500123027,4479.015628844594
2024-03-18 00:00:00,Others,1749841.0571195947,54682.53303498733
2026-01-12 00:00:00,Blockdaemon,994432.3687742599,31076.011524195623
2023-05-29 00:00:00,Stader,0,0
2025-10-13 00:00:00,Stader,160357.66793384202,5011.177122932563
2022-09-05 00:00:00,Solo Stakers,353184,11037
2024-05-27 00:00:00,Solo Stakers,345833.40919432,10807.2940373225
2025-06-16 00:00:00,Solo Stakers,160896.997722269,5028.0311788209065
2023-02-13 00:00:00,Bitcoin Suisse,399104,12472
2026-08-17 00:00:00,Bitcoin Suisse,424247.85229145305,13257.745384107908
2025-05-05 00:00:00,DARMA Capital,239424,7482
2026-04-20 00:00:00,DARMA Capital,174528,5454
2021-09-27 00:00:00,imToken,14464,452
2022-09-19 00:00:00,imToken,34176,1068
2024-12-09 00:00:00,imToken,71232,2226
2022-10-17 00:00:00,Bitstamp,65920,2060
2025-11-17 00:00:00,Bitstamp,208192.17967872,6506.00561496
2025-12-08 00:00:00,Bitstamp,209024.17967872,6532.00561496
2020-12-14 00:00:00,Consensys,0,0
2021-07-05 00:00:00,Consensys,0,0
2021-12-20 00:00:00,Kraken,943616,29488
2026-09-14 00:00:00,Kraken,1645870.975988882,51433.46799965256
2025-09-29 00:00:00,Kiln,1199232.646447251,37476.0202014766
2023-11-13 00:00:00,Unidentified,5010008.078957635,156562.7524674261
2026-02-02 00:00:00,Unidentified,12664600.179461822,395768.75560818193
2022-08-29 00:00:00,Coinbase,2062208,64444
2026-05-04 00:00:00,Coinbase,1791486.4044506962,55983.950139084256
2022-05-02 00:00:00,Binance,962304,30072
2023-12-11 00:00:00,Binance,1220448.41025217,38139.01282038031
2021-08-16 00:00:00,Liquid Collective,0,0
2026-07-13 00:00:00,Liquid Collective,319136.287525154,9973.008985161063
2022-06-13 00:00:00,Rocket Pool,188464,5889.5
2026-08-17 00:00:00,Rocket Pool,452640.1776079337,14145.005550247928
2022-03-07 00:00:00,StakeWise,12192,381
2023-11-27 00:00:00,StakeWise,8192,256
2026-08-24 00:00:00,Upbit,641248,20039
2024-04-08 00:00:00,stakefish,459520.427226682,14360.013350833813
2024-06-10 00:00:00,stakefish,461632.427226682,14426.013350833813
2026-07-13 00:00:00,stakefish,293323.80452654,9166.368891454375
2021-12-06 00:00:00,Octant,0,0
2022-07-18 00:00:00,Everstake,6400,200
2024-04-22 00:00:00,Everstake,336576,10518
2021-03-29 00:00:00,P2P.org,0,0
2022-07-04 00:00:00,Gate.io,32000,1000
2023-09-25 00:00:00,Gate.io,36544.131129146,1142.0040977858125
2022-01-31 00:00:00,Lido,1773248,55414
2022-05-09 00:00:00,Lido,4103904,128247
2025-09-01 00:00:00,Lido,8667772.922204455,270867.90381888923
2021-04-26 00:00:00,CoinSpot,0,0
2025-08-18 00:00:00,CoinSpot,137664,4302
2026-03-16 00:00:00,CoinSpot,137664,4302
2025-02-10 00:00:00,OKX,474625.12227662595,14832.03507114456
2022-05-23 00:00:00,Figment,190400,5950
2022-07-04 00:00:00,Figment,191616,5988
2022-08-22 00:00:00,Figment,191680,5990
2023-06-12 00:00:00,Figment,767712,23991
2023-02-06 00:00:00,Kelp DAO,0,0
2026-03-02 00:00:00,Kelp DAO,149120.500123027,4660.015628844594
2021-04-19 00:00:00,Stader,0,0
2024-07-29 00:00:00,Stader,119985.41114374202,3749.544098241938
2020-12-21 00:00:00,Solo Stakers,99872,3121
2023-08-28 00:00:00,Solo Stakers,412997.734522709,12906.179203834656
2021-11-08 00:00:00,Mantle,0,0
2022-11-28 00:00:00,Mantle,0,0
2025-07-28 00:00:00,Mantle,360512,11266
2024-02-12 00:00:00,Bitcoin Suisse,540823.852291453,16900.745384107908
2026-03-09 00:00:00,Bitcoin Suisse,430551.85229145305,13454.745384107908
2021-09-06 00:00:00,DARMA Capital,324544,10142
2025-07-28 00:00:00,imToken,70368,2199
2022-07-18 00:00:00,Bitstamp,54912,1716
2024-09-30 00:00:00,Bitstamp,169824,5307
2024-12-09 00:00:00,Consensys,110400,3450
2025-09-01 00:00:00,Consensys,99712,3116
2026-02-09 00:00:00,Consensys,105504,3297
2025-08-25 00:00:00,Kraken,1345826.111468648,42057.06598339525
2026-03-23 00:00:00,Kraken,1591106.111468648,49722.06598339525
2022-12-19 00:00:00,Kiln,30464,952
2025-04-07 00:00:00,Unidentified,7232685.625461028,226021.42579565712
2023-01-30 00:00:00,Coinbase,2585856,80808
2023-11-20 00:00:00,Coinbase,4337697.233527793,135553.03854774352
2024-04-15 00:00:00,Coinbase,4471841.56151077,139745.04879721155
2024-07-29 00:00:00,Coinbase,4238274.07765931,132446.06492685343
2025-12-08 00:00:00,Binance,3133360.4235978676,97917.51323743336
2023-01-23 00:00:00,ether.fi,0,0
2023-01-30 00:00:00,ether.fi,0,0
2025-03-10 00:00:00,Rocket Pool,680060.3450815128,21251.885783797276
2025-09-01 00:00:00,Rocket Pool,636367.7643931939,19886.49263728731
2026-01-05 00:00:00,Rocket Pool,565380.4911892148,17668.14034966296
2021-02-15 00:00:00,StakeWise,352,11
2021-09-13 00:00:00,StakeWise,10304,322
2025-01-13 00:00:00,StakeWise,110912.004008038,3466.0001252511875
2020-12-07 00:00:00,Revolut,0,0
2023-04-03 00:00:00,Upbit,118720,3710
2023-08-07 00:00:00,Upbit,249408,7794
2024-04-15 00:00:00,Upbit,379808,11869
2025-05-26 00:00:00,Upbit,471872,14746
2024-04-15 00:00:00,stakefish,460480.427226682,14390.013350833813
2024-06-03 00:00:00,stakefish,461920.427226682,14435.013350833813
2024-08-12 00:00:00,Octant,100352,3136
2024-10-07 00:00:00,Octant,100352,3136
2025-10-27 00:00:00,Octant,100352,3136
2023-06-05 00:00:00,P2P.org,129824,4057
2023-06-12 00:00:00,P2P.org,129952,4061
2022-11-07 00:00:00,Gate.io,32000,1000
2024-12-02 00:00:00,Gate.io,52608.131129146,1644.0040977858125
2021-05-10 00:00:00,Lido,341440,10670
2022-04-18 00:00:00,CoinSpot,0,0
2024-09-30 00:00:00,CoinSpot,137664,4302
2025-06-30 00:00:00,CoinSpot,137664,4302
2023-10-09 00:00:00,OKX,552641,17270.03125
2025-09-22 00:00:00,OKX,556184.122276626,17380.75382114456
2020-11-02 00:00:00,Figment,0,0
2026-08-31 00:00:00,Figment,1357352.6810099508,42417.27128156096
2026-09-14 00:00:00,Figment,1350578.639469951,42205.58248343597
2022-01-31 00:00:00,Kelp DAO,0,0
2023-04-10 00:00:00,Kelp DAO,0,0
2024-08-19 00:00:00,Others,1745294.1581467756,54540.442442086736
2024-10-28 00:00:00,Others,1489132.1942819888,46535.38107131215
2021-07-05 00:00:00,Blockdaemon,0,0
2021-01-18 00:00:00,Stader,0,0
2022-02-07 00:00:00,Stader,0,0
2022-05-30 00:00:00,Stader,0,0
2020-11-09 00:00:00,Solo Stakers,15520,485
2021-04-19 00:00:00,Solo Stakers,145024,4532
2023-11-27 00:00:00,Solo Stakers,409863.183109716,12808.224472178625
2026-01-05 00:00:00,Solo Stakers,140803.4822058511,4400.108818932847
2026-01-12 00:00:00,Solo Stakers,140617.52424195208,4394.2976325610025
2026-08-03 00:00:00,Solo Stakers,127865.2904056401,3995.790325176253
2023-05-01 00:00:00,Mantle,0,0
2023-06-26 00:00:00,Mantle,0,0
2023-12-18 00:00:00,Mantle,154976,4843
2024-01-22 00:00:00,Mantle,338336,10573
2020-12-28 00:00:00,Bitcoin Suisse,117536,3673
2026-01-12 00:00:00,Bitcoin Suisse,432887.85229145305,13527.745384107908
2022-11-21 00:00:00,DARMA Capital,324544,10142
2025-09-15 00:00:00,DARMA Capital,239424,7482
2021-03-22 00:00:00,imToken,0,0
2024-07-08 00:00:00,imToken,75328,2354
2020-12-28 00:00:00,Bitstamp,0,0
2023-01-23 00:00:00,Consensys,0,0
2023-11-20 00:00:00,Consensys,0,0
2025-01-27 00:00:00,Consensys,111488,3484
2023-06-12 00:00:00,Kraken,775840.567514801,24245.017734837533
2023-10-09 00:00:00,Kraken,869024.567514801,27157.017734837533
2021-04-05 00:00:00,Kiln,0,0
2021-09-06 00:00:00,Kiln,0,0
2023-10-09 00:00:00,Kiln,755200,23600
2025-09-01 00:00:00,Unidentified,8431336.41304302,263479.2629075944
2025-12-22 00:00:00,Unidentified,9668135.239622718,302129.2262382099
2022-05-16 00:00:00,Coinbase,1855040,57970
2021-07-19 00:00:00,Binance,714304,22322
2023-06-26 00:00:00,Binance,1367072.17906345,42721.005595732815
2024-01-29 00:00:00,Binance,1228096.41025217,38378.01282038031
2024-07-08 00:00:00,Binance,1141344.4235978678,35667.01323743337
2022-03-14 00:00:00,Liquid Collective,0,0
2023-12-25 00:00:00,ether.fi,42881.007345959995,1340.0314795612499
2025-08-11 00:00:00,ether.fi,2268857.317778566,70901.79118058019
2025-10-13 00:00:00,ether.fi,2097881.317778566,65558.79118058019
2026-01-12 00:00:00,ether.fi,2352809.317778566,73525.29118058019
2021-01-18 00:00:00,StakeWise,0,0
2023-10-23 00:00:00,StakeWise,7936,248
2024-11-11 00:00:00,StakeWise,61792.004008038,1931.0001252511875
2024-05-06 00:00:00,Revolut,46496,1453
2024-12-02 00:00:00,Revolut,47424,1482
2026-07-20 00:00:00,Revolut,118528,3704
2021-06-28 00:00:00,Upbit,0,0
2024-09-23 00:00:00,Upbit,459232,14351
2022-06-20 00:00:00,stakefish,278400,8700
2023-09-11 00:00:00,stakefish,286336.146576356,8948.004580511126
2025-09-22 00:00:00,stakefish,359426.77941778,11232.086856805625
2022-09-26 00:00:00,Octant,0,0
2023-02-20 00:00:00,Octant,0,0
2024-11-04 00:00:00,Octant,100352,3136
2024-12-02 00:00:00,Octant,100352,3136
2026-06-01 00:00:00,Everstake,732928,22904
2026-07-20 00:00:00,P2P.org,346500.68617649097,10828.146443015343
2022-07-18 00:00:00,Gate.io,32000,1000
2026-08-31 00:00:00,Gate.io,54816.131129146,1713.0040977858125
2022-02-14 00:00:00,CoinSpot,0,0
2023-07-10 00:00:00,CoinSpot,127872,3996
2026-07-20 00:00:00,OKX,512014.12227662595,16000.44132114456
2021-01-04 00:00:00,Figment,0,0
2021-05-31 00:00:00,Figment,0,0
2023-02-06 00:00:00,Figment,431424,13482
2026-03-23 00:00:00,Figment,1486976.015196235,46468.00047488234
2023-11-20 00:00:00,Kelp DAO,0,0
2021-10-11 00:00:00,Stader,0,0
2024-03-18 00:00:00,Stader,130628.031441144,4082.12598253575
2024-07-22 00:00:00,Stader,120602.23264866302,3768.8197702707193
2026-03-16 00:00:00,Stader,137476.73436620703,4296.14794894397
2026-05-18 00:00:00,Stader,110074.73436620703,3439.83544894397
2024-06-24 00:00:00,Solo Stakers,345609.436932673,10800.29490414603
2023-12-11 00:00:00,Bitcoin Suisse,564928,17654
2021-07-19 00:00:00,DARMA Capital,324544,10142
2021-05-24 00:00:00,imToken,5184,162
2021-07-26 00:00:00,Bitstamp,15296,478
2022-04-04 00:00:00,Consensys,0,0
2026-02-23 00:00:00,Consensys,106048,3314
2023-06-19 00:00:00,Kraken,830336.567514801,25948.017734837533
2026-04-06 00:00:00,Kraken,1604897.691851888,50153.0528703715
2021-12-27 00:00:00,Kiln,64,2
2025-06-09 00:00:00,Kiln,1517990.636447251,47437.207388976596
2025-07-28 00:00:00,Kiln,1540998.636447251,48156.207388976596
2025-11-10 00:00:00,Kiln,551808.137456587,17244.004295518345
2026-02-23 00:00:00,Kiln,683305.589983848,21353.29968699525
2021-01-11 00:00:00,Unidentified,1057664,33052
2023-06-05 00:00:00,Unidentified,4104542.424045225,128266.95075141329
2022-03-21 00:00:00,Coinbase,1759616,54988
2026-01-26 00:00:00,Coinbase,1830157.1456136964,57192.41080042801
2024-12-23 00:00:00,Liquid Collective,105184,3287
2025-05-19 00:00:00,Liquid Collective,119424,3732
2023-01-16 00:00:00,Rocket Pool,365616,11425.5
2023-10-30 00:00:00,StakeWise,7776,243
2022-03-28 00:00:00,Revolut,0,0
2023-04-24 00:00:00,Revolut,24864,777
2025-01-27 00:00:00,Revolut,48768,1524
2022-08-29 00:00:00,Upbit,52320,1635
2024-04-01 00:00:00,Upbit,378496,11828
2026-08-24 00:00:00,stakefish,289197.80452654,9037.431391454375
2023-11-13 00:00:00,Octant,100000,3125
2024-06-17 00:00:00,Everstake,417600,13050
2023-04-17 00:00:00,P2P.org,100800,3150
2024-12-02 00:00:00,P2P.org,453504.152447009,14172.004763969031
2025-09-22 00:00:00,P2P.org,217929.686176491,6810.302693015344
2020-11-30 00:00:00,Gate.io,32000,1000
2024-11-25 00:00:00,Gate.io,52544.131129146,1642.0040977858125
2025-07-14 00:00:00,Gate.io,53824.131129146,1682.0040977858125
2021-07-05 00:00:00,Lido,596224,18632
2021-01-04 00:00:00,CoinSpot,0,0
2023-12-04 00:00:00,CoinSpot,137664,4302
2025-01-27 00:00:00,CoinSpot,137664,4302
2025-02-24 00:00:00,CoinSpot,137664,4302
2020-11-09 00:00:00,OKX,0,0
2022-06-20 00:00:00,OKX,49377,1543.03125
2025-11-24 00:00:00,Figment,1564960.015196235,48905.00047488234
2022-08-22 00:00:00,Others,827521,25860.03125
2025-08-25 00:00:00,Others,810664.8067509992,25333.275210968724
2023-06-19 00:00:00,Blockdaemon,337504,10547
2021-05-31 00:00:00,Stader,0,0
2021-08-30 00:00:00,Stader,0,0
2023-07-10 00:00:00,Mantle,0,0
2025-01-27 00:00:00,Mantle,471552,14736
2022-10-03 00:00:00,Bitcoin Suisse,294048,9189
2021-07-26 00:00:00,DARMA Capital,324544,10142
2023-05-01 00:00:00,DARMA Capital,326112,10191
2025-08-18 00:00:00,imToken,72576,2268
2022-05-23 00:00:00,Solo Stakers,320928,10029
2023-03-20 00:00:00,Solo Stakers,396000,12375
2024-04-01 00:00:00,Solo Stakers,369832.60238851496,11557.268824641093
2026-03-23 00:00:00,Solo Stakers,137391.2101103331,4293.47531594791
2026-02-09 00:00:00,Kiln,668133.569479231,20879.17404622597
2024-03-18 00:00:00,Bitstamp,162304,5072
2025-12-29 00:00:00,Bitstamp,190336.17967872,5948.00561496
2020-11-30 00:00:00,Consensys,0,0
2021-06-21 00:00:00,Consensys,0,0
2021-11-08 00:00:00,Kraken,911104,28472
2024-09-16 00:00:00,Kraken,883328.8919551391,27604.027873598097
2024-08-26 00:00:00,Coinbase,4183714.07765931,130741.06492685343
2026-03-16 00:00:00,Coinbase,1799599.5450116964,56237.48578161551
2026-06-15 00:00:00,Coinbase,1661739.3187906959,51929.353712209246
2024-01-08 00:00:00,Unidentified,5126146.292572033,160192.07164287602
2026-05-18 00:00:00,Rocket Pool,466079.0478799667,14564.970246248959
2020-11-30 00:00:00,Revolut,0,0
2023-07-10 00:00:00,Binance,1367072.17906345,42721.005595732815
2023-10-02 00:00:00,Binance,1284064.326563393,40127.01020510603
2021-05-03 00:00:00,Liquid Collective,0,0
2022-02-21 00:00:00,Liquid Collective,0,0
2022-04-25 00:00:00,Liquid Collective,0,0
2023-07-24 00:00:00,Liquid Collective,3296,103
2021-11-08 00:00:00,Upbit,0,0
2026-03-30 00:00:00,Upbit,560544,17517
2021-11-08 00:00:00,stakefish,262176,8193
2025-02-10 00:00:00,stakefish,479328.602691525,14979.018834110157
2021-11-08 00:00:00,Everstake,6400,200
2021-10-11 00:00:00,P2P.org,0,0
2023-07-31 00:00:00,P2P.org,137632,4301
2024-03-25 00:00:00,P2P.org,306816,9588
2025-03-10 00:00:00,P2P.org,366496.486176491,11453.015193015344
2025-04-21 00:00:00,Octant,100352,3136
2026-05-18 00:00:00,Lido,8858496.29078988,276828.00908718375
2026-05-11 00:00:00,CoinSpot,137664,4302
2021-04-19 00:00:00,OKX,28545,892.03125
2021-09-06 00:00:00,OKX,33601,1050.03125
2022-01-31 00:00:00,Figment,12736,398
2024-01-22 00:00:00,Figment,888704,27772
2024-06-24 00:00:00,Figment,864576.015196235,27018.000474882345
2023-07-10 00:00:00,Kelp DAO,0,0
2026-06-22 00:00:00,Others,444573.07248753385,13892.908515235433
2022-01-24 00:00:00,Blockdaemon,0,0
2022-08-29 00:00:00,Blockdaemon,0,0
2025-09-01 00:00:00,Blockdaemon,729984.193365339,22812.006042666842
2020-12-28 00:00:00,Stader,0,0
2021-04-26 00:00:00,Mantle,0,0
2021-07-26 00:00:00,Mantle,0,0
2022-02-21 00:00:00,Mantle,0,0
2025-11-17 00:00:00,Mantle,245632,7676
2022-08-01 00:00:00,Bitcoin Suisse,288096,9003
2023-05-29 00:00:00,Bitcoin Suisse,468192,14631
2023-07-10 00:00:00,DARMA Capital,326112,10191
2023-09-11 00:00:00,DARMA Capital,326112,10191
2025-04-21 00:00:00,DARMA Capital,239424,7482
2025-11-17 00:00:00,DARMA Capital,239424,7482
2024-05-27 00:00:00,imToken,61184,1912
2023-08-28 00:00:00,Kiln,683040,21345
2023-09-04 00:00:00,Kiln,690816,21588
2021-10-11 00:00:00,Bitstamp,36608,1144
2023-07-24 00:00:00,Bitstamp,84960,2655
2026-05-04 00:00:00,Bitstamp,213248.17967872,6664.00561496
2021-04-26 00:00:00,Consensys,0,0
2021-03-29 00:00:00,Coinbase,256,8
2022-05-23 00:00:00,Coinbase,1864256,58258
2026-05-18 00:00:00,Coinbase,1762907.6686096962,55090.86464405301
2023-08-07 00:00:00,Rocket Pool,772697.0082240669,24146.78150700209
2024-09-02 00:00:00,StakeWise,43968.000021536,1374.000000673
2026-05-18 00:00:00,StakeWise,324603.34393969405,10143.85449811544
2021-11-22 00:00:00,Revolut,0,0
2024-01-29 00:00:00,Revolut,46016,1438
2026-07-06 00:00:00,Revolut,117120,3660
2025-07-21 00:00:00,Binance,3043360.4235978676,95105.01323743336
2021-09-27 00:00:00,Liquid Collective,0,0
2025-09-29 00:00:00,Liquid Collective,363360.131566551,11355.004111454718
2022-04-04 00:00:00,Upbit,31456,983
2025-06-09 00:00:00,Upbit,477568,14924
2021-02-08 00:00:00,stakefish,187072,5846
2021-11-15 00:00:00,stakefish,262240,8195
2024-04-22 00:00:00,stakefish,460288.427226682,14384.013350833813
2024-08-19 00:00:00,stakefish,471776.427226682,14743.013350833813
2021-01-18 00:00:00,Everstake,6400,200
2022-01-31 00:00:00,Everstake,6400,200
2026-08-24 00:00:00,Everstake,811776,25368
2022-05-09 00:00:00,P2P.org,0,0
2026-01-05 00:00:00,P2P.org,330703.68617649097,10334.490193015343
2024-08-05 00:00:00,ether.fi,1666848.042821306,52089.001338165814
2021-07-19 00:00:00,Octant,0,0
2024-06-24 00:00:00,Octant,100352,3136
2025-04-14 00:00:00,Octant,100352,3136
2021-05-03 00:00:00,Gate.io,32000,1000
2021-06-28 00:00:00,Gate.io,32000,1000
2023-02-13 00:00:00,Gate.io,32000,1000
2021-12-13 00:00:00,CoinSpot,0,0
2025-03-10 00:00:00,CoinSpot,137664,4302
2023-06-26 00:00:00,OKX,355873,11121.03125
2023-11-27 00:00:00,OKX,582753,18211.03125
2024-11-11 00:00:00,OKX,479393.12227662595,14981.03507114456
2026-06-08 00:00:00,OKX,486573.12227662595,15205.41007114456
2023-06-26 00:00:00,Figment,814784,25462
2025-06-16 00:00:00,Figment,1022848.015196235,31964.000474882345
2025-01-27 00:00:00,Kelp DAO,125920.500123027,3935.0156288445937
2025-02-24 00:00:00,Kelp DAO,125920.500123027,3935.0156288445937
2025-06-23 00:00:00,Kelp DAO,128992.500123027,4031.0156288445937
2021-01-04 00:00:00,Others,273984,8562
2021-03-29 00:00:00,Others,461760,14430
2022-06-13 00:00:00,Others,824928,25779
2026-08-17 00:00:00,Others,433360.07248753385,13542.502265235433
2021-11-01 00:00:00,Blockdaemon,0,0
2025-01-13 00:00:00,Blockdaemon,368512.193365339,11516.006042666844
2021-03-29 00:00:00,Stader,0,0
2026-06-15 00:00:00,Stader,109914.73436620703,3434.83544894397
2022-04-18 00:00:00,Mantle,0,0
2022-05-09 00:00:00,Bitcoin Suisse,266720,8335
2022-07-18 00:00:00,DARMA Capital,324544,10142
2023-04-17 00:00:00,DARMA Capital,326112,10191
2023-10-23 00:00:00,imToken,44704,1397
2023-12-25 00:00:00,imToken,50016,1563
2021-01-04 00:00:00,Solo Stakers,107872,3371
2023-06-19 00:00:00,Solo Stakers,410436.20159028197,12826.131299696312
2026-01-26 00:00:00,Solo Stakers,140312.5904286381,4384.7684508949405
2022-02-07 00:00:00,Kiln,96,3
2022-09-05 00:00:00,Kiln,800,25
2024-08-19 00:00:00,Kiln,1193632,37301
2025-04-21 00:00:00,Kiln,1476352,46136
2022-06-06 00:00:00,Bitstamp,50816,1588
2026-03-02 00:00:00,Bitstamp,211744.17967872,6617.00561496
2021-11-22 00:00:00,Consensys,0,0
2025-09-15 00:00:00,Consensys,99104,3097
2021-09-13 00:00:00,Kraken,871648,27239
2020-12-28 00:00:00,Coinbase,32,1
2021-01-25 00:00:00,Coinbase,32,1
2021-10-25 00:00:00,Coinbase,1366560,42705
2023-06-05 00:00:00,Coinbase,3477280.474665948,108665.01483331088
2023-08-07 00:00:00,Coinbase,3851648.616518135,120364.01926619172
2024-12-30 00:00:00,Coinbase,3486978.529188424,108968.07903713825
2025-08-18 00:00:00,Coinbase,2595618.529188424,81113.07903713825
2026-05-25 00:00:00,Coinbase,1764741.8269356962,55148.182091740506
2021-05-24 00:00:00,Unidentified,1505952,47061
2021-10-18 00:00:00,Unidentified,1819680,56865
2021-05-24 00:00:00,Rocket Pool,0,0
2024-01-08 00:00:00,Rocket Pool,852417.7872938109,26638.05585293159
2021-01-25 00:00:00,StakeWise,0,0
2021-08-30 00:00:00,StakeWise,9920,310
2024-08-12 00:00:00,StakeWise,39616.000021536,1238.000000673
2021-09-13 00:00:00,Revolut,0,0
2022-12-26 00:00:00,Liquid Collective,32,1
2025-06-30 00:00:00,Liquid Collective,291552.131566551,9111.004111454718
2021-02-15 00:00:00,Upbit,0,0
2022-07-04 00:00:00,stakefish,278752,8711
2023-06-26 00:00:00,stakefish,289600,9050
2024-09-16 00:00:00,stakefish,490144.427226682,15317.013350833813
2026-09-07 00:00:00,stakefish,285805.80452654,8931.431391454375
2021-01-11 00:00:00,Everstake,6400,200
2023-03-27 00:00:00,Everstake,6400,200
2024-11-18 00:00:00,Everstake,576928,18029
2025-09-08 00:00:00,Everstake,681184,21287
2021-12-13 00:00:00,P2P.org,0,0
2022-08-01 00:00:00,P2P.org,0,0
2025-05-19 00:00:00,P2P.org,377765.586176491,11805.174568015344
2024-09-02 00:00:00,ether.fi,1700352.042821306,53136.001338165814
2025-01-06 00:00:00,ether.fi,1768137.136376777,55254.28551177428
2026-04-13 00:00:00,Octant,100352,3136
2022-04-25 00:00:00,Gate.io,32000,1000
2025-02-24 00:00:00,Gate.io,53824.131129146,1682.0040977858125
2024-05-13 00:00:00,CoinSpot,137664,4302
2026-07-27 00:00:00,CoinSpot,137664,4302
2022-12-05 00:00:00,OKX,65121,2035.03125
2026-04-13 00:00:00,OKX,461429.12227662595,14419.66007114456
2021-02-15 00:00:00,Figment,0,0
2021-12-20 00:00:00,Kelp DAO,0,0
2022-02-14 00:00:00,Kelp DAO,0,0
2026-06-15 00:00:00,Others,448125.07248753385,14003.908515235433
2026-01-26 00:00:00,Blockdaemon,998080.3687742599,31190.011524195623
2022-06-13 00:00:00,Stader,0,0
2022-06-20 00:00:00,Stader,0,0
2023-06-12 00:00:00,Stader,135,4.21875
2021-12-13 00:00:00,Bitcoin Suisse,218528,6829
2022-05-16 00:00:00,Bitcoin Suisse,268704,8397
2025-04-28 00:00:00,DARMA Capital,239424,7482
2025-11-24 00:00:00,DARMA Capital,239424,7482
2024-02-26 00:00:00,imToken,62208,1944
2026-01-05 00:00:00,imToken,56032,1751
2022-10-17 00:00:00,Solo Stakers,365696,11428
2025-05-26 00:00:00,Solo Stakers,162290.848607313,5071.589018978531
2022-07-11 00:00:00,Kiln,800,25
2025-02-10 00:00:00,Kiln,1329120,41535
2024-02-19 00:00:00,Bitstamp,171872,5371
2025-07-14 00:00:00,Bitstamp,217760.168374685,6805.005261708906
2021-07-26 00:00:00,Consensys,0,0
2024-02-05 00:00:00,Consensys,44096,1378
2020-11-23 00:00:00,Kraken,0,0
2021-06-14 00:00:00,Kraken,752896,23528
2022-11-07 00:00:00,Kraken,1193536,37298
2022-11-28 00:00:00,Kraken,1199872,37496
2021-01-04 00:00:00,Coinbase,32,1
2023-11-06 00:00:00,Coinbase,4321568.766189691,135049.02394342783
2023-01-09 00:00:00,Unidentified,2921717,91303.65625
2023-11-06 00:00:00,Unidentified,4994038.89489309,156063.71546540907
2024-03-04 00:00:00,Unidentified,5562169.511018689,173817.79721933402
2025-08-18 00:00:00,Unidentified,7730938.302896801,241591.82196552504
2025-10-13 00:00:00,Unidentified,9855704.559757818,307990.7674924318
2023-08-14 00:00:00,Rocket Pool,777009.0082240669,24281.53150700209
2026-03-16 00:00:00,Rocket Pool,486269.5242329297,15195.922632279053
2022-01-24 00:00:00,StakeWise,12192,381
2022-06-20 00:00:00,StakeWise,12192,381
2025-06-02 00:00:00,StakeWise,364704.01485448994,11397.00046420281
2025-03-03 00:00:00,Liquid Collective,107616,3363
2026-04-20 00:00:00,Binance,3267728.5594873927,102116.51748398102
2025-11-03 00:00:00,Upbit,357792,11181
2021-04-19 00:00:00,stakefish,215552,6736
2022-04-04 00:00:00,stakefish,277024,8657
2026-02-02 00:00:00,stakefish,291337.77941778,9104.305606805625
2021-08-16 00:00:00,P2P.org,0,0
2024-02-19 00:00:00,P2P.org,288256,9008
2024-05-27 00:00:00,P2P.org,387392,12106
2026-05-11 00:00:00,P2P.org,340019.68617649097,10625.615193015343
2026-08-03 00:00:00,P2P.org,346977.68617649097,10843.052693015343
2021-05-31 00:00:00,ether.fi,0,0
2023-08-21 00:00:00,ether.fi,11168.00381196,349.00011912375
2025-11-17 00:00:00,Gate.io,54816.131129146,1713.0040977858125
2025-05-12 00:00:00,CoinSpot,137664,4302
2025-12-29 00:00:00,CoinSpot,137664,4302
2020-11-16 00:00:00,OKX,0,0
2021-02-15 00:00:00,OKX,24705,772.03125
2024-09-16 00:00:00,OKX,445569.12227662595,13924.03507114456
2021-01-18 00:00:00,Figment,0,0
2021-04-19 00:00:00,Figment,0,0
2022-04-11 00:00:00,Figment,178688,5584
2022-09-05 00:00:00,Figment,255680,7990
2024-04-22 00:00:00,Figment,814944.015196235,25467.000474882345
2023-05-08 00:00:00,Kelp DAO,0,0
2026-02-09 00:00:00,Kelp DAO,164128.500123027,5129.015628844594
2026-04-20 00:00:00,Kelp DAO,144320.500123027,4510.015628844594
2021-10-25 00:00:00,Others,542880,16965
2023-03-20 00:00:00,Others,1022720,31960
2024-04-01 00:00:00,Others,2088369.057119595,65261.53303498734
2022-08-22 00:00:00,Blockdaemon,0,0
2024-03-11 00:00:00,Blockdaemon,264640.154437567,8270.004826173968
2024-11-04 00:00:00,Blockdaemon,356160.193365339,11130.006042666844
2026-01-19 00:00:00,Blockdaemon,997088.3687742599,31159.011524195623
2020-11-02 00:00:00,Stader,0,0
2022-08-15 00:00:00,Stader,0,0
2024-03-11 00:00:00,Stader,132850.031441144,4151.56348253575
2021-06-21 00:00:00,Mantle,0,0
2023-12-04 00:00:00,Mantle,64384,2012
2025-06-23 00:00:00,Mantle,361248,11289
2024-03-25 00:00:00,Bitcoin Suisse,523127.85229145305,16347.745384107908
2021-02-22 00:00:00,DARMA Capital,0,0
2023-05-29 00:00:00,imToken,36768,1149
2024-10-21 00:00:00,imToken,69504,2172
2025-05-19 00:00:00,imToken,69760,2180
2021-11-01 00:00:00,Solo Stakers,257408,8044
2022-10-24 00:00:00,Solo Stakers,366112,11441
2022-11-14 00:00:00,Solo Stakers,371328,11604
2023-06-12 00:00:00,Solo Stakers,411524.20159028197,12860.131299696312
2023-11-27 00:00:00,Kiln,883488,27609
2025-09-15 00:00:00,Kiln,1612544.646447251,50392.0202014766
2021-08-02 00:00:00,Bitstamp,16576,518
2022-08-01 00:00:00,Bitstamp,55136,1723
2022-10-03 00:00:00,Bitstamp,65728,2054
2023-05-29 00:00:00,Bitstamp,93632,2926
2023-05-08 00:00:00,Consensys,0,0
2024-11-25 00:00:00,Consensys,110112,3441
2021-01-18 00:00:00,Kraken,380160,11880
2024-08-19 00:00:00,Kraken,881280.8919551391,27540.027873598097
2024-10-28 00:00:00,Coinbase,3898242.259665963,121820.07061456134
2021-03-22 00:00:00,Unidentified,1292608,40394
2023-03-13 00:00:00,Unidentified,3110709,97209.65625
2023-08-07 00:00:00,Unidentified,4509985.449012738,140937.04528164805
2023-10-23 00:00:00,Unidentified,4890742.664976191,152835.70828050596
2022-11-14 00:00:00,Rocket Pool,306160,9567.5
2024-12-30 00:00:00,Rocket Pool,711908.7986081139,22247.14995650356
2022-05-23 00:00:00,StakeWise,12192,381
2024-03-11 00:00:00,StakeWise,16128.000021536,504.000000673
2026-03-23 00:00:00,StakeWise,386283.869324188,12071.370916380874
2022-05-02 00:00:00,Liquid Collective,0,0
2024-09-30 00:00:00,Liquid Collective,94112,2941
2026-02-23 00:00:00,Liquid Collective,266528.287525154,8329.008985161063
2023-04-17 00:00:00,Binance,1159840,36245
2023-08-28 00:00:00,Upbit,264992,8281
2024-11-11 00:00:00,Upbit,422944,13217
2026-08-31 00:00:00,stakefish,285869.80452654,8933.431391454375
2024-09-09 00:00:00,Everstake,533248,16664
2022-03-07 00:00:00,P2P.org,0,0
2023-12-25 00:00:00,P2P.org,203520,6360
2023-01-16 00:00:00,ether.fi,0,0
2025-10-27 00:00:00,ether.fi,2097881.317778566,65558.79118058019
2023-07-03 00:00:00,Octant,2048,64
2023-09-11 00:00:00,Octant,100000,3125
2026-09-07 00:00:00,Octant,100352,3136
2025-11-24 00:00:00,Gate.io,54816.131129146,1713.0040977858125
2024-02-19 00:00:00,CoinSpot,137664,4302
2024-10-14 00:00:00,CoinSpot,137664,4302
2025-10-06 00:00:00,CoinSpot,137664,4302
2026-03-02 00:00:00,CoinSpot,137664,4302
2026-05-04 00:00:00,CoinSpot,137664,4302
2021-07-12 00:00:00,OKX,32001,1000.03125
2023-04-03 00:00:00,OKX,168033,5251.03125
2024-01-22 00:00:00,OKX,587937.122276626,18373.03507114456
2024-06-24 00:00:00,OKX,360033.12227662595,11251.03507114456
2024-09-23 00:00:00,OKX,463553.12227662595,14486.03507114456
2026-04-06 00:00:00,OKX,461244.12227662595,14413.87882114456
2026-08-31 00:00:00,OKX,534847.122276626,16713.97257114456
2022-02-07 00:00:00,Figment,22976,718
2024-11-18 00:00:00,Figment,840928.015196235,26279.000474882345
2026-06-29 00:00:00,Figment,1418016.015196235,44313.00047488234
2023-08-07 00:00:00,Others,1102603.84972032,34456.37030376
2026-05-25 00:00:00,Others,515613.07248753385,16112.908515235433
2021-04-05 00:00:00,Blockdaemon,0,0
2026-03-30 00:00:00,Blockdaemon,1061920.36877426,33185.01152419562
2020-11-09 00:00:00,Stader,0,0
2022-01-17 00:00:00,Stader,0,0
2024-04-01 00:00:00,Stader,120344.031441144,3760.75098253575
2025-08-25 00:00:00,Stader,158183.66793384202,4943.239622932563
2022-02-14 00:00:00,Mantle,0,0
2024-05-06 00:00:00,Mantle,474784,14837
2025-02-24 00:00:00,Mantle,450016,14063
2022-03-07 00:00:00,Bitcoin Suisse,256352,8011
2022-03-14 00:00:00,Bitcoin Suisse,256352,8011
2023-07-31 00:00:00,Bitcoin Suisse,519328,16229
2023-12-25 00:00:00,Bitcoin Suisse,557687.852291453,17427.745384107908
2024-05-20 00:00:00,Bitcoin Suisse,540023.852291453,16875.745384107908
2022-07-11 00:00:00,DARMA Capital,324544,10142
2026-02-09 00:00:00,DARMA Capital,239424,7482
2022-08-22 00:00:00,Solo Stakers,341248,10664
2021-04-19 00:00:00,Kiln,0,0
2022-11-07 00:00:00,Kiln,1248,39
2025-02-17 00:00:00,Kiln,1333472,41671
2021-05-10 00:00:00,Bitstamp,3552,111
2025-05-12 00:00:00,Bitstamp,212032.168374685,6626.005261708906
2022-04-11 00:00:00,Kraken,1025984,32062
2021-03-29 00:00:00,Unidentified,1310368,40949
2023-06-05 00:00:00,Rocket Pool,720530.3966084109,22516.57489401284
2024-08-05 00:00:00,Rocket Pool,747574.4020242179,23361.70006325681
2025-05-26 00:00:00,Rocket Pool,662169.0823614448,20692.78382379515
2021-01-04 00:00:00,StakeWise,0,0
2025-08-25 00:00:00,StakeWise,305856.01485448994,9558.00046420281
2021-06-21 00:00:00,Revolut,0,0
2022-07-11 00:00:00,Revolut,0,0
2024-04-22 00:00:00,Revolut,46336,1448
2024-07-08 00:00:00,Liquid Collective,88128,2754
2025-12-01 00:00:00,Liquid Collective,340256.131566551,10633.004111454718
2026-09-21 00:00:00,Liquid Collective,319392.287525154,9981.008985161063
2023-05-15 00:00:00,Binance,1284512.17906345,40141.005595732815
2024-02-05 00:00:00,Binance,1311296.41025217,40978.01282038031
2021-04-05 00:00:00,Upbit,0,0
2021-06-14 00:00:00,Upbit,0,0
2023-01-23 00:00:00,Upbit,80480,2515
2023-11-13 00:00:00,Upbit,318848,9964
2022-01-03 00:00:00,P2P.org,0,0
2023-05-22 00:00:00,P2P.org,128160,4005
2025-03-17 00:00:00,P2P.org,360896.486176491,11278.015193015344
2025-12-08 00:00:00,P2P.org,320055.68617649097,10001.740193015343
2024-04-08 00:00:00,ether.fi,1076912.00734596,33653.50022956125
2025-03-31 00:00:00,ether.fi,2011716.136376777,62866.12926177428
2026-01-19 00:00:00,ether.fi,2390809.317778566,74712.79118058019
2024-07-01 00:00:00,Octant,100352,3136
2021-03-01 00:00:00,Gate.io,32000,1000
2021-04-26 00:00:00,Gate.io,32000,1000
2022-02-14 00:00:00,Gate.io,32000,1000
2024-02-05 00:00:00,Gate.io,41536.131129146,1298.0040977858125
2022-10-17 00:00:00,Lido,4308768,134649
2022-11-14 00:00:00,Lido,4572352,142886
2023-08-14 00:00:00,Lido,8207429.762196283,256482.18006863384
2024-01-08 00:00:00,Lido,9311259.990984462,290976.87471826444
2024-04-01 00:00:00,Lido,9526907.990984462,297715.87471826444
2025-05-26 00:00:00,Lido,8962428.841869934,280075.9013084354
2021-08-02 00:00:00,CoinSpot,0,0
2021-08-16 00:00:00,CoinSpot,0,0
2022-07-25 00:00:00,CoinSpot,98336,3073
2022-10-03 00:00:00,CoinSpot,127904,3997
2023-07-24 00:00:00,CoinSpot,137664,4302
2024-06-17 00:00:00,OKX,349281.12227662595,10915.03507114456
2020-11-16 00:00:00,Figment,0,0
2023-04-03 00:00:00,Figment,454464,14202
2021-02-22 00:00:00,Kelp DAO,0,0
2026-02-16 00:00:00,Kelp DAO,149120.500123027,4660.015628844594
2025-04-07 00:00:00,Blockdaemon,494944.193365339,15467.006042666844
2025-06-09 00:00:00,Blockdaemon,660672.193365339,20646.006042666842
2022-10-24 00:00:00,Stader,0,0
2021-05-03 00:00:00,Mantle,0,0
2022-12-12 00:00:00,Mantle,0,0
2023-02-06 00:00:00,Mantle,0,0
2026-09-14 00:00:00,Mantle,194560,6080
2022-08-08 00:00:00,Bitcoin Suisse,288096,9003
2022-09-12 00:00:00,DARMA Capital,324544,10142
2023-09-04 00:00:00,DARMA Capital,326112,10191
2020-12-21 00:00:00,imToken,0,0
2025-08-11 00:00:00,imToken,69920,2185
2026-01-12 00:00:00,imToken,56192,1756
2022-08-29 00:00:00,Solo Stakers,344800,10775
2026-03-16 00:00:00,Solo Stakers,137583.16101622512,4299.473781757035
2024-01-29 00:00:00,Kiln,1034976,32343
2024-06-24 00:00:00,Kiln,1139872,35621
2026-04-06 00:00:00,Kiln,718511.399367347,22453.481230229594
2023-09-11 00:00:00,Consensys,0,0
2023-01-30 00:00:00,Kraken,1230432,38451
2025-01-20 00:00:00,Kraken,931168.8919551391,29099.027873598097
2026-02-02 00:00:00,Kraken,1561282.111468648,48790.06598339525
2026-09-07 00:00:00,Kraken,1645998.975988882,51437.46799965256
2025-08-11 00:00:00,Unidentified,7473341.818630872,233541.93183221476
2026-08-10 00:00:00,Unidentified,16893074.238963787,527908.5699676183
2021-01-25 00:00:00,Rocket Pool,0,0
2023-03-13 00:00:00,Rocket Pool,433344,13542
2023-04-10 00:00:00,Revolut,23168,724
2025-09-15 00:00:00,Revolut,60416,1888
2026-07-13 00:00:00,Binance,3273296.5594873927,102290.51748398102
2021-02-08 00:00:00,Upbit,0,0
2021-06-07 00:00:00,Upbit,0,0
2023-01-30 00:00:00,Upbit,83680,2615
2020-11-16 00:00:00,stakefish,0,0
2023-08-28 00:00:00,stakefish,294656.146576356,9208.004580511126
2024-06-17 00:00:00,stakefish,467488.427226682,14609.013350833813
2021-04-12 00:00:00,Everstake,6400,200
2021-09-06 00:00:00,Everstake,6400,200
2022-11-21 00:00:00,Everstake,6400,200
2023-11-20 00:00:00,Everstake,25280,790
2026-06-29 00:00:00,Everstake,720896,22528
2021-03-15 00:00:00,P2P.org,0,0
2026-03-09 00:00:00,P2P.org,331331.68617649097,10354.115193015343
2022-12-05 00:00:00,Octant,0,0
2024-04-22 00:00:00,Octant,100352,3136
2026-04-06 00:00:00,Octant,100352,3136
2022-09-19 00:00:00,Gate.io,32000,1000
2024-07-01 00:00:00,Gate.io,52576.131129146,1643.0040977858125
2025-01-27 00:00:00,Gate.io,53824.131129146,1682.0040977858125
2022-01-17 00:00:00,Lido,1717056,53658
2022-06-13 00:00:00,Lido,4123232,128851
2026-03-23 00:00:00,Lido,9186367.577392668,287073.98679352086
2021-05-10 00:00:00,CoinSpot,0,0
2021-10-11 00:00:00,CoinSpot,0,0
2021-12-06 00:00:00,CoinSpot,0,0
2022-06-06 00:00:00,CoinSpot,36768,1149
2024-08-19 00:00:00,OKX,419041.12227662595,13095.03507114456
2024-05-06 00:00:00,Kelp DAO,96160,3005
2021-05-31 00:00:00,Others,494368,15449
2022-11-14 00:00:00,Others,888064,27752
2024-06-03 00:00:00,Stader,134969.041698156,4217.782553067375
2026-05-25 00:00:00,Stader,110042.73436620703,3438.83544894397
2023-07-24 00:00:00,Bitcoin Suisse,518784,16212
2024-12-16 00:00:00,Bitcoin Suisse,505367.85229145305,15792.745384107908
2025-03-17 00:00:00,Bitcoin Suisse,513175.85229145305,16036.745384107908
2025-12-29 00:00:00,Bitcoin Suisse,433015.85229145305,13531.745384107908
2023-09-11 00:00:00,Mantle,0,0
2023-10-02 00:00:00,Mantle,0,0
2020-11-30 00:00:00,DARMA Capital,0,0
2021-06-28 00:00:00,DARMA Capital,248576,7768
2022-04-18 00:00:00,DARMA Capital,324544,10142
2023-07-31 00:00:00,imToken,34400,1075
2024-10-14 00:00:00,imToken,69536,2173
2021-08-30 00:00:00,Solo Stakers,245248,7664
2024-03-11 00:00:00,Solo Stakers,373288.49768809095,11665.265552752842
2021-09-13 00:00:00,Kiln,0,0
2025-06-23 00:00:00,Kiln,1535974.636447251,47999.207388976596
2022-05-09 00:00:00,Bitstamp,50112,1566
2021-09-20 00:00:00,Consensys,0,0
2025-04-14 00:00:00,Kraken,1128513.2252946252,35266.038290457036
2025-11-10 00:00:00,Kraken,1402050.111468648,43814.06598339525
2022-08-15 00:00:00,Coinbase,2044192,63881
2024-03-04 00:00:00,Coinbase,4514849.387339817,141089.0433543693
2023-10-30 00:00:00,Unidentified,4970294.757514794,155321.71117233732
2024-10-21 00:00:00,Rocket Pool,696382.0382835128,21761.938696359775
2021-10-25 00:00:00,StakeWise,11008,344
2021-07-19 00:00:00,Revolut,0,0
2024-09-23 00:00:00,Revolut,54112,1691
2021-11-29 00:00:00,Liquid Collective,0,0
2021-12-20 00:00:00,Liquid Collective,0,0
2020-12-07 00:00:00,Binance,12608,394
2021-03-01 00:00:00,Binance,586304,18322
2021-05-03 00:00:00,Binance,650304,20322
2021-12-20 00:00:00,Binance,894592,27956
2022-02-14 00:00:00,Binance,929504,29047
2023-02-13 00:00:00,Binance,1159840,36245
2024-05-06 00:00:00,Binance,1073440.4235978678,33545.01323743337
2024-12-02 00:00:00,Binance,1880896.4235978678,58778.01323743337
2022-04-11 00:00:00,Upbit,34656,1083
2026-02-02 00:00:00,Upbit,477792,14931
2025-11-10 00:00:00,stakefish,348226.77941778,10882.086856805625
2022-08-29 00:00:00,Everstake,6400,200
2025-01-13 00:00:00,Everstake,612640,19145
2023-02-27 00:00:00,P2P.org,1120,35
2023-03-06 00:00:00,P2P.org,1856,58
2022-08-29 00:00:00,ether.fi,0,0
2023-06-19 00:00:00,ether.fi,3584.00381196,112.00011912375
2024-06-10 00:00:00,ether.fi,1597516.00734596,49922.37522956125
2024-09-16 00:00:00,Octant,100352,3136
2025-02-10 00:00:00,Octant,100352,3136
2026-06-08 00:00:00,Octant,100352,3136
2022-03-21 00:00:00,Lido,2749728,85929
2022-10-24 00:00:00,Lido,4449440,139045
2024-10-28 00:00:00,Lido,9747868.831556538,304620.9009861418
2025-03-24 00:00:00,Lido,9364220.833994765,292631.9010623364
2022-08-01 00:00:00,CoinSpot,98336,3073
2023-08-28 00:00:00,OKX,471617,14738.03125
2023-11-20 00:00:00,OKX,579553,18111.03125
2025-04-14 00:00:00,OKX,514497.12227662595,16078.03507114456
2021-11-15 00:00:00,Figment,2176,68
2022-11-07 00:00:00,Figment,307680,9615
2024-06-17 00:00:00,Figment,860000.015196235,26875.000474882345
2024-02-05 00:00:00,Kelp DAO,0,0
2025-03-24 00:00:00,Others,969352.5526739331,30292.26727106041
2023-03-27 00:00:00,Blockdaemon,160,5
2023-11-13 00:00:00,Blockdaemon,430944,13467
2021-08-09 00:00:00,Bitcoin Suisse,179872,5621
2021-06-28 00:00:00,Mantle,0,0
2023-05-08 00:00:00,Mantle,0,0
2024-07-01 00:00:00,Mantle,494112,15441
2025-11-24 00:00:00,Mantle,236640,7395
2023-07-03 00:00:00,DARMA Capital,326112,10191
2024-05-06 00:00:00,DARMA Capital,326112,10191
2024-07-01 00:00:00,DARMA Capital,326112,10191
2025-02-17 00:00:00,DARMA Capital,242656,7583
2021-08-16 00:00:00,imToken,11040,345
2023-03-13 00:00:00,imToken,40128,1254
2021-07-12 00:00:00,Kiln,0,0
2022-11-28 00:00:00,Kiln,15008,469
2024-07-01 00:00:00,Kiln,1146912,35841
2025-11-17 00:00:00,Kiln,563037.236092887,17594.91362790272
2023-05-22 00:00:00,Bitstamp,93568,2924
2024-07-22 00:00:00,Bitstamp,163520,5110
2023-02-13 00:00:00,Consensys,0,0
2023-05-01 00:00:00,Consensys,0,0
2026-02-16 00:00:00,Consensys,105888,3309
2023-11-27 00:00:00,Kraken,824544.8919551391,25767.027873598097
2024-01-08 00:00:00,Coinbase,4480993.387339817,140031.0433543693
2022-03-14 00:00:00,Unidentified,2024768,63274
2025-10-20 00:00:00,Unidentified,9941645.175028384,310676.411719637
2021-03-29 00:00:00,Rocket Pool,0,0
2024-07-15 00:00:00,Liquid Collective,88832,2776
2021-04-26 00:00:00,Binance,650304,20322
2021-01-18 00:00:00,Upbit,0,0
2022-11-28 00:00:00,Upbit,67456,2108
2021-02-15 00:00:00,stakefish,207424,6482
2025-10-27 00:00:00,Everstake,702464,21952
2024-10-21 00:00:00,P2P.org,449600.152447009,14050.004763969031
2021-01-11 00:00:00,ether.fi,0,0
2026-07-06 00:00:00,Octant,100352,3136
2022-02-21 00:00:00,Gate.io,32000,1000
2022-04-18 00:00:00,Gate.io,32000,1000
2025-02-03 00:00:00,Gate.io,53824.131129146,1682.0040977858125
2026-09-14 00:00:00,Gate.io,54816.131129146,1713.0040977858125
2024-08-12 00:00:00,Lido,9813724.831556538,306678.9009861418
2021-05-17 00:00:00,CoinSpot,0,0
2021-11-08 00:00:00,Figment,2176,68
2025-09-08 00:00:00,Figment,1460256.015196235,45633.00047488234
2025-11-17 00:00:00,Kelp DAO,125472.50012302701,3921.015628844594
2026-07-13 00:00:00,Kelp DAO,143328.500123027,4479.015628844594
2021-11-01 00:00:00,Others,561536,17548
2021-02-01 00:00:00,Blockdaemon,0,0
2021-06-07 00:00:00,Blockdaemon,0,0
2022-05-23 00:00:00,Stader,0,0
2025-12-22 00:00:00,Stader,153411.66793384202,4794.114622932563
2023-10-23 00:00:00,Bitcoin Suisse,542144,16942
2024-02-26 00:00:00,Bitcoin Suisse,540727.852291453,16897.745384107908
2025-04-21 00:00:00,Mantle,364256,11383
2021-09-20 00:00:00,DARMA Capital,324544,10142
2024-11-25 00:00:00,DARMA Capital,324864,10152
2026-09-14 00:00:00,DARMA Capital,174528,5454
2022-03-14 00:00:00,imToken,17536,548
2024-03-18 00:00:00,imToken,60608,1894
2025-06-02 00:00:00,Solo Stakers,162126.10656354,5066.440830110625
2026-01-19 00:00:00,Solo Stakers,140427.1157518091,4388.347367244034
2022-07-25 00:00:00,Bitstamp,55104,1722
2020-11-16 00:00:00,Kraken,0,0
2021-09-06 00:00:00,Kraken,865728,27054
2022-02-07 00:00:00,Kraken,980928,30654
2024-04-22 00:00:00,Kraken,815264.8919551391,25477.027873598097
2025-02-10 00:00:00,Kraken,1050336.891955139,32823.0278735981
2021-05-31 00:00:00,Coinbase,691008,21594
2022-10-17 00:00:00,Coinbase,2261856,70683
2022-01-17 00:00:00,Unidentified,1921568,60049
2023-01-02 00:00:00,Unidentified,2886069,90189.65625
2024-10-28 00:00:00,Rocket Pool,729090.0382835128,22784.063696359775
2026-06-15 00:00:00,Rocket Pool,459551.36758502066,14360.980237031896
2020-11-09 00:00:00,StakeWise,0,0
2021-08-23 00:00:00,StakeWise,8992,281
2024-08-05 00:00:00,StakeWise,39456.000021536,1233.000000673
2026-05-25 00:00:00,StakeWise,331357.44752540404,10354.920235168876
2021-03-01 00:00:00,Liquid Collective,0,0
2021-10-04 00:00:00,Liquid Collective,0,0
2024-02-12 00:00:00,Binance,1308704.41025217,40897.01282038031
2025-02-24 00:00:00,Binance,2126368.4235978676,66449.01323743336
2024-06-17 00:00:00,Upbit,406432,12701
2025-09-01 00:00:00,Upbit,396928,12404
2021-01-11 00:00:00,stakefish,168640,5270
2021-09-13 00:00:00,stakefish,258592,8081
2023-04-03 00:00:00,Everstake,6400,200
2020-11-09 00:00:00,ether.fi,0,0
2022-01-24 00:00:00,ether.fi,0,0
2023-03-20 00:00:00,ether.fi,0,0
2026-06-22 00:00:00,ether.fi,1749792.512025645,54681.016000801406
2021-07-12 00:00:00,Octant,0,0
2023-04-17 00:00:00,Gate.io,32000,1000
2023-09-11 00:00:00,Gate.io,36544.131129146,1142.0040977858125
2026-07-13 00:00:00,Gate.io,54816.131129146,1713.0040977858125
2026-08-17 00:00:00,Lido,9430113.186540304,294691.0370793845
2023-02-27 00:00:00,CoinSpot,127904,3997
2025-07-14 00:00:00,CoinSpot,137664,4302
2025-06-16 00:00:00,OKX,626529.122276626,19579.03507114456
2022-11-28 00:00:00,Figment,404896,12653
2023-07-03 00:00:00,Figment,827968,25874
2024-08-19 00:00:00,Figment,843104.015196235,26347.000474882345
2024-09-16 00:00:00,Figment,838432.015196235,26201.000474882345
2025-02-10 00:00:00,Figment,908992.015196235,28406.000474882345
2025-04-14 00:00:00,Figment,957664.015196235,29927.000474882345
2026-04-06 00:00:00,Figment,1448320.015196235,45260.00047488234
2023-04-17 00:00:00,Kelp DAO,0,0
2025-02-17 00:00:00,Kelp DAO,125920.500123027,3935.0156288445937
2025-04-21 00:00:00,Kelp DAO,128992.500123027,4031.0156288445937
2020-11-02 00:00:00,Others,19200,600
2024-03-11 00:00:00,Others,1606500.9467783577,50203.15458682368
2023-03-20 00:00:00,Blockdaemon,160,5
2021-01-25 00:00:00,Stader,0,0
2022-11-14 00:00:00,Stader,0,0
2022-01-03 00:00:00,Bitcoin Suisse,243520,7610
2022-06-06 00:00:00,Bitcoin Suisse,282144,8817
2022-07-18 00:00:00,Mantle,0,0
2026-02-09 00:00:00,Mantle,224384,7012
2023-05-08 00:00:00,DARMA Capital,326112,10191
2024-02-05 00:00:00,DARMA Capital,326112,10191
2024-06-24 00:00:00,DARMA Capital,326112,10191
2022-05-16 00:00:00,imToken,22368,699
2022-08-08 00:00:00,imToken,33216,1038
2023-03-06 00:00:00,imToken,40000,1250
2025-10-20 00:00:00,imToken,75072,2346
2025-12-08 00:00:00,imToken,57856,1808
2023-11-06 00:00:00,Solo Stakers,411559.076412412,12861.221137887875
2024-08-26 00:00:00,Solo Stakers,343241.93261915003,10726.310394348438
2021-08-16 00:00:00,Bitstamp,28512,891
2022-07-18 00:00:00,Consensys,0,0
2024-04-29 00:00:00,Consensys,89408,2794
2024-06-17 00:00:00,Kraken,839648.8919551391,26239.027873598097
2025-08-25 00:00:00,Coinbase,2607394.6119496957,81481.08162342799
2024-10-28 00:00:00,Unidentified,6857155.617937157,214286.11306053615
2022-08-15 00:00:00,Rocket Pool,215152,6723.5
2024-01-01 00:00:00,Rocket Pool,846555.6512552289,26454.864101725903
2024-06-03 00:00:00,Rocket Pool,761753.1985967618,23804.787456148806
2025-08-18 00:00:00,Rocket Pool,641837.4225612709,20057.419455039715
2026-06-15 00:00:00,StakeWise,331266.43705567904,10352.07615798997
2021-11-15 00:00:00,Revolut,0,0
2023-05-01 00:00:00,Revolut,25088,784
2025-02-10 00:00:00,Revolut,51456,1608
2020-12-07 00:00:00,Liquid Collective,0,0
2022-09-19 00:00:00,Liquid Collective,0,0
2023-09-18 00:00:00,Liquid Collective,24480,765
2025-09-22 00:00:00,Binance,3289328.4235978676,102791.51323743336
2025-01-13 00:00:00,Upbit,391872,12246
2021-06-14 00:00:00,stakefish,254912,7966
2022-04-11 00:00:00,stakefish,277184,8662
2022-06-06 00:00:00,P2P.org,0,0
2021-02-01 00:00:00,ether.fi,0,0
2021-08-30 00:00:00,ether.fi,0,0
2025-04-07 00:00:00,ether.fi,2011684.136376777,62865.12926177428
2026-06-01 00:00:00,ether.fi,1750176.512025645,54693.016000801406
2024-11-18 00:00:00,Octant,100352,3136
2026-02-09 00:00:00,Octant,100352,3136
2021-01-04 00:00:00,Lido,22400,700
2021-10-25 00:00:00,Lido,1383232,43226
2023-01-09 00:00:00,Lido,4664288,145759
2024-07-29 00:00:00,Lido,9810140.831556538,306566.9009861418
2025-08-18 00:00:00,Lido,8749756.922204455,273429.90381888923
2025-08-04 00:00:00,CoinSpot,137664,4302
2022-04-11 00:00:00,OKX,44609,1394.03125
2022-07-04 00:00:00,OKX,49665,1552.03125
2025-09-15 00:00:00,OKX,617543.122276626,19298.22257114456
2025-11-24 00:00:00,Kelp DAO,133408.500123027,4169.015628844594
2020-12-28 00:00:00,Others,259840,8120
2023-06-12 00:00:00,Others,1046475.159576652,32702.348736770375
2024-06-03 00:00:00,Others,2346157.067595744,73317.408362367
2021-01-11 00:00:00,Blockdaemon,0,0
2022-06-27 00:00:00,Blockdaemon,0,0
2025-01-06 00:00:00,Blockdaemon,362368.193365339,11324.006042666844
2023-08-07 00:00:00,Stader,12527,391.46875
2025-05-26 00:00:00,Stader,152990.66793384202,4780.958372932563
2026-08-17 00:00:00,Stader,86038.73436620703,2688.71044894397
2021-07-19 00:00:00,Mantle,0,0
2026-02-16 00:00:00,Mantle,224384,7012
2025-12-08 00:00:00,Bitcoin Suisse,438807.85229145305,13712.745384107908
2026-05-11 00:00:00,Bitcoin Suisse,424407.85229145305,13262.745384107908
2023-02-06 00:00:00,DARMA Capital,326112,10191
2024-01-01 00:00:00,imToken,50432,1576
2023-08-21 00:00:00,Solo Stakers,412709.584851362,12897.174526605062
2023-07-03 00:00:00,Kiln,533312,16666
2024-04-22 00:00:00,Kiln,1152480,36015
2026-07-27 00:00:00,Bitstamp,216256.17967872,6758.00561496
2021-02-22 00:00:00,Consensys,0,0
2022-02-14 00:00:00,Consensys,0,0
2021-02-08 00:00:00,Kraken,432704,13522
2021-02-15 00:00:00,Kraken,449376,14043
2022-07-04 00:00:00,Kraken,1115360,34855
2022-09-05 00:00:00,Kraken,1142496,35703
2022-10-17 00:00:00,Unidentified,2505845,78307.65625
2026-05-18 00:00:00,Unidentified,15881762.389743775,496305.074679493
2021-10-25 00:00:00,Rocket Pool,0,0
2023-10-30 00:00:00,Rocket Pool,809166.8360743318,25286.463627322868
2021-11-01 00:00:00,StakeWise,11040,345
2023-08-14 00:00:00,StakeWise,8608,269
2021-04-26 00:00:00,Revolut,0,0
2022-04-18 00:00:00,Revolut,0,0
2026-02-09 00:00:00,Revolut,83648,2614
2021-03-08 00:00:00,Liquid Collective,0,0
2022-02-28 00:00:00,Liquid Collective,0,0
2023-10-09 00:00:00,Liquid Collective,24800,775
2023-10-16 00:00:00,Liquid Collective,35264,1102
2023-12-18 00:00:00,Liquid Collective,35616,1113
2025-01-27 00:00:00,Binance,2191232.4235978676,68476.01323743336
2026-07-20 00:00:00,Binance,3273296.5594873927,102290.51748398102
2026-09-21 00:00:00,Binance,3273296.5594873927,102290.51748398102
2021-01-11 00:00:00,Upbit,0,0
2021-04-19 00:00:00,Upbit,0,0
2023-11-20 00:00:00,Upbit,327200,10225
2021-09-06 00:00:00,stakefish,258464,8077
2023-01-30 00:00:00,stakefish,281088,8784
2023-11-20 00:00:00,stakefish,349696.346948702,10928.010842146938
2024-09-09 00:00:00,stakefish,489536.427226682,15298.013350833813
2025-01-20 00:00:00,stakefish,481376.602691525,15043.018834110157
2020-11-16 00:00:00,Everstake,320,10
2023-04-24 00:00:00,Everstake,6400,200
2023-08-21 00:00:00,Everstake,6400,200
2024-01-22 00:00:00,Everstake,25152,786
2022-05-16 00:00:00,P2P.org,0,0
2024-10-14 00:00:00,P2P.org,462400.152447009,14450.004763969031
2025-12-29 00:00:00,P2P.org,329227.68617649097,10288.365193015343
2021-04-05 00:00:00,ether.fi,0,0
2021-06-07 00:00:00,ether.fi,0,0
2026-05-25 00:00:00,ether.fi,1750176.512025645,54693.016000801406
2023-10-02 00:00:00,Gate.io,36544.131129146,1142.0040977858125
2021-03-29 00:00:00,Lido,188384,5887
2026-05-25 00:00:00,Lido,8866624.29078988,277082.00908718375
2024-03-18 00:00:00,CoinSpot,137664,4302
2025-11-10 00:00:00,OKX,583621.122276626,18238.16007114456
2024-11-11 00:00:00,Figment,845728.015196235,26429.000474882345
2021-04-26 00:00:00,Kelp DAO,0,0
2022-10-17 00:00:00,Others,846309,26447.15625
2026-05-18 00:00:00,Others,516701.07248753385,16146.908515235433
2023-04-24 00:00:00,Blockdaemon,13888,434
2024-04-08 00:00:00,Blockdaemon,361056.154437567,11283.004826173968
2025-03-31 00:00:00,Blockdaemon,475648.193365339,14864.006042666844
2021-05-17 00:00:00,Bitcoin Suisse,165024,5157
2023-01-02 00:00:00,Bitcoin Suisse,397024,12407
2023-02-27 00:00:00,Bitcoin Suisse,424672,13271
2025-03-10 00:00:00,Bitcoin Suisse,511159.85229145305,15973.745384107908
2025-01-27 00:00:00,DARMA Capital,309696,9678
2026-02-16 00:00:00,DARMA Capital,239424,7482
2024-12-23 00:00:00,imToken,71168,2224
2022-06-20 00:00:00,Solo Stakers,327392,10231
2024-04-08 00:00:00,Solo Stakers,352328.622722746,11010.269460085812
2022-09-12 00:00:00,Kiln,800,25
2023-05-01 00:00:00,Kiln,246624,7707
2023-06-26 00:00:00,Kiln,523648,16364
2021-10-04 00:00:00,Bitstamp,35936,1123
2022-03-07 00:00:00,Bitstamp,43456,1358
2024-10-14 00:00:00,Bitstamp,170144,5317
2023-02-06 00:00:00,Consensys,0,0
2023-11-20 00:00:00,Kraken,825600.8919551391,25800.027873598097
2024-01-01 00:00:00,Unidentified,5126015.168325274,160187.97401016482
2024-03-25 00:00:00,Unidentified,5505235.947812725,172038.62336914765
2026-03-16 00:00:00,Unidentified,13319830.982917055,416244.718216158
2022-01-17 00:00:00,Rocket Pool,80816,2525.5
2022-03-21 00:00:00,Rocket Pool,158064,4939.5
2022-08-22 00:00:00,StakeWise,12192,381
2025-06-23 00:00:00,Revolut,68768,2149
2026-04-20 00:00:00,Revolut,99712,3116
2021-12-06 00:00:00,Liquid Collective,0,0
2023-02-20 00:00:00,Liquid Collective,32,1
2025-05-05 00:00:00,Liquid Collective,124672,3896
2025-07-28 00:00:00,Liquid Collective,365888.131566551,11434.004111454718
2022-02-21 00:00:00,Binance,935232,29226
2025-04-28 00:00:00,Binance,2350368.4235978676,73449.01323743336
2026-09-14 00:00:00,Binance,3273296.5594873927,102290.51748398102
2022-01-24 00:00:00,Upbit,7136,223
2023-04-24 00:00:00,Upbit,149184,4662
2024-09-09 00:00:00,Upbit,456576,14268
2026-08-31 00:00:00,Upbit,638336,19948
2022-02-07 00:00:00,stakefish,276320,8635
2022-12-05 00:00:00,stakefish,280704,8772
2021-02-01 00:00:00,Everstake,6400,200
2021-02-08 00:00:00,Everstake,6400,200
2025-11-10 00:00:00,Everstake,702688,21959
2026-02-02 00:00:00,Everstake,710752,22211
2024-12-23 00:00:00,P2P.org,448032.152447009,14001.004763969031
2022-03-28 00:00:00,ether.fi,0,0
2020-11-23 00:00:00,Octant,0,0
2023-09-04 00:00:00,Octant,100000,3125
2023-11-27 00:00:00,Octant,100000,3125
2021-07-26 00:00:00,Gate.io,32000,1000
2022-12-12 00:00:00,Gate.io,32000,1000
2023-12-04 00:00:00,Gate.io,36544.131129146,1142.0040977858125
2024-05-06 00:00:00,Gate.io,42560.131129146,1330.0040977858125
2025-04-28 00:00:00,Gate.io,53824.131129146,1682.0040977858125
2022-08-15 00:00:00,Lido,4149728,129679
2023-08-07 00:00:00,Lido,8094181.762196283,252943.18006863384
2024-01-01 00:00:00,Lido,9249531.990984462,289047.87471826444
2021-01-18 00:00:00,OKX,22241,695.03125
2022-11-07 00:00:00,OKX,62881,1965.03125
2026-07-06 00:00:00,OKX,509349.12227662595,15917.16007114456
2026-09-07 00:00:00,OKX,532450.122276626,16639.06632114456
2022-10-31 00:00:00,Figment,288096,9003
2023-11-27 00:00:00,Figment,1272864,39777
2022-07-18 00:00:00,Kelp DAO,0,0
2023-10-02 00:00:00,Kelp DAO,0,0
2024-11-25 00:00:00,Kelp DAO,131872.011644408,4121.00036388775
2023-01-16 00:00:00,Others,958784,29962
2024-10-14 00:00:00,Others,1536584.851752709,48018.27661727215
2025-10-27 00:00:00,Others,824648.375328721,25770.26172902253
2022-04-11 00:00:00,Blockdaemon,0,0
2022-08-22 00:00:00,Stader,0,0
2021-12-27 00:00:00,Mantle,0,0
2022-02-28 00:00:00,Mantle,0,0
2025-12-01 00:00:00,Mantle,225664,7052
2024-10-21 00:00:00,Bitcoin Suisse,538423.852291453,16825.745384107908
2022-09-19 00:00:00,DARMA Capital,324544,10142
2023-01-09 00:00:00,imToken,37984,1187
2023-08-14 00:00:00,imToken,34976,1093
2020-12-28 00:00:00,Solo Stakers,103168,3224
2022-06-13 00:00:00,Solo Stakers,325440,10170
2025-06-09 00:00:00,Solo Stakers,161534.994569553,5047.968580298531
2023-04-24 00:00:00,Kiln,137920,4310
2022-02-21 00:00:00,Consensys,0,0
2022-04-18 00:00:00,Consensys,0,0
2022-09-12 00:00:00,Consensys,0,0
2024-06-03 00:00:00,Coinbase,4294625.903578163,134207.0594868176
2026-03-23 00:00:00,Coinbase,1792796.7287066963,56024.89777208426
2026-03-30 00:00:00,Coinbase,1791085.8881086963,55971.43400339676
2025-10-13 00:00:00,Bitstamp,208352.17967872,6511.00561496
2024-04-29 00:00:00,Kraken,822400.8919551391,25700.027873598097
2026-02-09 00:00:00,Kraken,1575490.111468648,49234.06598339525
2021-02-22 00:00:00,Binance,554304,17322
2023-12-18 00:00:00,Binance,1220416.41025217,38138.01282038031
2023-12-25 00:00:00,Unidentified,5069650.947984362,158426.5921245113
2022-11-28 00:00:00,ether.fi,0,0
2023-03-27 00:00:00,ether.fi,0,0
2024-06-03 00:00:00,ether.fi,1460490.00734596,45640.31272956125
2024-08-12 00:00:00,ether.fi,1671552.042821306,52236.001338165814
2021-05-10 00:00:00,Liquid Collective,0,0
2023-10-23 00:00:00,Rocket Pool,803062.7985661768,25095.712455193025
2023-01-23 00:00:00,StakeWise,12192,381
2024-01-01 00:00:00,StakeWise,13632,426
2026-08-17 00:00:00,StakeWise,345450.10582840315,10795.315807137598
2021-12-20 00:00:00,Revolut,0,0
2022-02-07 00:00:00,Revolut,0,0
2025-09-01 00:00:00,Revolut,60960,1905
2025-11-10 00:00:00,Revolut,62432,1951
2026-07-13 00:00:00,Revolut,117696,3678
2025-04-14 00:00:00,Upbit,503360,15730
2023-09-04 00:00:00,stakefish,291296.146576356,9103.004580511126
2025-06-16 00:00:00,stakefish,409888.77941778,12809.024356805625
2025-09-08 00:00:00,Octant,100352,3136
2021-10-18 00:00:00,P2P.org,0,0
2025-08-11 00:00:00,P2P.org,223497.586176491,6984.2995680153435
2022-09-05 00:00:00,Gate.io,32000,1000
2024-10-07 00:00:00,Gate.io,52576.131129146,1643.0040977858125
2025-10-27 00:00:00,Lido,8583164.922204455,268223.90381888923
2021-03-08 00:00:00,CoinSpot,0,0
2025-03-03 00:00:00,CoinSpot,137664,4302
2023-03-27 00:00:00,OKX,156865,4902.03125
2022-11-07 00:00:00,Kelp DAO,0,0
2024-01-15 00:00:00,Others,1146567.723804289,35830.24136888403
2024-12-23 00:00:00,Others,1109796.425416108,34681.138294253375
2025-06-09 00:00:00,Others,865941.5927439252,27060.67477324766
2022-01-31 00:00:00,Blockdaemon,0,0
2022-02-07 00:00:00,Blockdaemon,0,0
2026-03-23 00:00:00,Blockdaemon,1060608.36877426,33144.01152419562
2021-08-16 00:00:00,Stader,0,0
2023-11-13 00:00:00,Stader,41931.031441144005,1310.3447325357502
2023-12-25 00:00:00,Stader,65805.031441144,2056.40723253575
2026-04-27 00:00:00,Mantle,164512,5141
2024-10-14 00:00:00,Bitcoin Suisse,538487.852291453,16827.745384107908
2021-11-08 00:00:00,Solo Stakers,263168,8224
2024-11-04 00:00:00,Solo Stakers,339466.033560949,10608.313548779657
2024-08-12 00:00:00,Coinbase,4239522.07765931,132485.06492685343
2022-05-30 00:00:00,Bitstamp,50528,1579
2024-02-26 00:00:00,Bitstamp,171264,5352
2025-07-07 00:00:00,Bitstamp,218304.168374685,6822.005261708906
2025-12-15 00:00:00,Bitstamp,209056.17967872,6533.00561496
2021-04-05 00:00:00,Kraken,573952,17936
2022-04-04 00:00:00,Kraken,1016160,31755
2022-10-31 00:00:00,Kraken,1189248,37164
2023-11-13 00:00:00,Kraken,835008.8919551391,26094.027873598097
2021-12-27 00:00:00,Binance,894592,27956
2022-09-26 00:00:00,Binance,1056128,33004
2023-05-01 00:00:00,Binance,1124096.17906345,35128.005595732815
2021-05-17 00:00:00,Unidentified,1471840,45995
2023-02-27 00:00:00,Unidentified,3059797,95618.65625
2024-03-11 00:00:00,Unidentified,5545800.941808129,173306.27943150402
2022-10-17 00:00:00,ether.fi,0,0
2026-03-16 00:00:00,ether.fi,2312806.317778566,72275.19743058019
2026-08-17 00:00:00,ether.fi,1663520.512025645,51985.016000801406
2026-07-27 00:00:00,Liquid Collective,319232.287525154,9976.008985161063
2024-07-29 00:00:00,Rocket Pool,745269.3407372929,23289.666898040403
2025-03-24 00:00:00,Rocket Pool,673244.3980238328,21038.887438244776
2026-06-22 00:00:00,StakeWise,330926.59062818304,10341.45595713072
2021-04-12 00:00:00,Upbit,0,0
2023-06-26 00:00:00,Upbit,218720,6835
2024-11-04 00:00:00,Upbit,456704,14272
2024-11-04 00:00:00,stakefish,511136.427226682,15973.013350833813
2022-07-04 00:00:00,Everstake,6400,200
2022-11-07 00:00:00,Octant,0,0
2024-09-23 00:00:00,Octant,100352,3136
2025-01-27 00:00:00,Octant,100352,3136
2021-05-24 00:00:00,P2P.org,0,0
2023-07-24 00:00:00,P2P.org,137184,4287
2025-05-12 00:00:00,P2P.org,376417.586176491,11763.049568015344
2026-02-09 00:00:00,Gate.io,54816.131129146,1713.0040977858125
2024-01-15 00:00:00,Lido,9323995.990984462,291374.87471826444
2024-06-10 00:00:00,Lido,9531452.831556538,297857.9009861418
2025-12-22 00:00:00,Lido,8786941.172252761,274591.9116328988
2026-03-30 00:00:00,Lido,9306527.640025921,290828.98875081004
2024-02-26 00:00:00,CoinSpot,137664,4302
2024-12-02 00:00:00,CoinSpot,137664,4302
2025-01-13 00:00:00,OKX,466529.12227662595,14579.03507114456
2025-01-06 00:00:00,Figment,886112.015196235,27691.000474882345
2022-02-07 00:00:00,Kelp DAO,0,0
2020-11-09 00:00:00,Others,24000,750
2021-10-18 00:00:00,Others,529504,16547
2021-08-23 00:00:00,Blockdaemon,0,0
2026-03-16 00:00:00,Blockdaemon,1059616.36877426,33113.01152419562
2025-12-15 00:00:00,Stader,153603.66793384202,4800.114622932563
2025-09-29 00:00:00,Bitcoin Suisse,450359.85229145305,14073.745384107908
2023-10-09 00:00:00,DARMA Capital,326112,10191
2025-12-22 00:00:00,imToken,56544,1767
2026-07-27 00:00:00,imToken,56096,1753
2021-02-08 00:00:00,Solo Stakers,130912,4091
2023-03-13 00:00:00,Solo Stakers,395776,12368
2024-12-23 00:00:00,Solo Stakers,237118.03356094903,7409.938548779657
2024-06-17 00:00:00,Kiln,1136768,35524
2022-06-27 00:00:00,Coinbase,1926112,60191
2024-02-26 00:00:00,Coinbase,4549505.387339817,142172.0433543693
2025-08-11 00:00:00,Coinbase,2553442.529188424,79795.07903713825
2021-06-28 00:00:00,Consensys,0,0
2021-12-20 00:00:00,Consensys,0,0
2026-06-08 00:00:00,Consensys,99680,3115
2023-12-25 00:00:00,Bitstamp,190528,5954
2022-09-12 00:00:00,Kraken,1152256,36008
2023-07-03 00:00:00,Kraken,840544.567514801,26267.017734837533
2023-10-09 00:00:00,Binance,1340064.326563393,41877.01020510603
2025-09-15 00:00:00,Binance,3289328.4235978676,102791.51323743336
2025-12-15 00:00:00,Unidentified,9426245.22897635,294570.16340551095
2026-05-25 00:00:00,Unidentified,15954186.406803435,498568.32521260733
2022-06-13 00:00:00,ether.fi,0,0
2024-11-18 00:00:00,ether.fi,1670356.042821306,52198.626338165814
2022-07-18 00:00:00,Liquid Collective,0,0
2025-07-14 00:00:00,Liquid Collective,360160.131566551,11255.004111454718
2026-05-11 00:00:00,Rocket Pool,467358.1845184067,14604.94326620021
2020-11-02 00:00:00,StakeWise,0,0
2021-05-31 00:00:00,StakeWise,4832,151
2022-01-17 00:00:00,StakeWise,12192,381
2022-06-13 00:00:00,StakeWise,12192,381
2024-03-04 00:00:00,StakeWise,15744.000021536,492.000000673
2026-03-30 00:00:00,StakeWise,385619.632183523,12050.613505735093
2025-01-20 00:00:00,Revolut,48448,1514
2025-09-08 00:00:00,Revolut,61952,1936
2026-03-23 00:00:00,Upbit,554432,17326
2024-01-15 00:00:00,Everstake,25248,789
2021-01-11 00:00:00,Octant,0,0
2024-08-19 00:00:00,Octant,100352,3136
2025-01-20 00:00:00,Octant,100352,3136
2020-12-07 00:00:00,P2P.org,0,0
2024-03-18 00:00:00,P2P.org,296704,9272
2025-05-05 00:00:00,P2P.org,376513.586176491,11766.049568015344
2020-12-07 00:00:00,Gate.io,32000,1000
2023-09-18 00:00:00,Gate.io,36544.131129146,1142.0040977858125
2026-09-07 00:00:00,Gate.io,54816.131129146,1713.0040977858125
2026-09-21 00:00:00,Gate.io,54816.131129146,1713.0040977858125
2024-10-07 00:00:00,CoinSpot,137664,4302
2025-05-05 00:00:00,CoinSpot,137664,4302
2021-09-20 00:00:00,OKX,34689,1084.03125
2023-09-04 00:00:00,OKX,477953,14936.03125
2022-12-05 00:00:00,Figment,404928,12654
2023-01-23 00:00:00,Figment,418752,13086
2022-06-20 00:00:00,Others,824992,25781
2023-01-02 00:00:00,Others,936864,29277
2026-01-12 00:00:00,Others,728596.0724875341,22768.627265235442
2021-01-25 00:00:00,Blockdaemon,0,0
2022-10-24 00:00:00,Blockdaemon,0,0
2025-08-18 00:00:00,Blockdaemon,760096.193365339,23753.006042666842
2026-09-07 00:00:00,Blockdaemon,1051520.551941474,32860.01724817106
2025-01-06 00:00:00,Stader,137697.505125107,4303.047035159594
2021-10-04 00:00:00,Bitcoin Suisse,212832,6651
2026-03-02 00:00:00,Bitcoin Suisse,430743.85229145305,13460.745384107908
2021-11-22 00:00:00,DARMA Capital,324544,10142
2022-04-25 00:00:00,DARMA Capital,324544,10142
2023-06-26 00:00:00,DARMA Capital,326112,10191
2023-12-11 00:00:00,DARMA Capital,326112,10191
2025-11-10 00:00:00,DARMA Capital,239424,7482
2025-04-07 00:00:00,Solo Stakers,164158.818931671,5129.963091614719
2026-08-17 00:00:00,Solo Stakers,125535.31255150911,3922.9785172346596
2021-07-26 00:00:00,Kiln,0,0
2026-04-20 00:00:00,Kiln,718733.980167347,22460.436880229594
2021-05-03 00:00:00,Consensys,0,0
2025-09-08 00:00:00,Consensys,99008,3094
2026-01-12 00:00:00,Coinbase,1836120.7250986963,57378.77265933426
2021-04-12 00:00:00,Kraken,600608,18769
2023-05-01 00:00:00,Kraken,776480.438929451,24265.013716545345
2026-02-09 00:00:00,Binance,3411568.4235978676,106611.51323743336
2026-02-16 00:00:00,Binance,3331728.4235978676,104116.51323743336
2025-06-09 00:00:00,ether.fi,2320760.1363767767,72523.75426177427
2026-06-15 00:00:00,ether.fi,1749792.512025645,54681.016000801406
2026-06-29 00:00:00,ether.fi,1749792.512025645,54681.016000801406
2021-05-17 00:00:00,Liquid Collective,0,0
2023-02-27 00:00:00,Liquid Collective,224,7
2023-04-17 00:00:00,Liquid Collective,2240,70
2024-05-13 00:00:00,Liquid Collective,86592,2706
2023-01-09 00:00:00,Rocket Pool,352624,11019.5
2024-04-08 00:00:00,Rocket Pool,800833.5656105359,25026.048925329247
2024-11-04 00:00:00,Rocket Pool,729939.3318726888,22810.604121021526
2024-12-23 00:00:00,Rocket Pool,711194.7986081139,22224.83745650356
2022-01-10 00:00:00,StakeWise,12192,381
2026-02-02 00:00:00,StakeWise,375398.556305425,11731.204884544532
2026-02-16 00:00:00,Revolut,86112,2691
2022-03-28 00:00:00,Upbit,30464,952
2022-06-27 00:00:00,Upbit,46560,1455
2023-01-16 00:00:00,Upbit,76000,2375
2024-06-03 00:00:00,Upbit,398976,12468
2026-09-07 00:00:00,Upbit,636608,19894
2022-10-31 00:00:00,stakefish,280128,8754
2025-02-17 00:00:00,stakefish,478880.602691525,14965.018834110157
2026-03-30 00:00:00,stakefish,294345.80452654,9198.306391454375
2021-08-30 00:00:00,Everstake,6400,200
2023-11-27 00:00:00,Everstake,24992,781
2022-04-04 00:00:00,Octant,0,0
2023-11-20 00:00:00,Octant,100000,3125
2025-07-14 00:00:00,P2P.org,365289.586176491,11415.299568015344
2026-07-27 00:00:00,P2P.org,346584.68617649097,10830.771443015343
2022-07-11 00:00:00,Gate.io,32000,1000
2021-05-24 00:00:00,Lido,437952,13686
2024-03-04 00:00:00,Lido,9844635.990984462,307644.87471826444
2020-12-14 00:00:00,CoinSpot,0,0
2023-09-18 00:00:00,CoinSpot,137664,4302
2025-08-11 00:00:00,CoinSpot,137664,4302
2025-06-23 00:00:00,OKX,643329.122276626,20104.03507114456
2025-11-17 00:00:00,OKX,587066.122276626,18345.81632114456
2022-09-12 00:00:00,Figment,255744,7992
2024-09-23 00:00:00,Figment,841248.015196235,26289.000474882345
2021-03-08 00:00:00,Kelp DAO,0,0
2024-04-22 00:00:00,Kelp DAO,90208,2819
2026-09-07 00:00:00,Kelp DAO,143328.500123027,4479.015628844594
2021-08-30 00:00:00,Others,516576,16143
2025-06-02 00:00:00,Others,885205.5927439249,27662.674773247654
2025-11-03 00:00:00,Others,817257.024942911,25539.28202946597
2023-03-20 00:00:00,Stader,0,0
2025-02-10 00:00:00,Mantle,458144,14317
2025-09-15 00:00:00,Mantle,255296,7978
2025-10-06 00:00:00,Bitcoin Suisse,450359.85229145305,14073.745384107908
2026-08-10 00:00:00,Bitcoin Suisse,424279.85229145305,13258.745384107908
2026-07-20 00:00:00,DARMA Capital,174528,5454
2025-07-14 00:00:00,imToken,71008,2219
2021-02-01 00:00:00,Solo Stakers,129696,4053
2022-11-21 00:00:00,Solo Stakers,372128,11629
2025-01-06 00:00:00,Solo Stakers,181854.54332599603,5682.954478937376
2021-02-15 00:00:00,Kiln,0,0
2022-11-21 00:00:00,Kiln,11104,347
2022-12-12 00:00:00,Consensys,0,0
2020-11-09 00:00:00,Coinbase,0,0
2022-05-09 00:00:00,Coinbase,1848224,57757
2024-04-01 00:00:00,Coinbase,4510049.56151077,140939.04879721155
2020-12-07 00:00:00,Bitstamp,0,0
2021-10-18 00:00:00,Bitstamp,36928,1154
2021-09-20 00:00:00,Kraken,877504,27422
2024-07-01 00:00:00,Kraken,855520.8919551391,26735.027873598097
2025-02-03 00:00:00,Binance,2159232.4235978676,67476.01323743336
2026-04-27 00:00:00,Binance,3267728.5594873927,102116.51748398102
2021-05-10 00:00:00,Unidentified,1444832,45151
2021-11-01 00:00:00,Unidentified,1833632,57301
2025-03-24 00:00:00,Unidentified,7328558.880964305,229017.46503013454
2021-04-12 00:00:00,ether.fi,0,0
2022-03-21 00:00:00,ether.fi,0,0
2023-11-06 00:00:00,ether.fi,11808.00381196,369.00011912375
2024-12-30 00:00:00,ether.fi,1727040.136376777,53970.00426177428
2022-03-07 00:00:00,Rocket Pool,133408,4169
2022-10-31 00:00:00,Revolut,32,1
2023-02-06 00:00:00,Revolut,10464,327
2024-11-25 00:00:00,Revolut,49248,1539
2026-09-21 00:00:00,Revolut,115040,3595
2025-06-16 00:00:00,Upbit,482848,15089
2023-03-20 00:00:00,stakefish,281120,8785
2025-01-13 00:00:00,stakefish,484096.602691525,15128.018834110157
2022-01-24 00:00:00,Everstake,6400,200
2022-02-07 00:00:00,Everstake,6400,200
2023-06-12 00:00:00,Everstake,6400,200
2025-11-03 00:00:00,Everstake,702688,21959
2022-04-11 00:00:00,Octant,0,0
2025-12-22 00:00:00,P2P.org,327870.68617649097,10245.958943015343
2021-12-06 00:00:00,Gate.io,32000,1000
2022-09-12 00:00:00,Gate.io,32000,1000
2026-04-13 00:00:00,Gate.io,54816.131129146,1713.0040977858125
2022-01-24 00:00:00,Lido,1744832,54526
2026-06-01 00:00:00,Lido,8882240.4143782,277570.01294931874
2022-12-19 00:00:00,CoinSpot,127904,3997
2023-07-17 00:00:00,CoinSpot,137664,4302
2024-12-09 00:00:00,CoinSpot,137664,4302
2023-01-16 00:00:00,OKX,70433,2201.03125
2025-09-01 00:00:00,OKX,632994.122276626,19781.06632114456
2023-08-28 00:00:00,Figment,1049280,32790
2023-09-11 00:00:00,Figment,1126432,35201
2020-11-16 00:00:00,Kelp DAO,0,0
2025-04-28 00:00:00,Kelp DAO,128992.500123027,4031.0156288445937
2026-07-20 00:00:00,Kelp DAO,143328.500123027,4479.015628844594
2021-01-25 00:00:00,Others,298560,9330
2023-08-21 00:00:00,Blockdaemon,373472,11671
2024-08-19 00:00:00,Blockdaemon,377536.154437567,11798.004826173968
2025-08-25 00:00:00,Blockdaemon,761728.193365339,23804.006042666842
2022-03-14 00:00:00,Stader,0,0
2021-12-20 00:00:00,Mantle,0,0
2021-10-11 00:00:00,Bitcoin Suisse,212832,6651
2022-06-13 00:00:00,Bitcoin Suisse,286112,8941
2021-11-15 00:00:00,DARMA Capital,324544,10142
2024-02-12 00:00:00,DARMA Capital,326112,10191
2024-04-29 00:00:00,DARMA Capital,326112,10191
2021-12-13 00:00:00,imToken,16224,507
2022-11-14 00:00:00,imToken,35712,1116
2023-08-07 00:00:00,imToken,34688,1084
2025-05-26 00:00:00,imToken,69952,2186
2025-10-13 00:00:00,imToken,75072,2346
2022-03-21 00:00:00,Solo Stakers,296320,9260
2022-06-27 00:00:00,Solo Stakers,328192,10256
2024-10-28 00:00:00,Solo Stakers,339594.033560949,10612.313548779657
2024-12-30 00:00:00,Solo Stakers,182238.03399162804,5694.938562238376
2025-03-24 00:00:00,Solo Stakers,174750.79147708,5460.96223365875
2025-04-14 00:00:00,Kiln,1462784,45712
2022-06-20 00:00:00,Coinbase,1918848,59964
2023-03-20 00:00:00,Coinbase,2681248,83789
2023-10-23 00:00:00,Coinbase,4323456.766189691,135108.02394342783
2020-12-07 00:00:00,Consensys,0,0
2023-11-27 00:00:00,Consensys,0,0
2021-05-03 00:00:00,Bitstamp,2816,88
2026-07-20 00:00:00,Bitstamp,216160.17967872,6755.00561496
2026-04-13 00:00:00,Binance,3268784.5594873927,102149.51748398102
2024-10-21 00:00:00,Unidentified,6815689.53029713,212990.29782178532
2025-12-08 00:00:00,Unidentified,9523449.527986398,297607.79774957494
2025-01-13 00:00:00,ether.fi,1786220.136376777,55819.37926177428
2026-01-26 00:00:00,ether.fi,2390809.317778566,74712.79118058019
2022-05-30 00:00:00,Liquid Collective,0,0
2021-01-11 00:00:00,StakeWise,0,0
2022-06-27 00:00:00,StakeWise,12192,381
2024-04-08 00:00:00,StakeWise,16032.000021536,501.000000673
2020-11-16 00:00:00,Revolut,0,0
2024-01-22 00:00:00,Revolut,45600,1425
2026-06-08 00:00:00,Revolut,108608,3394
2020-11-23 00:00:00,Upbit,0,0
2024-09-16 00:00:00,Upbit,462400,14450
2021-04-12 00:00:00,stakefish,214944,6717
2021-06-07 00:00:00,stakefish,254080,7940
2022-06-27 00:00:00,stakefish,278720,8710
2023-01-23 00:00:00,stakefish,280960,8780
2023-02-06 00:00:00,stakefish,281088,8784
2020-11-30 00:00:00,Octant,0,0
2026-02-02 00:00:00,Octant,100352,3136
2022-08-08 00:00:00,P2P.org,0,0
2024-05-13 00:00:00,P2P.org,422240,13195
2024-04-22 00:00:00,Gate.io,42560.131129146,1330.0040977858125
2024-12-09 00:00:00,Gate.io,52608.131129146,1644.0040977858125
2026-07-20 00:00:00,Gate.io,54816.131129146,1713.0040977858125
2023-11-06 00:00:00,Lido,8949957.762196284,279686.18006863387
2025-12-15 00:00:00,Lido,8766012.998295015,273937.9061967192
2021-07-19 00:00:00,OKX,32385,1012.03125
2024-09-09 00:00:00,OKX,441313.12227662595,13791.03507114456
2024-11-04 00:00:00,OKX,491969.12227662595,15374.03507114456
2021-06-14 00:00:00,Figment,0,0
2023-04-10 00:00:00,Figment,455680,14240
2024-12-09 00:00:00,Kelp DAO,131872.011644408,4121.00036388775
2025-03-31 00:00:00,Others,986824.5526739331,30838.26727106041
2021-10-25 00:00:00,Blockdaemon,0,0
2022-05-23 00:00:00,Blockdaemon,0,0
2023-06-05 00:00:00,Blockdaemon,328512,10266
2021-07-05 00:00:00,Stader,0,0
2022-10-10 00:00:00,Stader,0,0
2026-08-24 00:00:00,Stader,86038.73436620703,2688.71044894397
2022-09-19 00:00:00,Mantle,0,0
2026-02-23 00:00:00,Mantle,224384,7012
2026-04-13 00:00:00,Mantle,224384,7012
2024-05-13 00:00:00,Bitcoin Suisse,551799.852291453,17243.745384107908
2021-09-13 00:00:00,DARMA Capital,324544,10142
2022-12-05 00:00:00,DARMA Capital,326112,10191
2023-05-15 00:00:00,DARMA Capital,326112,10191
2026-07-13 00:00:00,DARMA Capital,174528,5454
2024-05-20 00:00:00,imToken,61216,1913
2025-03-24 00:00:00,imToken,70432,2201
2025-01-27 00:00:00,Kiln,1312480,41015
2021-08-23 00:00:00,Coinbase,1112864,34777
2024-12-02 00:00:00,Consensys,110784,3462
2022-12-26 00:00:00,Bitstamp,67232,2101
2026-02-16 00:00:00,Kraken,1589122.111468648,49660.06598339525
2022-04-18 00:00:00,Binance,957952,29936
2023-09-04 00:00:00,Binance,1312864.17906345,41027.005595732815
2023-10-16 00:00:00,Binance,1340064.326563393,41877.01020510603
2022-11-14 00:00:00,Unidentified,2666325,83322.65625
2023-08-14 00:00:00,Unidentified,4536163.548768187,141755.11089900584
2024-02-26 00:00:00,Unidentified,5489717.400448662,171553.6687640207
2024-08-26 00:00:00,Unidentified,6423407.747593083,200731.49211228386
2024-09-16 00:00:00,ether.fi,1686432.042821306,52701.001338165814
2025-08-25 00:00:00,ether.fi,2259449.317778566,70607.79118058019
2023-10-02 00:00:00,Liquid Collective,24768,774
2026-01-19 00:00:00,Rocket Pool,559965.2393245777,17498.913728893054
2020-12-28 00:00:00,StakeWise,0,0
2025-08-18 00:00:00,StakeWise,309600.01485448994,9675.00046420281
2022-07-18 00:00:00,Revolut,0,0
2022-01-31 00:00:00,Upbit,7136,223
2022-06-20 00:00:00,Upbit,46176,1443
2022-11-21 00:00:00,Upbit,66720,2085
2025-04-21 00:00:00,stakefish,421536.77941778,13173.024356805625
2022-09-05 00:00:00,Everstake,6400,200
2024-06-24 00:00:00,Everstake,422944,13217
2021-06-28 00:00:00,Octant,0,0
2024-11-25 00:00:00,Octant,100352,3136
2023-03-13 00:00:00,P2P.org,2016,63
2023-01-23 00:00:00,OKX,70913,2216.03125
2025-09-08 00:00:00,OKX,617029.122276626,19282.16007114456
2020-11-30 00:00:00,Figment,0,0
2025-06-23 00:00:00,Figment,1021216.015196235,31913.000474882345
2023-02-20 00:00:00,Kelp DAO,0,0
2021-06-07 00:00:00,Others,497728,15554
2022-01-24 00:00:00,Stader,0,0
2022-01-31 00:00:00,Stader,0,0
2026-01-26 00:00:00,Stader,139203.73436620703,4350.11669894397
2021-09-27 00:00:00,Mantle,0,0
2021-11-15 00:00:00,Mantle,0,0
2022-01-17 00:00:00,Bitcoin Suisse,251328,7854
2023-05-22 00:00:00,Bitcoin Suisse,444512,13891
2024-03-18 00:00:00,Bitcoin Suisse,523479.85229145305,16358.745384107908
2024-07-15 00:00:00,Bitcoin Suisse,529271.852291453,16539.745384107908
2024-12-23 00:00:00,Bitcoin Suisse,505559.85229145305,15798.745384107908
2024-12-02 00:00:00,DARMA Capital,324864,10152
2021-08-23 00:00:00,imToken,11264,352
2022-10-03 00:00:00,imToken,34304,1072
2024-08-26 00:00:00,imToken,68160,2130
2024-06-03 00:00:00,Solo Stakers,345577.40919432,10799.2940373225
2026-08-10 00:00:00,Solo Stakers,125951.2904056401,3935.977825176253
2021-09-20 00:00:00,Kiln,0,0
2023-01-30 00:00:00,Kiln,47104,1472
2026-09-14 00:00:00,Kiln,761081.26494078,23783.789529399375
2025-03-17 00:00:00,Coinbase,2751266.529188424,85977.07903713825
2022-09-05 00:00:00,Consensys,0,0
2022-11-07 00:00:00,Consensys,0,0
2024-09-30 00:00:00,Consensys,105088,3284
2024-10-07 00:00:00,Consensys,111008,3469
2021-03-15 00:00:00,Bitstamp,96,3
2024-01-01 00:00:00,Bitstamp,190944,5967
2021-07-12 00:00:00,Kraken,792256,24758
2021-11-15 00:00:00,Kraken,916736,28648
2026-02-23 00:00:00,Binance,3331728.4235978676,104116.51323743336
2022-11-21 00:00:00,ether.fi,0,0
2026-03-30 00:00:00,ether.fi,2312806.317778566,72275.19743058019
2022-12-12 00:00:00,Liquid Collective,32,1
2025-06-09 00:00:00,Rocket Pool,660731.1436489258,20647.848239028932
2026-08-03 00:00:00,Rocket Pool,453183.52581534267,14161.985181729458
2022-03-28 00:00:00,StakeWise,12192,381
2025-10-20 00:00:00,StakeWise,335224.9693672799,10475.780292727497
2022-09-05 00:00:00,Revolut,32,1
2020-11-16 00:00:00,Upbit,0,0
2022-01-31 00:00:00,stakefish,276288,8634
2024-04-15 00:00:00,Everstake,335328,10479
2025-08-25 00:00:00,Everstake,680512,21266
2026-02-09 00:00:00,Everstake,718144,22442
2026-05-25 00:00:00,Everstake,732928,22904
2026-09-07 00:00:00,Everstake,796512,24891
2020-11-16 00:00:00,Octant,0,0
2023-04-17 00:00:00,Octant,0,0
2026-08-31 00:00:00,Octant,100352,3136
2021-05-10 00:00:00,P2P.org,0,0
2022-10-03 00:00:00,P2P.org,0,0
2021-05-17 00:00:00,Lido,404736,12648
2024-03-11 00:00:00,Lido,9775643.990984462,305488.87471826444
2025-03-31 00:00:00,Lido,9361724.833994765,292553.9010623364
2022-05-09 00:00:00,CoinSpot,0,0
2025-04-21 00:00:00,OKX,514273.12227662595,16071.03507114456
2023-03-27 00:00:00,Figment,454176,14193
2023-11-13 00:00:00,Figment,1367360,42730
2024-04-08 00:00:00,Figment,820864.015196235,25652.000474882345
2026-09-14 00:00:00,Kelp DAO,143328.500123027,4479.015628844594
2022-08-15 00:00:00,Others,827011,25844.09375
2023-08-14 00:00:00,Blockdaemon,371936,11623
2024-01-22 00:00:00,Blockdaemon,263904.154437567,8247.004826173968
2024-06-03 00:00:00,Blockdaemon,340608.154437567,10644.004826173968
2026-02-02 00:00:00,Blockdaemon,1039808.3687742599,32494.011524195623
2021-10-25 00:00:00,Stader,0,0
2024-03-04 00:00:00,Stader,132907.031441144,4153.34473253575
2024-04-15 00:00:00,Stader,120955.031441144,3779.84473253575
2025-08-18 00:00:00,Stader,158566.66793384202,4955.208372932563
2021-03-01 00:00:00,Mantle,0,0
2021-09-13 00:00:00,Mantle,0,0
2023-10-16 00:00:00,Mantle,192,6
2024-09-16 00:00:00,Mantle,506432,15826
2022-10-10 00:00:00,Bitcoin Suisse,294048,9189
2021-02-15 00:00:00,DARMA Capital,0,0
2025-02-03 00:00:00,DARMA Capital,309600,9675
2022-05-30 00:00:00,imToken,25664,802
2026-05-18 00:00:00,imToken,56384,1762
2021-06-14 00:00:00,Solo Stakers,186400,5825
2023-03-27 00:00:00,Solo Stakers,397120,12410
2024-06-10 00:00:00,Solo Stakers,345449.419299829,10795.294353119656
2021-04-12 00:00:00,Kiln,0,0
2025-09-01 00:00:00,Kiln,1633920.646447251,51060.0202014766
2020-11-02 00:00:00,Coinbase,0,0
2022-08-22 00:00:00,Coinbase,2054496,64203
2023-10-30 00:00:00,Coinbase,4299520.766189691,134360.02394342783
2026-09-14 00:00:00,Consensys,99040,3095
2021-03-08 00:00:00,Bitstamp,64,2
2021-03-22 00:00:00,Bitstamp,96,3
2021-08-09 00:00:00,Bitstamp,28000,875
2025-03-03 00:00:00,Bitstamp,204416,6388
2025-12-22 00:00:00,Bitstamp,207872.17967872,6496.00561496
2022-04-18 00:00:00,Kraken,1029024,32157
2024-01-29 00:00:00,Kraken,805088.8919551391,25159.027873598097
2025-04-07 00:00:00,Kraken,1141761.2252946252,35680.038290457036
2021-07-12 00:00:00,Binance,714304,22322
2022-03-21 00:00:00,Unidentified,2034656,63583
2023-07-31 00:00:00,Unidentified,4435999.525265037,138624.9851645324
2026-03-23 00:00:00,Unidentified,13387389.466278832,418355.9208212135
2021-04-19 00:00:00,ether.fi,0,0
2024-07-29 00:00:00,ether.fi,1732960.00734596,54155.00022956125
2026-03-23 00:00:00,ether.fi,2312806.317778566,72275.19743058019
2022-09-26 00:00:00,Liquid Collective,0,0
2026-02-16 00:00:00,Liquid Collective,279744.287525154,8742.008985161063
2023-11-06 00:00:00,Rocket Pool,805921.9898225227,25185.062181953836
2025-03-31 00:00:00,Rocket Pool,671377.3980238328,20980.543688244776
2023-11-06 00:00:00,StakeWise,7648,239
2025-01-20 00:00:00,Upbit,385888,12059
2026-01-19 00:00:00,Upbit,434944,13592
2022-07-11 00:00:00,stakefish,278912,8716
2026-03-30 00:00:00,Everstake,735840,22995
2025-01-13 00:00:00,Octant,100352,3136
2025-06-16 00:00:00,Octant,100352,3136
2022-07-25 00:00:00,P2P.org,0,0
2021-12-20 00:00:00,Gate.io,32000,1000
2023-04-10 00:00:00,Gate.io,32000,1000
2023-07-17 00:00:00,Gate.io,36544.131129146,1142.0040977858125
2023-06-19 00:00:00,Lido,7397477.522579863,231171.1725806207
2021-10-18 00:00:00,CoinSpot,0,0
2022-05-16 00:00:00,CoinSpot,0,0
2022-05-30 00:00:00,CoinSpot,0,0
2025-02-17 00:00:00,OKX,491745.12227662595,15367.03507114456
2021-07-05 00:00:00,Figment,0,0
2024-11-04 00:00:00,Figment,841376.015196235,26293.000474882345
2021-09-27 00:00:00,Kelp DAO,0,0
2024-06-24 00:00:00,Kelp DAO,157344,4917
2024-07-01 00:00:00,Kelp DAO,157440,4920
2026-08-10 00:00:00,Others,435760.0724875339,13617.502265235435
2020-11-16 00:00:00,Blockdaemon,0,0
2021-01-18 00:00:00,Blockdaemon,0,0
2025-01-20 00:00:00,Blockdaemon,370880.193365339,11590.006042666844
2021-11-22 00:00:00,Mantle,0,0
2024-07-08 00:00:00,Mantle,498656,15583
2025-04-14 00:00:00,Mantle,381152,11911
2025-09-29 00:00:00,Mantle,247872,7746
2023-03-13 00:00:00,Bitcoin Suisse,424768,13274
2022-02-28 00:00:00,DARMA Capital,324544,10142
2022-09-26 00:00:00,DARMA Capital,324544,10142
2023-06-05 00:00:00,imToken,36736,1148
2025-05-12 00:00:00,imToken,69728,2179
2023-01-23 00:00:00,Solo Stakers,391968,12249
2024-09-09 00:00:00,Solo Stakers,343081.93261915003,10721.310394348438
2021-07-19 00:00:00,Kiln,0,0
2021-12-20 00:00:00,Kiln,64,2
2025-09-08 00:00:00,Kiln,1619552.646447251,50611.0202014766
2020-12-21 00:00:00,Coinbase,32,1
2022-12-19 00:00:00,Bitstamp,67008,2094
2023-10-23 00:00:00,Bitstamp,71104,2222
2024-12-09 00:00:00,Bitstamp,192032,6001
2021-07-19 00:00:00,Kraken,801920,25060
2023-09-11 00:00:00,Binance,1354464.17906345,42327.005595732815
2025-02-10 00:00:00,Binance,2159200.4235978676,67475.01323743336
2025-03-10 00:00:00,Unidentified,7284200.406776905,227631.26271177828
2025-08-25 00:00:00,Unidentified,8106633.177815975,253332.2868067492
2020-12-14 00:00:00,Liquid Collective,0,0
2023-09-25 00:00:00,Liquid Collective,24768,774
2024-11-25 00:00:00,Liquid Collective,109760,3430
2020-11-09 00:00:00,Rocket Pool,0,0
2022-10-10 00:00:00,Rocket Pool,284320,8885
2023-03-06 00:00:00,Rocket Pool,426256,13320.5
2024-05-27 00:00:00,Rocket Pool,774710.9247536449,24209.7163985514
2022-10-10 00:00:00,StakeWise,12192,381
2026-01-26 00:00:00,StakeWise,369103.954777402,11534.498586793812
2022-08-22 00:00:00,Upbit,51680,1615
2024-06-10 00:00:00,Upbit,403840,12620
2026-06-01 00:00:00,Upbit,608864,19027
2026-07-06 00:00:00,Upbit,641248,20039
2020-11-23 00:00:00,Everstake,6400,200
2024-06-10 00:00:00,Everstake,415680,12990
2024-08-19 00:00:00,Everstake,522528,16329
2025-03-31 00:00:00,Everstake,654496,20453
2026-06-08 00:00:00,Everstake,716032,22376
2021-05-03 00:00:00,Octant,0,0
2024-09-30 00:00:00,Octant,100352,3136
2020-12-14 00:00:00,P2P.org,0,0
2024-02-26 00:00:00,P2P.org,294432,9201
2025-03-03 00:00:00,Gate.io,53824.131129146,1682.0040977858125
2025-12-01 00:00:00,Gate.io,54816.131129146,1713.0040977858125
2022-03-28 00:00:00,Lido,2985056,93283
2024-08-05 00:00:00,Lido,9795708.831556538,306115.9009861418
2025-12-15 00:00:00,CoinSpot,137664,4302
2021-02-01 00:00:00,OKX,23297,728.03125
2026-06-29 00:00:00,OKX,498865.12227662595,15589.53507114456
2024-06-10 00:00:00,Figment,846496.015196235,26453.000474882345
2024-08-12 00:00:00,Figment,839904.015196235,26247.000474882345
2022-07-04 00:00:00,Kelp DAO,0,0
2024-10-07 00:00:00,Kelp DAO,147840,4620
2020-12-21 00:00:00,Others,253856,7933
2021-04-05 00:00:00,Others,467584,14612
2023-06-19 00:00:00,Others,1035851.1595766521,32370.34873677038
2026-08-03 00:00:00,Others,435856.0724875339,13620.502265235435
2025-10-27 00:00:00,Blockdaemon,915360.193365339,28605.006042666842
2024-04-08 00:00:00,Stader,121552.031441144,3798.50098253575
2026-03-30 00:00:00,Stader,137476.73436620703,4296.14794894397
2026-06-01 00:00:00,Stader,109978.73436620703,3436.83544894397
2021-07-12 00:00:00,Mantle,0,0
2022-08-15 00:00:00,Bitcoin Suisse,288096,9003
2023-03-06 00:00:00,Bitcoin Suisse,424768,13274
2023-10-30 00:00:00,Bitcoin Suisse,541824,16932
2024-12-30 00:00:00,Bitcoin Suisse,505783.85229145305,15805.745384107908
2020-12-07 00:00:00,DARMA Capital,0,0
2024-04-22 00:00:00,DARMA Capital,326112,10191
2024-12-16 00:00:00,imToken,70944,2217
2022-04-11 00:00:00,Kiln,96,3
2022-01-24 00:00:00,Coinbase,1637216,51163
2025-12-15 00:00:00,Coinbase,2002480.6962456962,62577.521757678005
2026-05-11 00:00:00,Coinbase,1783175.7338726963,55724.24168352176
2026-04-06 00:00:00,Consensys,99776,3118
2026-09-07 00:00:00,Consensys,99360,3105
2023-01-02 00:00:00,Bitstamp,67296,2103
2023-02-27 00:00:00,Bitstamp,91488,2859
2023-07-17 00:00:00,Bitstamp,84736,2648
2021-02-01 00:00:00,Kraken,406208,12694
2022-01-31 00:00:00,Kraken,975200,30475
2023-07-03 00:00:00,Binance,1367072.17906345,42721.005595732815
2025-07-28 00:00:00,Binance,3032832.4235978676,94776.01323743336
2023-06-12 00:00:00,Unidentified,4129305.6483716792,129040.80151161498
2024-07-29 00:00:00,Unidentified,6251006.002800204,195343.93758750637
2022-08-15 00:00:00,ether.fi,0,0
2022-10-03 00:00:00,Liquid Collective,0,0
2023-02-13 00:00:00,Liquid Collective,32,1
2025-02-03 00:00:00,Liquid Collective,109184,3412
2022-06-20 00:00:00,Rocket Pool,189568,5924
2024-12-16 00:00:00,Rocket Pool,702242.4900131649,21945.077812911404
2026-06-22 00:00:00,Rocket Pool,456927.36758502066,14278.980237031896
2024-11-04 00:00:00,StakeWise,54048.004008038,1689.0001252511875
2021-01-18 00:00:00,Revolut,0,0
2023-02-13 00:00:00,Revolut,12544,392
2022-10-31 00:00:00,Upbit,60640,1895
2024-08-12 00:00:00,Upbit,441440,13795
2025-02-10 00:00:00,Upbit,406592,12706
2026-01-26 00:00:00,Upbit,446528,13954
2022-01-24 00:00:00,stakefish,276256,8633
2021-11-01 00:00:00,Everstake,6400,200
2026-03-23 00:00:00,Everstake,727744,22742
2022-12-12 00:00:00,Octant,0,0
2024-01-01 00:00:00,P2P.org,205216,6413
2025-12-15 00:00:00,P2P.org,323816.68617649097,10119.271443015343
2021-02-22 00:00:00,Gate.io,32000,1000
2021-03-22 00:00:00,Lido,186560,5830
2025-08-11 00:00:00,Lido,8822076.909448335,275689.90342026047
2025-10-13 00:00:00,Lido,8486684.922204455,265208.90381888923
2021-03-22 00:00:00,CoinSpot,0,0
2021-08-09 00:00:00,CoinSpot,0,0
2021-11-29 00:00:00,CoinSpot,0,0
2022-12-26 00:00:00,CoinSpot,127904,3997
2023-10-23 00:00:00,CoinSpot,137664,4302
2024-11-18 00:00:00,OKX,480033.12227662595,15001.03507114456
2025-04-07 00:00:00,OKX,537665.122276626,16802.03507114456
2022-01-24 00:00:00,Figment,12416,388
2022-07-11 00:00:00,Figment,191616,5988
2021-03-01 00:00:00,Kelp DAO,0,0
2023-06-12 00:00:00,Blockdaemon,337440,10545
2024-08-05 00:00:00,Blockdaemon,365056.154437567,11408.004826173968
2022-03-28 00:00:00,Stader,0,0
2025-01-13 00:00:00,Stader,139049.505125107,4345.297035159594
2023-10-16 00:00:00,Bitcoin Suisse,543200,16975
2022-05-02 00:00:00,DARMA Capital,324544,10142
2024-07-08 00:00:00,DARMA Capital,326112,10191
2025-09-22 00:00:00,DARMA Capital,239424,7482
2026-04-06 00:00:00,DARMA Capital,174528,5454
2021-05-10 00:00:00,imToken,2816,88
2024-03-25 00:00:00,imToken,60416,1888
2025-07-07 00:00:00,imToken,70528,2204
2023-01-30 00:00:00,Solo Stakers,392544,12267
2024-04-15 00:00:00,Solo Stakers,352040.622722746,11001.269460085812
2024-02-05 00:00:00,Kiln,1049568,32799
2025-05-19 00:00:00,Bitstamp,212320.168374685,6635.005261708906
2020-11-23 00:00:00,Consensys,0,0
2022-09-19 00:00:00,Consensys,0,0
2023-06-26 00:00:00,Kraken,836768.567514801,26149.017734837533
2024-07-01 00:00:00,Binance,1118144.4235978678,34942.01323743337
2025-02-17 00:00:00,Binance,2158400.4235978676,67450.01323743336
2024-09-09 00:00:00,ether.fi,1686432.042821306,52701.001338165814
2024-11-11 00:00:00,ether.fi,1626304.042821306,50822.001338165814
2025-06-02 00:00:00,ether.fi,2278509.1363767767,71203.41051177427
2026-08-31 00:00:00,ether.fi,1673005.292499605,52281.41539061266
2022-02-14 00:00:00,Liquid Collective,0,0
2022-06-27 00:00:00,Rocket Pool,197168,6161.5
2022-10-24 00:00:00,Rocket Pool,292928,9154
2024-12-30 00:00:00,StakeWise,108864.004008038,3402.0001252511875
2026-03-16 00:00:00,StakeWise,380379.928134371,11886.872754199094
2021-09-06 00:00:00,Revolut,0,0
2024-06-17 00:00:00,Revolut,46560,1455
2022-07-04 00:00:00,Upbit,47424,1482
2024-08-05 00:00:00,Upbit,429664,13427
2023-03-27 00:00:00,stakefish,281120,8785
2022-07-11 00:00:00,Everstake,6400,200
2023-06-19 00:00:00,Everstake,6400,200
2026-08-31 00:00:00,Everstake,805728,25179
2021-02-22 00:00:00,Octant,0,0
2021-04-26 00:00:00,Octant,0,0
2022-10-31 00:00:00,Octant,0,0
2024-05-06 00:00:00,Octant,100352,3136
2025-06-23 00:00:00,Octant,100352,3136
2024-10-07 00:00:00,P2P.org,458944.152447009,14342.004763969031
2025-03-03 00:00:00,P2P.org,377056.486176491,11783.015193015344
2024-09-02 00:00:00,Lido,9797724.831556538,306178.9009861418
2024-10-21 00:00:00,Lido,9723612.831556538,303862.9009861418
2023-01-02 00:00:00,CoinSpot,127904,3997
2023-12-25 00:00:00,CoinSpot,137664,4302
2025-10-13 00:00:00,CoinSpot,137664,4302
2022-04-18 00:00:00,OKX,45921,1435.03125
2021-06-28 00:00:00,Figment,0,0
2022-04-04 00:00:00,Figment,136320,4260
2026-03-30 00:00:00,Figment,1482016.015196235,46313.00047488234
2026-06-01 00:00:00,Figment,1436352.015196235,44886.00047488234
2021-12-06 00:00:00,Kelp DAO,0,0
2022-12-12 00:00:00,Kelp DAO,0,0
2022-07-04 00:00:00,Blockdaemon,0,0
2022-11-14 00:00:00,Blockdaemon,32,1
2023-11-20 00:00:00,Blockdaemon,431488,13484
2024-04-15 00:00:00,Blockdaemon,360768.154437567,11274.004826173968
2022-04-25 00:00:00,Mantle,0,0
2023-09-04 00:00:00,Mantle,0,0
2024-09-23 00:00:00,Mantle,499744,15617
2025-06-16 00:00:00,Mantle,357920,11185
2025-09-22 00:00:00,Mantle,247872,7746
2024-01-01 00:00:00,Bitcoin Suisse,557687.852291453,17427.745384107908
2026-02-23 00:00:00,Bitcoin Suisse,431447.85229145305,13482.745384107908
2023-10-02 00:00:00,DARMA Capital,326112,10191
2026-06-08 00:00:00,DARMA Capital,174528,5454
2022-07-25 00:00:00,imToken,33184,1037
2023-09-25 00:00:00,imToken,39104,1222
2023-08-14 00:00:00,Solo Stakers,412613.584851362,12894.174526605062
2021-11-08 00:00:00,Kiln,0,0
2023-05-08 00:00:00,Kiln,331840,10370
2023-11-20 00:00:00,Kiln,849408,26544
2024-04-29 00:00:00,Kiln,1149312,35916
2026-02-16 00:00:00,Kiln,670857.189611758,20964.287175367437
2021-07-19 00:00:00,Consensys,0,0
2022-07-04 00:00:00,Consensys,0,0
2023-02-20 00:00:00,Consensys,0,0
2025-10-20 00:00:00,Coinbase,2528099.415349696,79003.106729678
2023-09-18 00:00:00,Bitstamp,80736,2523
2021-07-05 00:00:00,Kraken,786528,24579
2022-11-21 00:00:00,Kraken,1197664,37427
2024-01-22 00:00:00,Kraken,876928.8919551391,27404.027873598097
2025-06-09 00:00:00,Kraken,1242881.5760555342,38840.04925173544
2022-05-23 00:00:00,Unidentified,2089361,65292.53125
2025-05-26 00:00:00,Unidentified,7218029.281617728,225563.415050554
2023-08-28 00:00:00,ether.fi,12768.00381196,399.00011912375
2022-08-01 00:00:00,Liquid Collective,0,0
2025-03-10 00:00:00,Liquid Collective,107264,3352
2025-05-12 00:00:00,Liquid Collective,120352,3761
2022-08-22 00:00:00,Rocket Pool,217344,6792
2023-03-20 00:00:00,Rocket Pool,437568,13674
2024-09-30 00:00:00,Revolut,53984,1687
2020-11-09 00:00:00,Upbit,0,0
2022-09-05 00:00:00,Upbit,52864,1652
2020-11-09 00:00:00,stakefish,0,0
2024-11-11 00:00:00,stakefish,506560.427226682,15830.013350833813
2024-04-29 00:00:00,Octant,100352,3136
2026-07-13 00:00:00,Octant,100352,3136
2022-05-30 00:00:00,P2P.org,0,0
2023-01-09 00:00:00,P2P.org,0,0
2020-11-23 00:00:00,Gate.io,32000,1000
2021-03-08 00:00:00,Gate.io,32000,1000
2022-12-19 00:00:00,Gate.io,32000,1000
2024-06-24 00:00:00,Gate.io,52576.131129146,1643.0040977858125
2026-02-16 00:00:00,Gate.io,54816.131129146,1713.0040977858125
2024-08-26 00:00:00,Lido,9798076.831556538,306189.9009861418
2026-07-20 00:00:00,CoinSpot,137664,4302
2022-08-29 00:00:00,Figment,255680,7990
2021-06-21 00:00:00,Kelp DAO,0,0
2025-01-20 00:00:00,Kelp DAO,97216.500123027,3038.0156288445937
2021-03-22 00:00:00,Others,445824,13932
2025-12-22 00:00:00,Others,761139.3761965041,23785.605506140753
2022-09-05 00:00:00,Blockdaemon,0,0
2026-06-29 00:00:00,Blockdaemon,1066432.551941474,33326.01724817106
2025-03-17 00:00:00,Stader,147365.505125107,4605.172035159594
2022-05-02 00:00:00,Mantle,0,0
2023-10-09 00:00:00,Mantle,96,3
2024-02-19 00:00:00,Bitcoin Suisse,540375.852291453,16886.745384107908
2025-08-11 00:00:00,Bitcoin Suisse,453815.85229145305,14181.745384107908
2020-12-14 00:00:00,imToken,0,0
2024-10-28 00:00:00,imToken,74432,2326
2025-03-10 00:00:00,imToken,70400,2200
2022-01-10 00:00:00,Solo Stakers,279776,8743
2023-12-04 00:00:00,Kiln,899392,28106
2024-01-22 00:00:00,Kiln,985664,30802
2022-03-07 00:00:00,Coinbase,1722784,53837
2022-03-14 00:00:00,Coinbase,1734624,54207
2022-06-13 00:00:00,Coinbase,1901984,59437
2024-06-10 00:00:00,Coinbase,4321698.07765931,135053.06492685343
2026-09-21 00:00:00,Consensys,99040,3095
2021-11-29 00:00:00,Bitstamp,39200,1225
2024-10-07 00:00:00,Bitstamp,169920,5310
2025-05-05 00:00:00,Bitstamp,211488.168374685,6609.005261708906
2021-11-22 00:00:00,Binance,889568,27799
2025-12-01 00:00:00,Binance,3197360.4235978676,99917.51323743336
2022-05-16 00:00:00,Unidentified,2086848,65214
2022-06-06 00:00:00,Unidentified,2104307,65759.59375
2023-03-06 00:00:00,Unidentified,3079765,96242.65625
2023-04-03 00:00:00,ether.fi,0,0
2022-12-19 00:00:00,Liquid Collective,32,1
2023-07-17 00:00:00,Liquid Collective,2912,91
2022-05-16 00:00:00,Rocket Pool,177888,5559
2025-06-02 00:00:00,Rocket Pool,661174.1436489258,20661.691989028932
2023-03-27 00:00:00,StakeWise,12192,381
2024-01-08 00:00:00,StakeWise,13760,430
2024-06-10 00:00:00,StakeWise,26592.000021535998,831.0000006729999
2023-04-17 00:00:00,Revolut,23968,749
2021-06-21 00:00:00,stakefish,255168,7974
2021-11-22 00:00:00,stakefish,275040,8595
2022-08-29 00:00:00,stakefish,279008,8719
2022-09-05 00:00:00,stakefish,279040,8720
2023-07-03 00:00:00,stakefish,289824,9057
2024-03-11 00:00:00,Everstake,294848,9214
2024-08-12 00:00:00,Everstake,515392,16106
2024-01-22 00:00:00,Octant,100000,3125
2024-06-17 00:00:00,Octant,100352,3136
2026-02-16 00:00:00,Octant,100352,3136
2026-09-14 00:00:00,Octant,100352,3136
2023-09-25 00:00:00,P2P.org,140704,4397
2024-03-04 00:00:00,P2P.org,293664,9177
2024-12-16 00:00:00,P2P.org,448096.152447009,14003.004763969031
2025-07-07 00:00:00,P2P.org,365481.586176491,11421.299568015344
2021-06-21 00:00:00,Gate.io,32000,1000
2021-09-27 00:00:00,Gate.io,32000,1000
2021-11-29 00:00:00,Gate.io,32000,1000
2024-04-29 00:00:00,Gate.io,42560.131129146,1330.0040977858125
2026-03-16 00:00:00,Lido,9164479.207945557,286389.97524829867
2021-05-03 00:00:00,CoinSpot,0,0
2024-01-01 00:00:00,CoinSpot,137664,4302
2021-04-05 00:00:00,OKX,27745,867.03125
2024-01-29 00:00:00,OKX,593281.122276626,18540.03507114456
2025-11-03 00:00:00,OKX,580144.122276626,18129.50382114456
2023-01-30 00:00:00,Figment,426080,13315
2025-04-21 00:00:00,Figment,961632.015196235,30051.000474882345
2026-07-06 00:00:00,Figment,1425888.015196235,44559.00047488234
2021-11-29 00:00:00,Kelp DAO,0,0
2022-12-19 00:00:00,Kelp DAO,0,0
2023-07-17 00:00:00,Kelp DAO,0,0
2023-09-11 00:00:00,Kelp DAO,0,0
2023-06-05 00:00:00,Others,1034443.1595766521,32326.34873677038
2021-08-30 00:00:00,Blockdaemon,0,0
2024-06-17 00:00:00,Blockdaemon,340096.154437567,10628.004826173968
2026-05-18 00:00:00,Blockdaemon,1117120.36877426,34910.01152419562
2022-05-16 00:00:00,Stader,0,0
2022-06-27 00:00:00,Stader,0,0
2023-10-30 00:00:00,Stader,37901.031441144005,1184.4072325357502
2024-01-01 00:00:00,Stader,73893.031441144,2309.15723253575
2024-11-04 00:00:00,Stader,130436.50512510701,4076.140785159594
2025-10-20 00:00:00,Stader,160357.66793384202,5011.177122932563
2021-08-02 00:00:00,Bitcoin Suisse,179872,5621
2022-05-02 00:00:00,Bitcoin Suisse,259328,8104
2025-07-21 00:00:00,DARMA Capital,239424,7482
2026-09-21 00:00:00,DARMA Capital,174528,5454
2021-01-25 00:00:00,imToken,0,0
2024-03-04 00:00:00,imToken,60704,1897
2022-01-17 00:00:00,Solo Stakers,279936,8748
2022-12-05 00:00:00,Kiln,21568,674
2022-01-10 00:00:00,Coinbase,1600256,50008
2024-04-08 00:00:00,Coinbase,4502881.56151077,140715.04879721155
2025-12-22 00:00:00,Coinbase,1934748.5344396962,60460.89170124051
2026-08-17 00:00:00,Coinbase,1604051.2378556961,50126.601182990504
2021-09-13 00:00:00,Consensys,0,0
2022-02-07 00:00:00,Consensys,0,0
2023-04-17 00:00:00,Consensys,0,0
2025-06-30 00:00:00,Consensys,119072,3721
2021-12-06 00:00:00,Bitstamp,39328,1229
2024-06-24 00:00:00,Kraken,835040.8919551391,26095.027873598097
2025-11-24 00:00:00,Binance,3197360.4235978676,99917.51323743336
2023-05-29 00:00:00,Unidentified,4027023.189367628,125844.47466773838
2024-08-05 00:00:00,Unidentified,6277225.095091352,196163.28422160476
2021-02-08 00:00:00,ether.fi,0,0
2021-12-13 00:00:00,Liquid Collective,0,0
2026-04-20 00:00:00,Liquid Collective,351104.287525154,10972.008985161063
2022-01-10 00:00:00,Rocket Pool,77440,2420
2026-08-24 00:00:00,StakeWise,340433.72072896216,10638.553772780067
2023-10-02 00:00:00,Revolut,38656,1208
2024-08-19 00:00:00,Revolut,51712,1616
2026-09-14 00:00:00,Revolut,115040,3595
2023-03-20 00:00:00,Upbit,110048,3439
2020-11-23 00:00:00,stakefish,69024,2157
2022-11-21 00:00:00,stakefish,280448,8764
2025-04-14 00:00:00,stakefish,429280.77941778,13415.024356805625
2025-11-17 00:00:00,stakefish,347394.77941778,10856.086856805625
2026-01-26 00:00:00,stakefish,291881.77941778,9121.305606805625
2026-04-06 00:00:00,Everstake,737760,23055
2023-04-10 00:00:00,Octant,0,0
2023-01-02 00:00:00,Lido,4648480,145265
2023-03-13 00:00:00,Lido,5573024,174157
2023-08-21 00:00:00,Lido,8392933.762196284,262279.18006863387
2022-06-27 00:00:00,OKX,49537,1548.03125
2024-02-05 00:00:00,OKX,517121.12227662595,16160.03507114456
2025-06-30 00:00:00,Kelp DAO,128992.500123027,4031.0156288445937
2023-12-25 00:00:00,Blockdaemon,395520,12360
2024-04-01 00:00:00,Blockdaemon,361472.154437567,11296.004826173968
2024-11-18 00:00:00,Stader,127531.50512510701,3985.359535159594
2025-05-19 00:00:00,Stader,153314.569255937,4791.0802892480315
2023-04-10 00:00:00,Solo Stakers,392641.887743485,12270.058991983906
2023-10-23 00:00:00,Solo Stakers,411943.076412412,12873.221137887875
2024-10-21 00:00:00,Solo Stakers,339593.96677105,10612.311461595313
2025-09-08 00:00:00,Solo Stakers,157587.35475267,4924.604836020938
2022-04-11 00:00:00,Mantle,0,0
2024-11-18 00:00:00,Mantle,477632,14926
2026-08-24 00:00:00,Mantle,194560,6080
2023-10-02 00:00:00,Bitcoin Suisse,541792,16931
2025-12-01 00:00:00,Bitcoin Suisse,438903.85229145305,13715.745384107908
2025-07-21 00:00:00,Kiln,1548550.636447251,48392.207388976596
2026-08-31 00:00:00,Rocket Pool,448384.1976158077,14012.00617549399
2021-12-13 00:00:00,StakeWise,12096,378
2026-08-10 00:00:00,StakeWise,346309.2692730231,10822.164664781973
2023-05-01 00:00:00,stakefish,286656,8958
2024-09-30 00:00:00,stakefish,497184.427226682,15537.013350833813
2022-07-11 00:00:00,Upbit,48256,1508
2025-12-15 00:00:00,Upbit,380032,11876
2021-09-13 00:00:00,Liquid Collective,0,0
2020-11-16 00:00:00,ether.fi,0,0
2023-05-01 00:00:00,ether.fi,0,0
2025-12-08 00:00:00,ether.fi,2038521.317778566,63703.791180580185
2022-06-20 00:00:00,DARMA Capital,324544,10142
2022-09-26 00:00:00,imToken,34272,1071
2020-12-14 00:00:00,Octant,0,0
2021-02-01 00:00:00,Octant,0,0
2024-04-15 00:00:00,Octant,100352,3136
2024-07-22 00:00:00,Octant,100352,3136
2025-01-27 00:00:00,Bitstamp,184576,5768
2022-08-22 00:00:00,Consensys,0,0
2024-09-16 00:00:00,Consensys,102752,3211
2021-11-22 00:00:00,Kraken,921728,28804
2025-10-06 00:00:00,Kraken,1404514.111468648,43891.06598339525
2025-10-20 00:00:00,Kraken,1424962.111468648,44530.06598339525
2026-06-22 00:00:00,Kraken,1649060.706037972,51533.14706368662
2026-07-20 00:00:00,Kraken,1669614.975988882,52175.46799965256
2024-11-18 00:00:00,Gate.io,52576.131129146,1643.0040977858125
2025-01-06 00:00:00,Gate.io,53824.131129146,1682.0040977858125
2024-12-23 00:00:00,Lido,9658332.831556538,301822.9009861418
2025-01-20 00:00:00,Lido,9546172.831556538,298317.9009861418
2026-09-07 00:00:00,Lido,9381825.38157693,293182.04317427904
2021-07-05 00:00:00,OKX,31873,996.03125
2025-10-27 00:00:00,OKX,575198.122276626,17974.94132114456
2025-09-29 00:00:00,Figment,1471680.015196235,45990.00047488234
2023-11-27 00:00:00,Others,1154383.092033258,36074.47162603931
2025-04-14 00:00:00,Others,968360.552673933,30261.267271060406
2026-03-30 00:00:00,Others,694068.072487534,21689.62726523544
2026-05-04 00:00:00,Others,573533.072487534,17922.90851523544
2024-10-21 00:00:00,Stader,131265.505125107,4102.047035159594
2026-07-27 00:00:00,Stader,87670.73436620703,2739.71044894397
2022-05-09 00:00:00,Solo Stakers,312096,9753
2023-04-24 00:00:00,Solo Stakers,400004.032867722,12500.126027116312
2024-03-25 00:00:00,Solo Stakers,371208.60238851496,11600.268824641093
2025-11-10 00:00:00,Solo Stakers,149173.00397432008,4661.656374197502
2022-02-28 00:00:00,Bitcoin Suisse,256352,8011
2022-10-17 00:00:00,Bitcoin Suisse,295040,9220
2022-12-19 00:00:00,Bitcoin Suisse,396032,12376
2023-02-06 00:00:00,Bitcoin Suisse,399008,12469
2025-03-03 00:00:00,Bitcoin Suisse,511255.85229145305,15976.745384107908
2022-05-02 00:00:00,Kiln,96,3
2025-11-24 00:00:00,Kiln,575933.303792887,17997.91574352772
2021-11-29 00:00:00,Rocket Pool,30384,949.5
2026-03-02 00:00:00,StakeWise,368879.15632989403,11527.473635309188
2021-04-19 00:00:00,Coinbase,20576,643
2022-12-26 00:00:00,Coinbase,2518400,78700
2024-05-27 00:00:00,Upbit,392672,12271
2025-03-31 00:00:00,Upbit,480416,15013
2024-05-20 00:00:00,Revolut,45728,1429
2021-06-21 00:00:00,Liquid Collective,0,0
2023-02-06 00:00:00,Liquid Collective,32,1
2023-08-21 00:00:00,P2P.org,139136,4348
2022-10-17 00:00:00,Everstake,6400,200
2024-09-23 00:00:00,Binance,1590400.4235978678,49700.01323743337
2026-07-27 00:00:00,Binance,3273296.5594873927,102290.51748398102
2021-02-15 00:00:00,ether.fi,0,0
2022-08-01 00:00:00,ether.fi,0,0
2023-10-30 00:00:00,ether.fi,13024.00381196,407.00011912375
2024-03-18 00:00:00,ether.fi,739552.00734596,23111.00022956125
2021-12-20 00:00:00,Octant,0,0
2022-05-30 00:00:00,Octant,0,0
2022-08-15 00:00:00,Octant,0,0
2022-09-19 00:00:00,Octant,0,0
2021-08-02 00:00:00,DARMA Capital,324544,10142
2023-03-20 00:00:00,DARMA Capital,326112,10191
2021-04-26 00:00:00,imToken,128,4
2021-06-28 00:00:00,imToken,8000,250
2025-07-21 00:00:00,imToken,70336,2198
2026-01-26 00:00:00,imToken,56192,1756
2022-08-22 00:00:00,Bitstamp,63264,1977
2022-11-14 00:00:00,Bitstamp,66560,2080
2022-06-20 00:00:00,Consensys,0,0
2022-08-08 00:00:00,Consensys,0,0
2021-05-31 00:00:00,Unidentified,1530368,47824
2021-12-27 00:00:00,Unidentified,1896352,59261
2026-08-24 00:00:00,Unidentified,16852731.352522302,526647.854766322
2023-04-17 00:00:00,Kraken,947616,29613
2024-09-02 00:00:00,Kraken,886656.8919551391,27708.027873598097
2025-07-21 00:00:00,Kraken,1327233.9329896222,41476.060405925695
2023-01-30 00:00:00,Gate.io,32000,1000
2021-10-04 00:00:00,Lido,1340032,41876
2022-02-28 00:00:00,Lido,2046496,63953
2022-09-26 00:00:00,Lido,4243040,132595
2024-05-13 00:00:00,Lido,9245756.66467612,288929.89577112877
2026-01-12 00:00:00,Lido,8996638.574032163,281144.9554385051
2024-06-03 00:00:00,CoinSpot,137664,4302
2025-11-17 00:00:00,CoinSpot,137664,4302
2022-12-19 00:00:00,OKX,68353,2136.03125
2023-06-05 00:00:00,Figment,745728,23304
2025-04-07 00:00:00,Figment,953472.015196235,29796.000474882345
2025-06-30 00:00:00,Figment,1093216.015196235,34163.00047488234
2026-04-13 00:00:00,Figment,1464736.015196235,45773.00047488234
2022-05-09 00:00:00,Kelp DAO,0,0
2026-06-29 00:00:00,Kelp DAO,143328.500123027,4479.015628844594
2022-09-05 00:00:00,Others,827724,25866.375
2025-08-04 00:00:00,Others,832056.806750999,26001.775210968717
2023-01-09 00:00:00,Blockdaemon,32,1
2023-02-27 00:00:00,Blockdaemon,160,5
2023-08-07 00:00:00,Blockdaemon,367936,11498
2023-11-27 00:00:00,Blockdaemon,408800,12775
2024-10-14 00:00:00,Blockdaemon,382240.154437567,11945.004826173968
2021-04-12 00:00:00,Stader,0,0
2021-05-17 00:00:00,Stader,0,0
2025-08-04 00:00:00,Stader,161222.66793384202,5038.208372932563
2025-10-06 00:00:00,Stader,160356.66793384202,5011.145872932563
2021-06-21 00:00:00,Solo Stakers,187136,5848
2023-03-06 00:00:00,Solo Stakers,395616,12363
2020-11-16 00:00:00,Mantle,0,0
2020-12-14 00:00:00,Mantle,0,0
2021-02-01 00:00:00,Mantle,0,0
2024-03-18 00:00:00,Mantle,539968,16874
2024-01-08 00:00:00,Bitcoin Suisse,557687.852291453,17427.745384107908
2025-10-27 00:00:00,Bitcoin Suisse,448343.85229145305,14010.745384107908
2023-10-16 00:00:00,Kiln,770880,24090
2023-11-13 00:00:00,Kiln,832608,26019
2021-02-15 00:00:00,Coinbase,32,1
2024-05-20 00:00:00,Coinbase,4338849.903578163,135589.0594868176
2026-09-21 00:00:00,Coinbase,1549636.435597696,48426.138612428
2022-06-06 00:00:00,Rocket Pool,186752,5836
2023-07-17 00:00:00,Rocket Pool,774400.9284322229,24200.029013506966
2024-05-27 00:00:00,StakeWise,20224.000021535998,632.0000006729999
2020-12-21 00:00:00,Upbit,0,0
2021-08-23 00:00:00,Upbit,0,0
2023-02-06 00:00:00,Upbit,85856,2683
2023-12-04 00:00:00,Upbit,335744,10492
2026-06-22 00:00:00,Upbit,631200,19725
2022-02-21 00:00:00,Revolut,0,0
2023-10-09 00:00:00,Revolut,39104,1222
2024-08-05 00:00:00,Revolut,50944,1592
2024-04-15 00:00:00,P2P.org,428640,13395
2021-07-12 00:00:00,Everstake,6400,200
2024-06-03 00:00:00,Everstake,409088,12784
2022-08-15 00:00:00,Liquid Collective,0,0
2023-11-06 00:00:00,Liquid Collective,35488,1109
2024-01-29 00:00:00,Liquid Collective,30592,956
2023-07-17 00:00:00,Binance,1383072.17906345,43221.005595732815
2022-07-04 00:00:00,ether.fi,0,0
2024-12-16 00:00:00,ether.fi,1720288.136376777,53759.00426177428
2023-07-24 00:00:00,imToken,34016,1063
2026-01-19 00:00:00,Octant,100352,3136
2022-03-14 00:00:00,Bitstamp,43520,1360
2023-10-30 00:00:00,Bitstamp,75968,2374
2021-04-12 00:00:00,Consensys,0,0
2021-08-16 00:00:00,Consensys,0,0
2024-06-10 00:00:00,Unidentified,5625418.367631166,175794.32398847395
2020-11-30 00:00:00,Kraken,80160,2505
2021-08-30 00:00:00,Kraken,859904,26872
2023-12-18 00:00:00,Kraken,853792.8919551391,26681.027873598097
2023-04-24 00:00:00,Gate.io,32000,1000
2026-01-12 00:00:00,Gate.io,54816.131129146,1713.0040977858125
2026-07-06 00:00:00,Gate.io,54816.131129146,1713.0040977858125
2021-08-16 00:00:00,Lido,931008,29094
2025-12-29 00:00:00,Lido,8845597.829152735,276424.93216102297
2026-01-26 00:00:00,Lido,9576094.849865446,299252.9640582952
2021-09-13 00:00:00,CoinSpot,0,0
2021-12-27 00:00:00,OKX,38977,1218.03125
2023-02-13 00:00:00,Figment,439488,13734
2024-01-15 00:00:00,Figment,877216,27413
2025-07-28 00:00:00,Figment,1562432.015196235,48826.00047488234
2022-06-27 00:00:00,Kelp DAO,0,0
2021-09-13 00:00:00,Blockdaemon,0,0
2024-08-26 00:00:00,Blockdaemon,361600.154437567,11300.004826173968
2023-07-24 00:00:00,Mantle,0,0
2025-11-03 00:00:00,Mantle,246816,7713
2022-09-26 00:00:00,Bitcoin Suisse,294048,9189
2023-11-06 00:00:00,Bitcoin Suisse,550976,17218
2023-03-20 00:00:00,Kiln,74560,2330
2024-12-02 00:00:00,Kiln,1221312,38166
2021-10-11 00:00:00,Rocket Pool,0,0
2023-02-20 00:00:00,Rocket Pool,413840,12932.5
2021-07-19 00:00:00,StakeWise,6720,210
2025-12-15 00:00:00,StakeWise,345442.22913839493,10795.069660574842
2026-05-04 00:00:00,StakeWise,324913.05696806905,10153.533030252158
2025-12-08 00:00:00,Coinbase,2207684.715349696,68990.147354678
2026-04-13 00:00:00,stakefish,293801.80452654,9181.306391454375
2021-01-04 00:00:00,Upbit,0,0
2021-12-13 00:00:00,Revolut,0,0
2022-07-11 00:00:00,Liquid Collective,0,0
2025-03-24 00:00:00,P2P.org,382528.486176491,11954.015193015344
2022-12-05 00:00:00,Everstake,6400,200
2026-04-13 00:00:00,Everstake,738944,23092
2021-10-11 00:00:00,Binance,882272,27571
2023-04-24 00:00:00,Binance,978208.056125869,30569.001753933408
2021-06-28 00:00:00,ether.fi,0,0
2023-03-13 00:00:00,ether.fi,0,0
2025-03-10 00:00:00,ether.fi,1817792.136376777,56806.00426177428
2026-05-18 00:00:00,ether.fi,1753984.512025645,54812.016000801406
2026-09-07 00:00:00,ether.fi,1684909.292499605,52653.41539061266
2026-07-20 00:00:00,Octant,100352,3136
2021-11-08 00:00:00,DARMA Capital,324544,10142
2022-04-11 00:00:00,DARMA Capital,324544,10142
2021-03-29 00:00:00,Bitstamp,96,3
2024-04-29 00:00:00,Bitstamp,160640,5020
2026-02-16 00:00:00,Bitstamp,210208.17967872,6569.00561496
2023-07-24 00:00:00,Consensys,0,0
2024-02-19 00:00:00,Consensys,63296,1978
2025-06-02 00:00:00,Consensys,118976,3718
2021-02-08 00:00:00,Unidentified,1138144,35567
2024-02-19 00:00:00,Unidentified,5404830.955168334,168900.96734901043
2024-04-08 00:00:00,Unidentified,5535960.555399467,172998.76735623335
2022-01-24 00:00:00,Kraken,970976,30343
2026-08-10 00:00:00,Kraken,1649742.975988882,51554.46799965256
2023-01-02 00:00:00,Gate.io,32000,1000
2023-05-22 00:00:00,Gate.io,36544.131129146,1142.0040977858125
2026-04-06 00:00:00,Gate.io,54816.131129146,1713.0040977858125
2026-08-24 00:00:00,Gate.io,54816.131129146,1713.0040977858125
2021-09-27 00:00:00,OKX,35073,1096.03125
2025-06-02 00:00:00,OKX,611233.122276626,19101.03507114456
2026-08-17 00:00:00,Figment,1412104.6810099508,44128.27128156096
2023-06-19 00:00:00,Kelp DAO,0,0
2025-12-01 00:00:00,Kelp DAO,133408.500123027,4169.015628844594
2021-08-02 00:00:00,Others,507872,15871
2021-08-09 00:00:00,Blockdaemon,0,0
2022-03-21 00:00:00,Blockdaemon,0,0
2023-05-15 00:00:00,Blockdaemon,83264,2602
2023-11-06 00:00:00,Blockdaemon,446688,13959
2022-01-10 00:00:00,Stader,0,0
2023-12-18 00:00:00,Stader,51339.031441144005,1604.3447325357502
2026-01-12 00:00:00,Stader,144067.69761959702,4502.115550612407
2026-05-04 00:00:00,Stader,110234.73436620703,3444.83544894397
2023-08-21 00:00:00,Mantle,0,0
2025-01-06 00:00:00,Mantle,454848,14214
2021-12-27 00:00:00,Bitcoin Suisse,218528,6829
2023-07-17 00:00:00,Bitcoin Suisse,509184,15912
2023-06-19 00:00:00,Kiln,506496,15828
2024-09-30 00:00:00,Kiln,1244512,38891
2021-09-06 00:00:00,Rocket Pool,0,0
2022-08-29 00:00:00,Rocket Pool,219440,6857.5
2021-02-08 00:00:00,StakeWise,256,8
2024-01-29 00:00:00,stakefish,360832.427226682,11276.013350833813
2022-05-23 00:00:00,Upbit,42560,1330
2024-03-25 00:00:00,Upbit,376480,11765
2021-05-03 00:00:00,Revolut,0,0
2025-03-03 00:00:00,Revolut,56448,1764
2026-02-02 00:00:00,Revolut,80704,2522
2023-01-09 00:00:00,Liquid Collective,32,1
2023-04-10 00:00:00,Liquid Collective,2240,70
2024-12-16 00:00:00,Liquid Collective,105088,3284
2023-02-20 00:00:00,P2P.org,800,25
2025-04-07 00:00:00,P2P.org,381440.486176491,11920.015193015344
2026-06-15 00:00:00,P2P.org,340779.68617649097,10649.365193015343
2026-06-15 00:00:00,Everstake,719040,22470
2022-08-29 00:00:00,Binance,1030304,32197
2024-11-11 00:00:00,Binance,1833952.4235978678,57311.01323743337
2024-12-09 00:00:00,Binance,1832896.4235978678,57278.01323743337
2026-06-08 00:00:00,Binance,3270992.5594873927,102218.51748398102
2022-07-18 00:00:00,ether.fi,0,0
2025-12-01 00:00:00,Octant,100352,3136
2022-07-04 00:00:00,DARMA Capital,324544,10142
2024-08-12 00:00:00,DARMA Capital,326112,10191
2022-03-28 00:00:00,imToken,17920,560
2022-02-28 00:00:00,Bitstamp,42944,1342
2022-12-12 00:00:00,Bitstamp,66816,2088
2023-08-14 00:00:00,Bitstamp,85088,2659
2023-10-02 00:00:00,Bitstamp,70464,2202
2025-06-16 00:00:00,Consensys,118304,3697
2021-09-06 00:00:00,Unidentified,1777920,55560
2024-11-04 00:00:00,Unidentified,6876261.129483865,214883.16029637077
2025-10-27 00:00:00,Unidentified,10110837.783961473,315963.68074879603
2025-06-30 00:00:00,Kraken,1282625.5760555342,40082.04925173544
2021-08-16 00:00:00,Gate.io,32000,1000
2023-07-24 00:00:00,Lido,7921509.658324669,247547.1768226459
2025-09-15 00:00:00,CoinSpot,137664,4302
2026-01-19 00:00:00,CoinSpot,137664,4302
2026-02-09 00:00:00,CoinSpot,137664,4302
2025-03-31 00:00:00,OKX,532033.122276626,16626.03507114456
2021-02-01 00:00:00,Figment,0,0
2026-06-15 00:00:00,Figment,1415616.015196235,44238.00047488234
2023-11-27 00:00:00,Kelp DAO,0,0
2023-11-13 00:00:00,Others,1159279.092033258,36227.47162603931
2023-10-23 00:00:00,Blockdaemon,413472,12921
2023-04-24 00:00:00,Stader,0,0
2024-08-19 00:00:00,Solo Stakers,343433.92854349903,10732.310266984345
2026-06-29 00:00:00,Solo Stakers,129434.32893162311,4044.822779113222
2025-04-07 00:00:00,Mantle,381152,11911
2026-07-06 00:00:00,Mantle,164512,5141
2026-01-19 00:00:00,Bitcoin Suisse,432887.85229145305,13527.745384107908
2022-06-20 00:00:00,Kiln,96,3
2025-08-04 00:00:00,Kiln,1549574.636447251,48424.207388976596
2022-03-28 00:00:00,Coinbase,1777888,55559
2025-09-15 00:00:00,Coinbase,2482114.6119496957,77566.08162342799
2022-09-26 00:00:00,Rocket Pool,274560,8580
2025-09-08 00:00:00,Rocket Pool,628111.7643931939,19628.49263728731
2026-06-29 00:00:00,Rocket Pool,456063.36758502066,14251.980237031896
2024-03-25 00:00:00,StakeWise,15936.000021536,498.000000673
2024-07-15 00:00:00,StakeWise,33376.000021536,1043.000000673
2025-04-14 00:00:00,StakeWise,319296.00400803797,9978.000125251187
2022-07-18 00:00:00,stakefish,278912,8716
2024-01-15 00:00:00,stakefish,371648.427226682,11614.013350833813
2024-02-12 00:00:00,stakefish,393792.427226682,12306.013350833813
2021-10-25 00:00:00,Upbit,0,0
2023-10-02 00:00:00,Upbit,282496,8828
2024-11-25 00:00:00,Upbit,408768,12774
2026-08-10 00:00:00,Upbit,649152,20286
2026-01-19 00:00:00,Revolut,68416,2138
2026-03-23 00:00:00,Revolut,96544,3017
2024-03-18 00:00:00,Liquid Collective,66624,2082
2021-03-01 00:00:00,P2P.org,0,0
2024-07-08 00:00:00,P2P.org,395104.152447009,12347.004763969031
2024-08-26 00:00:00,P2P.org,434592.152447009,13581.004763969031
2022-02-21 00:00:00,Everstake,6400,200
2023-10-23 00:00:00,Everstake,12704,397
2023-12-11 00:00:00,Everstake,24768,774
2025-03-24 00:00:00,Everstake,644768,20149
2025-09-15 00:00:00,Everstake,686976,21468
2022-12-05 00:00:00,Binance,1113792,34806
2023-01-02 00:00:00,Binance,1138560,35580
2023-10-23 00:00:00,Binance,1319360.326563393,41230.01020510603
2024-01-22 00:00:00,Binance,1162816.41025217,36338.01282038031
2025-06-23 00:00:00,Binance,2832192.4235978676,88506.01323743336
2021-05-10 00:00:00,ether.fi,0,0
2023-03-27 00:00:00,Octant,0,0
2024-11-11 00:00:00,Octant,100352,3136
2025-02-03 00:00:00,Octant,100352,3136
2021-06-14 00:00:00,DARMA Capital,141952,4436
2021-08-16 00:00:00,DARMA Capital,324544,10142
2022-11-07 00:00:00,DARMA Capital,324544,10142
2023-01-16 00:00:00,DARMA Capital,326112,10191
2023-04-03 00:00:00,DARMA Capital,326112,10191
2025-07-14 00:00:00,DARMA Capital,239424,7482
2022-01-24 00:00:00,imToken,16960,530
2021-02-22 00:00:00,Bitstamp,64,2
2021-02-08 00:00:00,Consensys,0,0
2020-12-07 00:00:00,Unidentified,773920,24185
2021-03-08 00:00:00,Unidentified,1264672,39521
2024-08-12 00:00:00,Kraken,876224.8919551391,27382.027873598097
2025-02-24 00:00:00,Kraken,1064544.891955139,33267.0278735981
2023-07-24 00:00:00,Gate.io,36544.131129146,1142.0040977858125
2023-11-20 00:00:00,Gate.io,36544.131129146,1142.0040977858125
2021-12-06 00:00:00,Lido,1531136,47848
2021-09-27 00:00:00,CoinSpot,0,0
2021-10-11 00:00:00,Kelp DAO,0,0
2022-03-07 00:00:00,Kelp DAO,0,0
2023-10-09 00:00:00,Kelp DAO,0,0
2022-11-07 00:00:00,Others,876064,27377
2023-01-30 00:00:00,Stader,0,0
2021-10-11 00:00:00,Solo Stakers,253792,7931
2024-07-01 00:00:00,Solo Stakers,345801.436932673,10806.29490414603
2021-11-29 00:00:00,Bitcoin Suisse,217504,6797
2024-07-01 00:00:00,Bitcoin Suisse,529495.852291453,16546.745384107908
2021-06-28 00:00:00,Kiln,0,0
2026-05-04 00:00:00,Kiln,718709.268867347,22459.664652104595
2021-11-15 00:00:00,Coinbase,1457504,45547
2022-04-11 00:00:00,Coinbase,1800544,56267
2021-04-12 00:00:00,StakeWise,3136,98
2022-01-31 00:00:00,StakeWise,12192,381
2024-07-01 00:00:00,StakeWise,32352.000021535998,1011.0000006729999
2025-07-28 00:00:00,stakefish,390304.77941778,12197.024356805625
2021-09-20 00:00:00,Upbit,0,0
2023-01-02 00:00:00,Upbit,72032,2251
2024-02-05 00:00:00,Upbit,383936,11998
2025-05-19 00:00:00,Upbit,475424,14857
2026-01-12 00:00:00,Upbit,427008,13344
2026-08-31 00:00:00,Revolut,115232,3601
2023-11-06 00:00:00,P2P.org,198784,6212
2024-08-05 00:00:00,P2P.org,425728.152447009,13304.004763969031
2024-08-26 00:00:00,Everstake,527168,16474
2021-02-15 00:00:00,Liquid Collective,0,0
2022-06-13 00:00:00,Liquid Collective,0,0
2024-11-11 00:00:00,Liquid Collective,109760,3430
2025-06-23 00:00:00,Liquid Collective,286528.131566551,8954.004111454718
2021-03-15 00:00:00,Binance,586304,18322
2023-03-27 00:00:00,Binance,1159840,36245
2024-03-04 00:00:00,ether.fi,546272.00734596,17071.00022956125
2021-05-10 00:00:00,DARMA Capital,0,0
2022-02-07 00:00:00,DARMA Capital,324544,10142
2022-02-28 00:00:00,imToken,17152,536
2022-12-26 00:00:00,imToken,37792,1181
2024-08-12 00:00:00,imToken,68224,2132
2021-11-01 00:00:00,Octant,0,0
2025-03-24 00:00:00,Octant,100352,3136
2021-10-25 00:00:00,Bitstamp,37376,1168
2023-01-16 00:00:00,Bitstamp,68160,2130
2024-12-23 00:00:00,Bitstamp,181504,5672
2021-10-04 00:00:00,Consensys,0,0
2022-01-24 00:00:00,Consensys,0,0
2022-09-26 00:00:00,Consensys,0,0
2023-08-28 00:00:00,Consensys,0,0
2025-12-29 00:00:00,Consensys,102240,3195
2021-06-28 00:00:00,Kraken,773216,24163
2026-05-18 00:00:00,Kraken,1578312.168058789,49322.25525183716
2022-08-08 00:00:00,Gate.io,32000,1000
2025-09-08 00:00:00,Gate.io,54816.131129146,1713.0040977858125
2022-07-04 00:00:00,Lido,4128960,129030
2025-11-10 00:00:00,Lido,8627068.998295015,269595.9061967192
2021-12-20 00:00:00,CoinSpot,0,0
2022-09-19 00:00:00,CoinSpot,127904,3997
2025-02-03 00:00:00,CoinSpot,137664,4302
2025-05-05 00:00:00,OKX,534465.122276626,16702.03507114456
2022-07-18 00:00:00,Figment,191616,5988
2022-05-30 00:00:00,Kelp DAO,0,0
2025-12-08 00:00:00,Others,786218.0249429112,24569.313279465976
2024-07-22 00:00:00,Blockdaemon,314528.154437567,9829.004826173968
2021-08-09 00:00:00,Solo Stakers,243456,7608
2024-11-11 00:00:00,Solo Stakers,339242.033560949,10601.313548779657
2026-05-11 00:00:00,Solo Stakers,136407.8916026381,4262.74661258244
2023-02-27 00:00:00,Mantle,0,0
2024-10-14 00:00:00,Mantle,489408,15294
2021-07-05 00:00:00,Bitcoin Suisse,178880,5590
2021-04-05 00:00:00,Coinbase,768,24
2022-01-03 00:00:00,Coinbase,1574656,49208
2023-11-13 00:00:00,Coinbase,4324673.09196723,135146.03412397593
2024-07-22 00:00:00,Coinbase,4259042.07765931,133095.06492685343
2021-02-08 00:00:00,Rocket Pool,0,0
2025-11-10 00:00:00,Rocket Pool,599405.8372272918,18731.432413352868
2021-11-22 00:00:00,StakeWise,12064,377
2023-11-20 00:00:00,StakeWise,7840,245
2025-02-10 00:00:00,StakeWise,180160.004008038,5630.0001252511875
2025-03-17 00:00:00,StakeWise,267296.00400803797,8353.000125251187
2026-05-18 00:00:00,stakefish,298953.80452654,9342.306391454375
2024-12-23 00:00:00,Upbit,387520,12110
2021-01-11 00:00:00,Revolut,0,0
2024-07-22 00:00:00,Revolut,48576,1518
2025-11-03 00:00:00,Revolut,61024,1907
2022-10-17 00:00:00,Liquid Collective,0,0
2025-05-26 00:00:00,P2P.org,377509.586176491,11797.174568015344
2021-03-01 00:00:00,Everstake,6400,200
2021-11-15 00:00:00,Everstake,6400,200
2024-08-05 00:00:00,Everstake,511648,15989
2022-07-11 00:00:00,Binance,996608,31144
2022-09-12 00:00:00,Binance,1038400,32450
2026-05-11 00:00:00,Binance,3270992.5594873927,102218.51748398102
2024-01-01 00:00:00,ether.fi,51095.007345959995,1596.7189795612499
2022-09-05 00:00:00,DARMA Capital,324544,10142
2025-06-30 00:00:00,DARMA Capital,239424,7482
2021-05-31 00:00:00,imToken,5568,174
2021-12-06 00:00:00,imToken,16192,506
2023-02-13 00:00:00,imToken,39488,1234
2023-05-22 00:00:00,imToken,36896,1153
2025-06-30 00:00:00,imToken,70560,2205
2026-03-30 00:00:00,imToken,56896,1778
2021-09-27 00:00:00,Octant,0,0
2022-08-01 00:00:00,Octant,0,0
2025-11-24 00:00:00,Bitstamp,208832.17967872,6526.00561496
2022-02-28 00:00:00,Consensys,0,0
2024-01-22 00:00:00,Unidentified,5283586.2631415,165112.07072317187
2024-08-12 00:00:00,Unidentified,6315549.241071092,197360.91378347162
2025-01-06 00:00:00,Unidentified,7069524.761561641,220922.64879880127
2025-10-06 00:00:00,Unidentified,9734060.746921377,304189.39834129304
2022-10-10 00:00:00,Kraken,1176512,36766
2024-01-01 00:00:00,Kraken,861824.8919551391,26932.027873598097
2024-11-04 00:00:00,Kraken,949600.8919551391,29675.027873598097
2024-04-01 00:00:00,CoinSpot,137664,4302
2021-11-29 00:00:00,OKX,38977,1218.03125
2025-03-03 00:00:00,OKX,485025.12227662595,15157.03507114456
2023-01-09 00:00:00,Figment,418400,13075
2026-09-21 00:00:00,Figment,1350578.639469951,42205.58248343597
2020-11-09 00:00:00,Kelp DAO,0,0
2023-06-26 00:00:00,Others,1040843.159576652,32526.348736770375
2024-12-23 00:00:00,Stader,137708.505125107,4303.390785159594
2025-04-14 00:00:00,Stader,152484.514021428,4765.141063169625
2023-01-02 00:00:00,Solo Stakers,380960,11905
2025-01-13 00:00:00,Solo Stakers,181534.603810135,5672.956369066719
2025-08-11 00:00:00,Solo Stakers,157579.05384850802,4924.345432765876
2021-12-06 00:00:00,Mantle,0,0
2024-06-10 00:00:00,Mantle,470208,14694
2025-05-05 00:00:00,Bitcoin Suisse,503863.85229145305,15745.745384107908
2021-08-30 00:00:00,Kiln,0,0
2022-09-05 00:00:00,Coinbase,2124768,66399
2026-06-01 00:00:00,Coinbase,1752515.069919696,54766.0959349905
2024-08-19 00:00:00,Rocket Pool,733110.4020242179,22909.70006325681
2020-11-23 00:00:00,StakeWise,0,0
2025-12-29 00:00:00,StakeWise,349094.15874373197,10909.192460741624
2026-01-12 00:00:00,StakeWise,358978.55099246197,11218.079718514437
2020-12-28 00:00:00,stakefish,148768,4649
2021-04-05 00:00:00,stakefish,214272,6696
2021-02-01 00:00:00,Revolut,0,0
2022-10-03 00:00:00,Revolut,32,1
2025-01-13 00:00:00,Revolut,49472,1546
2024-10-28 00:00:00,Liquid Collective,110528,3454
2021-07-26 00:00:00,P2P.org,0,0
2023-01-23 00:00:00,P2P.org,0,0
2023-10-09 00:00:00,P2P.org,174272,5446
2024-10-28 00:00:00,P2P.org,455520.152447009,14235.004763969031
2026-03-23 00:00:00,P2P.org,339128.68617649097,10597.771443015343
2021-05-03 00:00:00,Everstake,6400,200
2023-01-09 00:00:00,Everstake,6400,200
2023-11-06 00:00:00,Everstake,24768,774
2026-01-05 00:00:00,Everstake,698720,21835
2023-11-20 00:00:00,Binance,1324064.41025217,41377.01282038031
2021-01-18 00:00:00,ether.fi,0,0
2023-07-03 00:00:00,ether.fi,3648.00381196,114.00011912375
2021-02-08 00:00:00,imToken,0,0
2021-02-22 00:00:00,imToken,0,0
2022-12-12 00:00:00,imToken,36608,1144
2023-12-18 00:00:00,imToken,48288,1509
2021-01-25 00:00:00,Bitstamp,0,0
2023-09-11 00:00:00,Bitstamp,80640,2520
2021-01-18 00:00:00,Consensys,0,0
2021-11-08 00:00:00,Consensys,0,0
2021-08-02 00:00:00,Unidentified,1651264,51602
2021-05-31 00:00:00,Kraken,733408,22919
2023-03-20 00:00:00,Kraken,1244000,38875
2023-05-08 00:00:00,Kraken,773344.438929451,24167.013716545345
2026-06-01 00:00:00,Kraken,1406598.5809054621,43956.20565329569
2022-03-14 00:00:00,Gate.io,32000,1000
2026-06-08 00:00:00,Lido,8977472.4143782,280546.01294931874
2023-03-13 00:00:00,CoinSpot,127904,3997
2025-03-24 00:00:00,CoinSpot,137664,4302
2022-07-25 00:00:00,OKX,54497,1703.03125
2026-02-16 00:00:00,OKX,445152.12227662595,13911.00382114456
2026-03-23 00:00:00,OKX,453706.12227662595,14178.31632114456
2021-11-01 00:00:00,Figment,2176,68
2022-03-28 00:00:00,Figment,136320,4260
2022-04-11 00:00:00,Kelp DAO,0,0
2022-01-10 00:00:00,Others,664384,20762
2022-01-17 00:00:00,Blockdaemon,0,0
2022-10-17 00:00:00,Blockdaemon,0,0
2023-09-04 00:00:00,Blockdaemon,383520,11985
2025-03-24 00:00:00,Blockdaemon,474272.193365339,14821.006042666844
2021-06-14 00:00:00,Stader,0,0
2022-04-04 00:00:00,Stader,0,0
2021-03-08 00:00:00,Mantle,0,0
2024-08-12 00:00:00,Mantle,506976,15843
2021-01-04 00:00:00,Kiln,0,0
2024-11-04 00:00:00,Kiln,1262080,39440
2025-09-22 00:00:00,Kiln,1533632.646447251,47926.0202014766
2021-06-07 00:00:00,Coinbase,749920,23435
2022-02-07 00:00:00,Coinbase,1662464,51952
2022-11-07 00:00:00,Coinbase,2348832,73401
2023-07-24 00:00:00,Coinbase,3768640.474665948,117770.01483331088
2026-04-27 00:00:00,Coinbase,1789186.5197516961,55912.078742240505
2022-12-19 00:00:00,Rocket Pool,331984,10374.5
2023-04-24 00:00:00,Rocket Pool,520386.892649136,16262.0903952855
2024-03-11 00:00:00,Rocket Pool,816738.7368844838,25523.08552764012
2025-03-17 00:00:00,Rocket Pool,671358.3980238328,20979.949938244776
2026-06-08 00:00:00,Rocket Pool,459871.36758502066,14370.980237031896
2024-08-19 00:00:00,StakeWise,40576.000021536,1268.000000673
2020-11-30 00:00:00,stakefish,88800,2775
2021-06-28 00:00:00,stakefish,255744,7992
2023-04-17 00:00:00,stakefish,292864,9152
2023-10-09 00:00:00,stakefish,309952.191879694,9686.005996240438
2024-07-08 00:00:00,stakefish,463488.427226682,14484.013350833813
2026-06-01 00:00:00,stakefish,297993.80452654,9312.306391454375
2021-11-22 00:00:00,Upbit,0,0
2022-09-12 00:00:00,Upbit,52960,1655
2026-07-13 00:00:00,Upbit,643296,20103
2023-05-15 00:00:00,Revolut,24576,768
2021-07-26 00:00:00,Liquid Collective,0,0
2023-05-29 00:00:00,Liquid Collective,2240,70
2024-01-08 00:00:00,P2P.org,205792,6431
2024-01-29 00:00:00,P2P.org,231488,7234
2024-06-03 00:00:00,P2P.org,388160,12130
2021-12-20 00:00:00,Everstake,6400,200
2025-08-11 00:00:00,Everstake,674848,21089
2024-09-09 00:00:00,Binance,1593024.4235978678,49782.01323743337
2025-01-13 00:00:00,Binance,2149632.4235978676,67176.01323743336
2024-04-01 00:00:00,Octant,100352,3136
2026-06-01 00:00:00,DARMA Capital,174528,5454
2023-05-08 00:00:00,imToken,36256,1133
2023-10-16 00:00:00,imToken,49600,1550
2022-10-24 00:00:00,Bitstamp,66016,2063
2026-03-30 00:00:00,Consensys,99904,3122
2022-02-28 00:00:00,Unidentified,1965792,61431
2022-10-24 00:00:00,Unidentified,2546741,79585.65625
2023-05-22 00:00:00,Unidentified,3975600.5627150433,124237.5175848451
2025-11-10 00:00:00,Unidentified,9936841.407342438,310526.2939794512
2022-05-02 00:00:00,Kraken,1037376,32418
2024-05-06 00:00:00,Kraken,826496.8919551391,25828.027873598097
2021-08-02 00:00:00,Gate.io,32000,1000
2026-07-27 00:00:00,Gate.io,54816.131129146,1713.0040977858125
2021-09-06 00:00:00,Lido,1237120,38660
2022-05-16 00:00:00,Lido,4108352,128386
2022-08-08 00:00:00,Lido,4146976,129593
2024-11-18 00:00:00,Lido,9783228.831556538,305725.9009861418
2026-08-24 00:00:00,Lido,9414753.186540304,294211.0370793845
2022-02-21 00:00:00,CoinSpot,0,0
2023-08-07 00:00:00,CoinSpot,137664,4302
2025-04-21 00:00:00,CoinSpot,137664,4302
2026-04-13 00:00:00,CoinSpot,137664,4302
2022-11-14 00:00:00,OKX,64033,2001.03125
2026-07-27 00:00:00,OKX,509077.12227662595,15908.66007114456
2022-06-13 00:00:00,Figment,191616,5988
2022-10-17 00:00:00,Figment,281408,8794
2023-02-27 00:00:00,Kelp DAO,0,0
2025-09-01 00:00:00,Kelp DAO,133792.500123027,4181.015628844594
2024-03-04 00:00:00,Others,1574732.946778358,49210.404586823686
2025-01-06 00:00:00,Others,1127123.425416108,35222.607044253375
2025-05-26 00:00:00,Blockdaemon,653792.193365339,20431.006042666842
2025-06-16 00:00:00,Stader,157970.66793384202,4936.583372932563
2025-05-05 00:00:00,Solo Stakers,162640.479745146,5082.514992035813
2021-08-16 00:00:00,Mantle,0,0
2024-06-24 00:00:00,Mantle,474144,14817
2026-07-20 00:00:00,Mantle,194496,6078
2020-12-07 00:00:00,Bitcoin Suisse,108736,3398
2022-07-25 00:00:00,Bitcoin Suisse,288096,9003
2020-11-02 00:00:00,Kiln,0,0
2021-04-26 00:00:00,Kiln,0,0
2026-07-20 00:00:00,Kiln,759559.29143413,23736.227857316564
2023-01-23 00:00:00,Coinbase,2575552,80486
2021-08-09 00:00:00,Rocket Pool,0,0
2021-07-05 00:00:00,StakeWise,6176,193
2025-07-07 00:00:00,StakeWise,387488.01485448994,12109.00046420281
2023-04-10 00:00:00,Upbit,130432,4076
2024-03-11 00:00:00,Upbit,373344,11667
2026-05-25 00:00:00,Upbit,597344,18667
2021-11-29 00:00:00,Revolut,0,0
2025-04-07 00:00:00,Revolut,65792,2056
2022-02-21 00:00:00,P2P.org,0,0
2021-06-21 00:00:00,Binance,714304,22322
2020-11-30 00:00:00,ether.fi,0,0
2024-01-29 00:00:00,ether.fi,265248.00734596,8289.00022956125
2025-01-20 00:00:00,ether.fi,1730748.136376777,54085.87926177428
2026-08-17 00:00:00,Octant,100352,3136
2023-12-18 00:00:00,DARMA Capital,326112,10191
2025-03-10 00:00:00,DARMA Capital,239424,7482
2026-09-07 00:00:00,DARMA Capital,174528,5454
2021-04-12 00:00:00,imToken,0,0
2023-12-04 00:00:00,imToken,47072,1471
2024-09-02 00:00:00,imToken,70944,2217
2021-12-27 00:00:00,Bitstamp,40288,1259
2024-07-29 00:00:00,Bitstamp,163616,5113
2025-03-10 00:00:00,Consensys,110784,3462
2025-09-22 00:00:00,Unidentified,8359777.044706407,261243.03264707522
2021-08-02 00:00:00,Kraken,814432,25451
2024-02-05 00:00:00,Kraken,815136.8919551391,25473.027873598097
2024-03-04 00:00:00,Kraken,826240.8919551391,25820.027873598097
2026-08-24 00:00:00,Kraken,1646350.975988882,51448.46799965256
2021-05-17 00:00:00,Gate.io,32000,1000
2022-01-10 00:00:00,Gate.io,32000,1000
2026-06-08 00:00:00,Gate.io,54816.131129146,1713.0040977858125
2023-01-16 00:00:00,Lido,4704320,147010
2023-03-06 00:00:00,Lido,5541856,173183
2024-11-04 00:00:00,Lido,9786076.831556538,305814.9009861418
2022-01-17 00:00:00,CoinSpot,0,0
2025-12-01 00:00:00,CoinSpot,137664,4302
2026-09-21 00:00:00,CoinSpot,137664,4302
2022-02-14 00:00:00,OKX,40673,1271.03125
2024-04-15 00:00:00,OKX,348065.12227662595,10877.03507114456
2024-04-29 00:00:00,OKX,351969.12227662595,10999.03507114456
2025-07-07 00:00:00,OKX,651361.122276626,20355.03507114456
2020-11-09 00:00:00,Figment,0,0
2021-09-13 00:00:00,Kelp DAO,0,0
2022-08-29 00:00:00,Kelp DAO,0,0
2023-12-11 00:00:00,Kelp DAO,0,0
2025-09-29 00:00:00,Kelp DAO,157376.500123027,4918.015628844594
2023-11-20 00:00:00,Stader,43085.031441144005,1346.4072325357502
2022-04-04 00:00:00,Solo Stakers,304896,9528
2024-09-23 00:00:00,Solo Stakers,342505.93261915003,10703.310394348438
2025-06-23 00:00:00,Solo Stakers,160641.997722269,5020.0624288209065
2026-08-31 00:00:00,Solo Stakers,125343.4063883211,3916.9814496350346
2021-10-04 00:00:00,Mantle,0,0
2026-02-16 00:00:00,Bitcoin Suisse,431447.85229145305,13482.745384107908
2023-12-18 00:00:00,Kiln,939776,29368
2025-02-03 00:00:00,Kiln,1324896,41403
2025-04-28 00:00:00,Kiln,1486112.636447251,46441.019888976596
2021-07-12 00:00:00,Coinbase,992640,31020
2025-05-12 00:00:00,Coinbase,2655074.529188424,82971.07903713825
2025-06-09 00:00:00,Coinbase,2615522.529188424,81735.07903713825
2021-12-13 00:00:00,Rocket Pool,58464,1827
2022-07-25 00:00:00,Rocket Pool,207648,6489
2023-05-29 00:00:00,Rocket Pool,686930.3286774799,21466.572771171246
2025-10-27 00:00:00,Rocket Pool,606388.6560064128,18949.6455002004
2022-10-31 00:00:00,StakeWise,12192,381
2022-11-28 00:00:00,StakeWise,12192,381
2024-10-28 00:00:00,stakefish,498624.427226682,15582.013350833813
2026-08-17 00:00:00,stakefish,289293.80452654,9040.431391454375
2025-07-21 00:00:00,Upbit,458016,14313
2025-08-25 00:00:00,Upbit,405280,12665
2022-01-31 00:00:00,Revolut,0,0
2023-02-20 00:00:00,Revolut,14144,442
2024-07-08 00:00:00,Revolut,48288,1509
2026-06-29 00:00:00,Revolut,115904,3622
2024-02-26 00:00:00,Liquid Collective,65632,2051
2021-02-01 00:00:00,P2P.org,0,0
2021-11-29 00:00:00,P2P.org,0,0
2021-11-29 00:00:00,Everstake,6400,200
2022-03-07 00:00:00,Binance,940288,29384
2025-05-19 00:00:00,Binance,2500768.4235978676,78149.01323743336
2023-08-28 00:00:00,DARMA Capital,326112,10191
2024-09-30 00:00:00,DARMA Capital,326112,10191
2024-11-04 00:00:00,DARMA Capital,324864,10152
2025-10-06 00:00:00,DARMA Capital,239424,7482
2021-06-14 00:00:00,imToken,6560,205
2024-02-19 00:00:00,imToken,62240,1945
2024-07-15 00:00:00,imToken,75552,2361
2022-10-17 00:00:00,Octant,0,0
2025-09-01 00:00:00,Octant,100352,3136
2022-10-10 00:00:00,Bitstamp,65856,2058
2021-09-06 00:00:00,Consensys,0,0
2021-12-06 00:00:00,Consensys,0,0
2026-01-26 00:00:00,Consensys,104352,3261
2021-12-06 00:00:00,Kraken,939744,29367
2022-03-28 00:00:00,Kraken,1011712,31616
2023-12-04 00:00:00,Kraken,826624.8919551391,25832.027873598097
2021-10-04 00:00:00,Gate.io,32000,1000
2022-06-06 00:00:00,Gate.io,32000,1000
2021-03-01 00:00:00,CoinSpot,0,0
2023-08-14 00:00:00,OKX,454817,14213.03125
2023-11-06 00:00:00,OKX,561025,17532.03125
2024-06-03 00:00:00,OKX,353697.12227662595,11053.03507114456
2021-03-22 00:00:00,Figment,0,0
2021-08-30 00:00:00,Figment,0,0
2025-02-17 00:00:00,Figment,901408.015196235,28169.000474882345
2026-02-23 00:00:00,Figment,1496512.015196235,46766.00047488234
2021-08-09 00:00:00,Kelp DAO,0,0
2022-12-05 00:00:00,Kelp DAO,0,0
2024-01-15 00:00:00,Kelp DAO,0,0
2021-03-08 00:00:00,Others,434944,13592
2023-04-03 00:00:00,Others,1030880,32215
2023-09-25 00:00:00,Others,1142254.784167424,35695.462005232
2024-06-24 00:00:00,Others,1975370.2527392667,61730.320398102085
2025-10-06 00:00:00,Others,801541.040799305,25048.15752497828
2021-03-15 00:00:00,Stader,0,0
2022-09-26 00:00:00,Stader,0,0
2025-09-08 00:00:00,Stader,156428.66793384202,4888.395872932563
2023-12-25 00:00:00,Solo Stakers,406311.253944914,12697.226685778562
2024-02-26 00:00:00,Solo Stakers,375720.39832742093,11741.262447731904
2023-04-10 00:00:00,Bitcoin Suisse,437760,13680
2022-08-22 00:00:00,Kiln,800,25
2024-01-15 00:00:00,Kiln,969856,30308
2025-02-24 00:00:00,Kiln,1347040,42095
2025-05-12 00:00:00,Kiln,1505618.636447251,47050.582388976596
2022-08-08 00:00:00,Rocket Pool,212160,6630
2023-03-27 00:00:00,Rocket Pool,440928,13779
2025-01-13 00:00:00,Rocket Pool,710086.7986081139,22190.21245650356
2020-12-21 00:00:00,StakeWise,0,0
2026-07-27 00:00:00,StakeWise,346990.8763238481,10843.464885120253
2021-01-18 00:00:00,Coinbase,32,1
2026-01-05 00:00:00,Coinbase,1853448.9450276962,57920.279532115506
2026-03-09 00:00:00,Coinbase,1790918.3899996965,55966.199687490516
2026-07-20 00:00:00,Coinbase,1645214.052994696,51412.93915608425
2022-06-13 00:00:00,stakefish,277696,8678
2024-08-12 00:00:00,stakefish,468800.427226682,14650.013350833813
2024-12-30 00:00:00,stakefish,483456.602691525,15108.018834110157
2026-02-09 00:00:00,stakefish,291465.77941778,9108.305606805625
2020-11-02 00:00:00,Upbit,0,0
2021-07-19 00:00:00,Upbit,0,0
2023-05-08 00:00:00,Upbit,168864,5277
2025-09-22 00:00:00,Upbit,383744,11992
2022-08-01 00:00:00,Revolut,0,0
2023-03-27 00:00:00,P2P.org,2720,85
2023-07-17 00:00:00,P2P.org,136736,4273
2025-02-17 00:00:00,P2P.org,378688.486176491,11834.015193015344
2025-04-21 00:00:00,P2P.org,378848.486176491,11839.015193015344
2021-09-27 00:00:00,Everstake,6400,200
2026-01-19 00:00:00,Everstake,705984,22062
2022-04-04 00:00:00,Binance,950048,29689
2025-08-18 00:00:00,ether.fi,2268857.317778566,70901.79118058019
2024-01-15 00:00:00,Octant,100000,3125
2024-06-03 00:00:00,Octant,100352,3136
2026-03-02 00:00:00,DARMA Capital,239424,7482
2026-05-04 00:00:00,DARMA Capital,174528,5454
2023-10-02 00:00:00,imToken,39520,1235
2026-05-04 00:00:00,imToken,56768,1774
2022-01-10 00:00:00,Bitstamp,41056,1283
2020-11-16 00:00:00,Consensys,0,0
2021-05-31 00:00:00,Consensys,0,0
2024-08-12 00:00:00,Consensys,99424,3107
2025-01-06 00:00:00,Consensys,111232,3476
2025-11-10 00:00:00,Consensys,102816,3213
2022-12-26 00:00:00,Kraken,1205280,37665
2023-08-28 00:00:00,Unidentified,4600390.944955267,143762.2170298521
2025-07-21 00:00:00,Unidentified,7466156.483430161,233317.39010719254
2020-12-21 00:00:00,Gate.io,32000,1000
2021-12-27 00:00:00,Gate.io,32000,1000
2022-07-25 00:00:00,Gate.io,32000,1000
2023-03-06 00:00:00,Gate.io,32000,1000
2024-11-04 00:00:00,Gate.io,52576.131129146,1643.0040977858125
2025-10-06 00:00:00,Gate.io,54816.131129146,1713.0040977858125
2020-11-16 00:00:00,Lido,0,0
2022-01-10 00:00:00,Lido,1648256,51508
2026-07-06 00:00:00,Lido,9172641.049243364,286645.03278885514
2023-01-09 00:00:00,CoinSpot,127904,3997
2024-09-23 00:00:00,CoinSpot,137664,4302
2025-05-26 00:00:00,CoinSpot,137664,4302
2025-09-29 00:00:00,CoinSpot,137664,4302
2022-03-21 00:00:00,OKX,42593,1331.03125
2024-07-01 00:00:00,OKX,365313.12227662595,11416.03507114456
2025-12-01 00:00:00,OKX,536442.122276626,16763.81632114456
2020-12-28 00:00:00,Figment,0,0
2025-11-17 00:00:00,Figment,1568320.015196235,49010.00047488234
2026-02-09 00:00:00,Figment,1504544.015196235,47017.00047488234
2023-03-27 00:00:00,Kelp DAO,0,0
2021-05-10 00:00:00,Others,487072,15221
2021-06-14 00:00:00,Others,501056,15658
2024-09-16 00:00:00,Others,1682348.5412968218,52573.39191552568
2025-07-14 00:00:00,Others,855101.806750999,26721.931460968717
2026-06-01 00:00:00,Others,512157.072487534,16004.908515235438
2021-07-12 00:00:00,Blockdaemon,0,0
2022-05-09 00:00:00,Blockdaemon,0,0
2025-06-23 00:00:00,Blockdaemon,665888.193365339,20809.006042666842
2025-09-15 00:00:00,Blockdaemon,712128.193365339,22254.006042666842
2021-08-02 00:00:00,Stader,0,0
2021-11-22 00:00:00,Stader,0,0
2022-06-06 00:00:00,Stader,0,0
2024-09-16 00:00:00,Stader,126089.50512510703,3940.2970351595945
2024-01-22 00:00:00,Solo Stakers,405159.30960681895,12661.228425213092
2025-01-20 00:00:00,Mantle,462272,14446
2021-09-27 00:00:00,Bitcoin Suisse,212832,6651
2022-02-14 00:00:00,Bitcoin Suisse,256352,8011
2024-08-05 00:00:00,Bitcoin Suisse,529527.852291453,16547.745384107908
2021-06-14 00:00:00,Kiln,0,0
2024-04-08 00:00:00,Kiln,1127616,35238
2026-03-16 00:00:00,Kiln,704068.909467347,22002.153420854593
2026-05-18 00:00:00,Kiln,722933.163722114,22591.661366316064
2025-07-28 00:00:00,Coinbase,2446914.529188424,76466.07903713825
2026-08-03 00:00:00,Coinbase,1612878.963374696,50402.46760545925
2024-04-15 00:00:00,Rocket Pool,792108.5688300929,24753.392775940403
2022-09-12 00:00:00,StakeWise,12192,381
2022-09-26 00:00:00,StakeWise,12192,381
2024-05-06 00:00:00,stakefish,459936.427226682,14373.013350833813
2025-10-20 00:00:00,stakefish,360258.77941778,11258.086856805625
2021-05-31 00:00:00,Upbit,0,0
2024-04-01 00:00:00,Revolut,44576,1393
2023-03-13 00:00:00,Liquid Collective,1632,51
2024-05-20 00:00:00,Liquid Collective,87392,2731
2026-08-31 00:00:00,Liquid Collective,319392.287525154,9981.008985161063
2023-09-18 00:00:00,P2P.org,140608,4394
2021-06-21 00:00:00,Everstake,6400,200
2022-09-19 00:00:00,Everstake,6400,200
2023-12-25 00:00:00,Everstake,24224,757
2021-05-17 00:00:00,Binance,682304,21322
2025-08-11 00:00:00,Binance,3059328.4235978676,95604.01323743336
2026-04-06 00:00:00,Binance,3331728.4235978676,104116.51323743336
2024-10-28 00:00:00,ether.fi,1632736.042821306,51023.001338165814
2025-07-14 00:00:00,ether.fi,2420313.317778566,75634.79118058019
2025-10-20 00:00:00,ether.fi,2097881.317778566,65558.79118058019
2026-01-05 00:00:00,ether.fi,2294809.317778566,71712.79118058019
2022-03-28 00:00:00,DARMA Capital,324544,10142
2022-11-28 00:00:00,DARMA Capital,324544,10142
2023-11-13 00:00:00,DARMA Capital,326112,10191
2025-12-29 00:00:00,DARMA Capital,239424,7482
2025-06-02 00:00:00,imToken,69664,2177
2021-03-01 00:00:00,Octant,0,0
2022-08-29 00:00:00,Octant,0,0
2025-04-07 00:00:00,Octant,100352,3136
2023-03-06 00:00:00,Bitstamp,91552,2861
2024-04-08 00:00:00,Bitstamp,161088,5034
2024-11-18 00:00:00,Unidentified,6949537.795126512,217173.0560977035
2023-10-30 00:00:00,Kraken,903072.567514801,28221.017734837533
2024-09-16 00:00:00,Gate.io,52576.131129146,1643.0040977858125
2021-03-08 00:00:00,Lido,185120,5785
2025-01-06 00:00:00,Lido,9600604.831556538,300018.9009861418
2020-11-09 00:00:00,CoinSpot,0,0
2021-07-12 00:00:00,CoinSpot,0,0
2023-06-05 00:00:00,CoinSpot,127872,3996
2023-07-03 00:00:00,CoinSpot,127872,3996
2022-08-29 00:00:00,OKX,55649,1739.03125
2022-10-17 00:00:00,OKX,59393,1856.03125
2023-10-02 00:00:00,OKX,537377,16793.03125
2021-10-18 00:00:00,Figment,352,11
2024-02-12 00:00:00,Figment,922016,28813
2025-06-09 00:00:00,Figment,1019072.015196235,31846.000474882345
2026-04-27 00:00:00,Figment,1473376.015196235,46043.00047488234
2026-07-20 00:00:00,Figment,1420776.6810099508,44399.27128156096
2026-09-21 00:00:00,Kelp DAO,143328.500123027,4479.015628844594
2022-01-24 00:00:00,Others,668000,20875
2022-05-30 00:00:00,Others,823264,25727
2023-08-28 00:00:00,Others,1114702.361092743,34834.44878414822
2025-02-10 00:00:00,Others,1065028.5526739329,33282.1422710604
2025-09-01 00:00:00,Others,806183.806750999,25193.243960968717
2026-04-06 00:00:00,Stader,137476.73436620703,4296.14794894397
2021-09-06 00:00:00,Solo Stakers,248384,7762
2026-01-26 00:00:00,Mantle,214720,6710
2022-11-21 00:00:00,Coinbase,2413280,75415
2026-02-23 00:00:00,Coinbase,1798851.6191086965,56214.113097146765
2021-12-27 00:00:00,Rocket Pool,70800,2212.5
2022-05-09 00:00:00,Rocket Pool,174464,5452
2023-12-25 00:00:00,Rocket Pool,845130.2477960689,26410.320243627153
2021-06-14 00:00:00,StakeWise,5760,180
2024-02-26 00:00:00,StakeWise,15808.000021536,494.000000673
2021-08-30 00:00:00,stakefish,258016,8063
2022-03-28 00:00:00,stakefish,276992,8656
2023-12-11 00:00:00,stakefish,348896.427226682,10903.013350833813
2025-06-30 00:00:00,stakefish,406784.77941778,12712.024356805625
2022-12-19 00:00:00,P2P.org,0,0
2023-03-13 00:00:00,Everstake,6400,200
2023-10-09 00:00:00,Everstake,6592,206
2025-05-26 00:00:00,Everstake,646240,20195
2024-10-14 00:00:00,Liquid Collective,106304,3322
2023-06-05 00:00:00,ether.fi,2208.00381196,69.00011912375
2024-08-26 00:00:00,ether.fi,1722752.042821306,53836.001338165814
2023-01-30 00:00:00,DARMA Capital,326112,10191
2025-04-14 00:00:00,DARMA Capital,239424,7482
2025-05-12 00:00:00,DARMA Capital,239424,7482
2020-11-09 00:00:00,Octant,0,0
2025-11-03 00:00:00,Octant,100352,3136
2023-06-12 00:00:00,Bitstamp,78848,2464
2024-03-11 00:00:00,Bitstamp,165248,5164
2024-07-01 00:00:00,Bitstamp,162080,5065
2021-03-08 00:00:00,Consensys,0,0
2021-12-27 00:00:00,Consensys,0,0
2025-01-20 00:00:00,Consensys,111136,3473
2025-03-31 00:00:00,Unidentified,7265743.264667761,227054.47702086752
2022-02-28 00:00:00,Kraken,989280,30915
2025-06-16 00:00:00,Gate.io,53824.131129146,1682.0040977858125
2021-05-24 00:00:00,CoinSpot,0,0
2022-03-21 00:00:00,CoinSpot,0,0
2020-12-07 00:00:00,OKX,0,0
2021-03-01 00:00:00,OKX,26433,826.03125
2023-04-10 00:00:00,OKX,187553,5861.03125
2021-11-15 00:00:00,Kelp DAO,0,0
2022-08-01 00:00:00,Kelp DAO,0,0
2023-11-13 00:00:00,Kelp DAO,0,0
2026-05-11 00:00:00,Kelp DAO,144320.500123027,4510.015628844594
2023-05-08 00:00:00,Others,987271.4391277301,30852.232472741565
2023-07-10 00:00:00,Others,1069163.555427759,33411.36110711747
2024-07-01 00:00:00,Others,1847087.4327093798,57721.48227216812
2022-03-21 00:00:00,Mantle,0,0
2025-05-26 00:00:00,Mantle,352864,11027
2021-11-29 00:00:00,Blockdaemon,0,0
2023-09-18 00:00:00,Blockdaemon,393888,12309
2024-07-08 00:00:00,Blockdaemon,296480.154437567,9265.004826173968
2024-12-09 00:00:00,Blockdaemon,347680.193365339,10865.006042666844
2026-04-27 00:00:00,Blockdaemon,1097664.36877426,34302.01152419562
2023-12-04 00:00:00,Stader,43626.031441144005,1363.3134825357502
2023-12-11 00:00:00,Stader,41956.031441144005,1311.1259825357502
2024-09-30 00:00:00,Stader,128545.50512510703,4017.0470351595945
2021-06-21 00:00:00,Bitcoin Suisse,176896,5528
2022-04-11 00:00:00,Bitcoin Suisse,259328,8104
2021-04-19 00:00:00,imToken,0,0
2021-11-08 00:00:00,imToken,15488,484
2022-03-07 00:00:00,Kraken,993760,31055
2022-08-08 00:00:00,Kraken,1127264,35227
2022-03-21 00:00:00,Consensys,0,0
2025-05-26 00:00:00,Consensys,119968,3749
2020-11-16 00:00:00,Bitstamp,0,0
2024-09-16 00:00:00,Bitstamp,168096,5253
2022-05-16 00:00:00,Kiln,96,3
2022-02-28 00:00:00,Solo Stakers,291328,9104
2024-12-02 00:00:00,Solo Stakers,338014.033560949,10562.938548779657
2022-05-02 00:00:00,ether.fi,0,0
2021-06-28 00:00:00,Unidentified,1593984,49812
2021-07-12 00:00:00,Unidentified,1623200,50725
2023-09-11 00:00:00,Coinbase,4165344.76618969,130167.02394342782
2025-01-27 00:00:00,Coinbase,3046114.529188424,95191.07903713825
2026-07-13 00:00:00,Coinbase,1649097.012106696,51534.28162833425
2023-10-02 00:00:00,Rocket Pool,804134.5441966058,25129.20450614393
2023-05-15 00:00:00,StakeWise,9344,292
2024-12-02 00:00:00,StakeWise,67232.004008038,2101.0001252511875
2024-10-14 00:00:00,Revolut,54272,1696
2021-05-10 00:00:00,Upbit,0,0
2022-03-21 00:00:00,Octant,0,0
2023-10-23 00:00:00,Octant,100000,3125
2025-06-16 00:00:00,P2P.org,367031.586176491,11469.737068015344
2026-06-08 00:00:00,P2P.org,339054.68617649097,10595.458943015343
2021-01-25 00:00:00,Gate.io,32000,1000
2024-03-11 00:00:00,Gate.io,41536.131129146,1298.0040977858125
2024-08-05 00:00:00,Gate.io,52576.131129146,1643.0040977858125
2023-04-17 00:00:00,Lido,5855648,182989
2024-11-25 00:00:00,Lido,9815260.831556538,306726.9009861418
2023-03-27 00:00:00,CoinSpot,127904,3997
2022-05-30 00:00:00,Figment,191360,5980
2024-05-20 00:00:00,Figment,785248.015196235,24539.000474882345
2021-01-25 00:00:00,Kelp DAO,0,0
2023-08-14 00:00:00,Kelp DAO,0,0
2023-10-30 00:00:00,Kelp DAO,0,0
2025-12-22 00:00:00,Kelp DAO,162208.500123027,5069.015628844594
2023-12-04 00:00:00,Others,1144847.092033258,35776.47162603931
2024-06-03 00:00:00,Mantle,468704,14647
2022-09-26 00:00:00,Blockdaemon,0,0
2024-05-13 00:00:00,Blockdaemon,353888.154437567,11059.004826173968
2022-07-18 00:00:00,Stader,0,0
2025-03-24 00:00:00,Binance,2207168.4235978676,68974.01323743336
2026-03-16 00:00:00,Binance,3331728.4235978676,104116.51323743336
2021-11-15 00:00:00,Bitcoin Suisse,212832,6651
2026-08-10 00:00:00,DARMA Capital,174528,5454
2024-02-19 00:00:00,Kraken,841376.8919551391,26293.027873598097
2024-03-18 00:00:00,Kraken,807872.8919551391,25246.027873598097
2025-08-18 00:00:00,Consensys,116064,3627
2024-06-17 00:00:00,Bitstamp,161184,5037
2024-11-18 00:00:00,Bitstamp,191008,5969
2022-10-10 00:00:00,Kiln,832,26
2023-10-23 00:00:00,Kiln,779232,24351
2023-07-17 00:00:00,Solo Stakers,410660.20159028197,12833.131299696312
2023-10-02 00:00:00,Solo Stakers,413222.88986005296,12913.215308126655
2023-10-09 00:00:00,Solo Stakers,412646.89040195197,12895.215325060999
2026-09-21 00:00:00,Solo Stakers,125024.4063883211,3907.0126996350346
2020-11-09 00:00:00,Liquid Collective,0,0
2022-08-29 00:00:00,Liquid Collective,0,0
2026-01-19 00:00:00,Liquid Collective,282464.131566551,8827.004111454718
2021-05-03 00:00:00,ether.fi,0,0
2023-04-10 00:00:00,Unidentified,3301017.964119665,103156.81137873953
2023-05-01 00:00:00,Unidentified,3762287.5689060283,117571.48652831338
2022-02-21 00:00:00,Rocket Pool,102016,3188
2023-07-10 00:00:00,Rocket Pool,767546.9284322229,23985.841513506966
2022-07-18 00:00:00,StakeWise,12192,381
2024-01-01 00:00:00,Revolut,45248,1414
2024-08-26 00:00:00,Revolut,52576,1643
2025-07-28 00:00:00,Upbit,460896,14403
2022-10-03 00:00:00,stakefish,279424,8732
2024-03-18 00:00:00,Everstake,294144,9192
2026-05-04 00:00:00,Everstake,742464,23202
2025-05-19 00:00:00,Octant,100352,3136
2021-01-11 00:00:00,P2P.org,0,0
2023-06-26 00:00:00,P2P.org,134144,4192
2021-01-04 00:00:00,Gate.io,32000,1000
2021-11-01 00:00:00,Gate.io,32000,1000
2023-11-06 00:00:00,Gate.io,36544.131129146,1142.0040977858125
2024-04-01 00:00:00,Gate.io,42560.131129146,1330.0040977858125
2023-12-04 00:00:00,Lido,9211323.990984462,287853.87471826444
2024-01-15 00:00:00,CoinSpot,137664,4302
2024-09-09 00:00:00,CoinSpot,137664,4302
2026-02-02 00:00:00,CoinSpot,137664,4302
2024-02-26 00:00:00,OKX,481473.12227662595,15046.03507114456
2024-03-25 00:00:00,OKX,399201.12227662595,12475.03507114456
2021-08-09 00:00:00,Figment,0,0
2022-03-07 00:00:00,Figment,93888,2934
2024-10-28 00:00:00,Kelp DAO,147840,4620
2022-07-18 00:00:00,Others,826304,25822
2025-02-03 00:00:00,Others,1072488.5526739329,33515.2672710604
2022-10-17 00:00:00,Mantle,0,0
2023-11-06 00:00:00,Mantle,1920,60
2024-10-21 00:00:00,Mantle,478464,14952
2021-09-27 00:00:00,Stader,0,0
2022-11-14 00:00:00,Binance,1099616,34363
2026-08-17 00:00:00,Binance,3273296.5594873927,102290.51748398102
2026-02-02 00:00:00,Bitcoin Suisse,432919.85229145305,13528.745384107908
2022-10-17 00:00:00,DARMA Capital,324544,10142
2024-03-04 00:00:00,DARMA Capital,326112,10191
2021-09-20 00:00:00,imToken,13952,436
2023-05-01 00:00:00,imToken,41120,1285
2025-02-10 00:00:00,imToken,71008,2219
2026-03-09 00:00:00,Kraken,1592546.111468648,49767.06598339525
2021-02-08 00:00:00,Bitstamp,32,1
2022-04-04 00:00:00,Bitstamp,44736,1398
2022-11-28 00:00:00,Bitstamp,66656,2083
2024-04-15 00:00:00,Bitstamp,160704,5022
2025-09-01 00:00:00,Bitstamp,208864.168374685,6527.005261708906
2022-01-03 00:00:00,Kiln,64,2
2026-01-12 00:00:00,Kiln,639499.0574455791,19984.345545174347
2026-08-10 00:00:00,Kiln,783609.26494078,24487.789529399375
2020-12-07 00:00:00,Solo Stakers,83904,2622
2024-09-30 00:00:00,Solo Stakers,341609.93261915003,10675.310394348438
2025-09-22 00:00:00,Solo Stakers,151097.50488218002,4721.7970275681255
2025-06-02 00:00:00,Liquid Collective,197088,6159
2025-06-09 00:00:00,Liquid Collective,281664.131566551,8802.004111454718
2021-03-08 00:00:00,ether.fi,0,0
2025-06-30 00:00:00,ether.fi,2379888.1363767767,74371.50426177427
2021-02-22 00:00:00,Unidentified,1181568,36924
2025-04-28 00:00:00,Unidentified,7192551.31391183,224767.2285597447
2023-04-10 00:00:00,Coinbase,2773760,86680
2023-04-17 00:00:00,Coinbase,2858336,89323
2021-07-26 00:00:00,Rocket Pool,0,0
2023-09-11 00:00:00,Rocket Pool,801608.1449375828,25050.254529299462
2022-12-12 00:00:00,StakeWise,12192,381
2025-02-24 00:00:00,StakeWise,204064.004008038,6377.0001252511875
2022-03-14 00:00:00,Revolut,0,0
2023-01-02 00:00:00,Revolut,32,1
2026-01-12 00:00:00,Revolut,65856,2058
2025-03-10 00:00:00,Upbit,455328,14229
2025-10-06 00:00:00,Upbit,385056,12033
2025-12-08 00:00:00,Upbit,369472,11546
2024-05-20 00:00:00,stakefish,459776.427226682,14368.013350833813
2025-05-19 00:00:00,stakefish,414304.77941778,12947.024356805625
2023-09-25 00:00:00,Everstake,6496,203
2024-05-13 00:00:00,Everstake,371904,11622
2025-05-05 00:00:00,Everstake,651648,20364
2022-03-14 00:00:00,Octant,0,0
2021-07-12 00:00:00,P2P.org,0,0
2022-01-17 00:00:00,Gate.io,32000,1000
2021-05-03 00:00:00,Lido,329536,10298
2026-06-29 00:00:00,CoinSpot,137664,4302
2021-10-11 00:00:00,OKX,35969,1124.03125
2023-07-31 00:00:00,OKX,437633,13676.03125
2022-05-09 00:00:00,Figment,190368,5949
2025-03-10 00:00:00,Figment,912800.015196235,28525.000474882345
2025-12-08 00:00:00,Figment,1517952.015196235,47436.00047488234
2026-05-11 00:00:00,Figment,1474784.015196235,46087.00047488234
2022-10-24 00:00:00,Kelp DAO,0,0
2025-03-24 00:00:00,Kelp DAO,125920.500123027,3935.0156288445937
2022-04-25 00:00:00,Others,788672,24646
2025-04-28 00:00:00,Others,962620.586308325,30081.893322135154
2025-07-21 00:00:00,Others,846001.8067509991,26437.55646096872
2021-01-04 00:00:00,Mantle,0,0
2026-03-16 00:00:00,Mantle,224384,7012
2023-07-17 00:00:00,Blockdaemon,353696,11053
2023-07-10 00:00:00,Stader,6410,200.3125
2021-01-04 00:00:00,Binance,236928,7404
2023-08-07 00:00:00,Binance,1383072.17906345,43221.005595732815
2021-04-19 00:00:00,Bitcoin Suisse,148896,4653
2022-08-15 00:00:00,DARMA Capital,324544,10142
2023-08-07 00:00:00,DARMA Capital,326112,10191
2021-11-15 00:00:00,imToken,15712,491
2022-09-05 00:00:00,imToken,33408,1044
2022-12-05 00:00:00,imToken,36512,1141
2025-01-20 00:00:00,imToken,71968,2249
2022-10-03 00:00:00,Kraken,1173056,36658
2024-05-20 00:00:00,Kraken,827168.8919551391,25849.027873598097
2024-12-16 00:00:00,Kraken,934208.8919551391,29194.027873598097
2023-10-30 00:00:00,Consensys,0,0
2026-05-18 00:00:00,Consensys,100288,3134
2021-10-18 00:00:00,Kiln,0,0
2022-03-07 00:00:00,Kiln,96,3
2024-03-25 00:00:00,Kiln,1112640,34770
2025-02-03 00:00:00,Solo Stakers,178014.657143115,5562.958035722344
2025-12-01 00:00:00,Solo Stakers,146398.34705511708,4574.948345472409
2022-01-24 00:00:00,Liquid Collective,0,0
2021-03-01 00:00:00,ether.fi,0,0
2021-11-29 00:00:00,ether.fi,0,0
2022-07-25 00:00:00,ether.fi,0,0
2023-10-16 00:00:00,ether.fi,15424.00381196,482.00011912375
2021-07-19 00:00:00,Unidentified,1635552,51111
2023-02-06 00:00:00,Unidentified,3013941,94185.65625
2023-05-01 00:00:00,Coinbase,2872096,89753
2024-07-01 00:00:00,Coinbase,4311362.07765931,134730.06492685343
2022-02-28 00:00:00,StakeWise,12192,381
2024-03-04 00:00:00,Revolut,44576,1393
2026-08-03 00:00:00,Revolut,120672,3771
2022-12-26 00:00:00,Upbit,71584,2237
2025-03-03 00:00:00,Upbit,429024,13407
2025-07-07 00:00:00,Upbit,498656,15583
2026-02-23 00:00:00,Upbit,517440,16170
2026-03-09 00:00:00,stakefish,294409.80452654,9200.306391454375
2026-08-03 00:00:00,stakefish,289421.80452654,9044.431391454375
2023-02-27 00:00:00,Octant,0,0
2023-10-30 00:00:00,Octant,100000,3125
2024-10-14 00:00:00,Octant,100352,3136
2024-10-21 00:00:00,Octant,100352,3136
2026-06-15 00:00:00,Gate.io,54816.131129146,1713.0040977858125
2021-02-22 00:00:00,Lido,181888,5684
2021-07-26 00:00:00,Lido,683136,21348
2022-04-11 00:00:00,CoinSpot,0,0
2025-11-03 00:00:00,CoinSpot,137664,4302
2023-12-25 00:00:00,OKX,582977,18218.03125
2025-08-11 00:00:00,OKX,643010.122276626,20094.06632114456
2020-12-28 00:00:00,Kelp DAO,0,0
2021-01-04 00:00:00,Kelp DAO,0,0
2021-07-26 00:00:00,Others,505728,15804
2021-12-20 00:00:00,Others,634304,19822
2023-02-13 00:00:00,Others,989120,30910
2025-11-17 00:00:00,Others,791658.0249429111,24739.313279465972
2024-08-05 00:00:00,Mantle,488800,15275
2025-07-07 00:00:00,Blockdaemon,666048.193365339,20814.006042666842
2025-10-06 00:00:00,Blockdaemon,838240.193365339,26195.006042666842
2023-05-15 00:00:00,Stader,0,0
2023-09-11 00:00:00,Stader,19359,604.96875
2024-04-29 00:00:00,Stader,122758.031441144,3836.18848253575
2024-11-25 00:00:00,Stader,133153.505125107,4161.047035159594
2022-08-15 00:00:00,Binance,1021440,31920
2024-03-11 00:00:00,Binance,1239360.41025217,38730.01282038031
2024-10-28 00:00:00,DARMA Capital,326112,10191
2022-11-07 00:00:00,imToken,35456,1108
2025-06-16 00:00:00,imToken,70592,2206
2022-01-17 00:00:00,Consensys,0,0
2022-10-17 00:00:00,Consensys,0,0
2025-08-25 00:00:00,Consensys,113024,3532
2025-10-20 00:00:00,Consensys,104000,3250
2025-06-16 00:00:00,Bitstamp,217600.168374685,6800.005261708906
2026-06-08 00:00:00,Bitstamp,213984.17967872,6687.00561496
2022-04-25 00:00:00,Solo Stakers,309792,9681
2022-07-25 00:00:00,Solo Stakers,335584,10487
2020-12-07 00:00:00,ether.fi,0,0
2022-02-21 00:00:00,ether.fi,0,0
2023-12-18 00:00:00,ether.fi,35840.007345959995,1120.0002295612499
2024-07-08 00:00:00,ether.fi,1661920.00734596,51935.00022956125
2026-07-20 00:00:00,ether.fi,1663520.512025645,51985.016000801406
2026-09-21 00:00:00,ether.fi,1689776.292499605,52805.50914061266
2021-09-20 00:00:00,Unidentified,1793440,56045
2021-06-28 00:00:00,Coinbase,940608,29394
2022-02-14 00:00:00,Coinbase,1677344,52417
2024-05-06 00:00:00,Coinbase,4403425.72684856,137607.0539640175
2020-11-30 00:00:00,Rocket Pool,0,0
2022-07-18 00:00:00,Rocket Pool,202032,6313.5
2025-06-23 00:00:00,Rocket Pool,658135.1436489258,20566.723239028932
2026-02-16 00:00:00,Rocket Pool,510397.3316210197,15949.916613156865
2021-07-26 00:00:00,StakeWise,7296,228
2023-02-13 00:00:00,StakeWise,12192,381
2025-11-24 00:00:00,StakeWise,347277.5892238869,10852.424663246466
2026-09-14 00:00:00,StakeWise,338807.69271119114,10587.740397224723
2021-08-16 00:00:00,Revolut,0,0
2022-10-10 00:00:00,Revolut,32,1
2023-03-06 00:00:00,Revolut,16960,530
2023-10-30 00:00:00,Revolut,40416,1263
2024-12-30 00:00:00,Revolut,48064,1502
2023-12-18 00:00:00,Upbit,347840,10870
2024-05-20 00:00:00,Upbit,386336,12073
2023-07-17 00:00:00,Everstake,6400,200
2024-02-19 00:00:00,Everstake,90336,2823
2025-03-10 00:00:00,Everstake,639264,19977
2021-03-22 00:00:00,Octant,0,0
2026-01-12 00:00:00,Octant,100352,3136
2026-08-03 00:00:00,Octant,100352,3136
2021-04-19 00:00:00,P2P.org,0,0
2023-08-28 00:00:00,P2P.org,139104,4347
2025-09-15 00:00:00,P2P.org,216297.686176491,6759.302693015344
2026-05-18 00:00:00,Gate.io,54816.131129146,1713.0040977858125
2022-04-25 00:00:00,Lido,3721728,116304
2022-07-18 00:00:00,Lido,4138720,129335
2021-09-06 00:00:00,CoinSpot,0,0
2022-04-04 00:00:00,CoinSpot,0,0
2024-11-04 00:00:00,CoinSpot,137664,4302
2021-08-16 00:00:00,OKX,33057,1033.03125
2022-08-08 00:00:00,OKX,55425,1732.03125
2023-05-29 00:00:00,OKX,324513,10141.03125
2023-07-31 00:00:00,Figment,1013344,31667
2025-12-29 00:00:00,Figment,1434592.015196235,44831.00047488234
2026-03-16 00:00:00,Kelp DAO,149120.500123027,4660.015628844594
2022-01-17 00:00:00,Mantle,0,0
2024-09-02 00:00:00,Mantle,503584,15737
2026-07-20 00:00:00,Blockdaemon,1075744.551941474,33617.01724817106
2023-02-13 00:00:00,Stader,0,0
2025-11-17 00:00:00,Stader,160228.66793384202,5007.145872932563
2026-02-16 00:00:00,Stader,137827.73436620703,4307.11669894397
2026-07-13 00:00:00,Stader,91574.73436620703,2861.71044894397
2021-08-30 00:00:00,Binance,861792,26931
2023-11-06 00:00:00,Binance,1346464.326563393,42077.01020510603
2020-12-21 00:00:00,DARMA Capital,0,0
2022-03-21 00:00:00,DARMA Capital,324544,10142
2024-07-29 00:00:00,DARMA Capital,326112,10191
2023-04-10 00:00:00,imToken,40832,1276
2024-04-22 00:00:00,imToken,61248,1914
2022-01-03 00:00:00,Kraken,952864,29777
2026-01-12 00:00:00,Kraken,1510498.111468648,47203.06598339525
2026-03-02 00:00:00,Kraken,1601858.111468648,50058.06598339525
2024-07-29 00:00:00,Consensys,100096,3128
2024-12-23 00:00:00,Consensys,107136,3348
2023-11-27 00:00:00,Bitstamp,132384,4137
2025-11-03 00:00:00,Bitstamp,208704.17967872,6522.00561496
2025-11-10 00:00:00,Bitstamp,208576.17967872,6518.00561496
2023-01-02 00:00:00,Kiln,36224,1132
2021-05-03 00:00:00,Solo Stakers,149280,4665
2021-09-27 00:00:00,Solo Stakers,252448,7889
2025-01-06 00:00:00,Liquid Collective,108512,3391
2025-08-25 00:00:00,Liquid Collective,362944.131566551,11342.004111454718
2025-10-27 00:00:00,Liquid Collective,363744.131566551,11367.004111454718
2023-02-20 00:00:00,ether.fi,0,0
2024-07-15 00:00:00,ether.fi,1661920.00734596,51935.00022956125
2024-09-30 00:00:00,ether.fi,1717152.042821306,53661.001338165814
2026-02-23 00:00:00,ether.fi,2380634.317778566,74394.82243058019
2025-02-17 00:00:00,Unidentified,7095519.977505475,221734.9992970461
2025-09-22 00:00:00,Coinbase,2460580.291949696,76893.134123428
2026-09-14 00:00:00,Coinbase,1549563.4738216961,48423.858556928004
2021-12-13 00:00:00,Upbit,0,0
2024-02-19 00:00:00,Upbit,391520,12235
2025-07-14 00:00:00,Upbit,482080,15065
2025-03-10 00:00:00,stakefish,462144.602691525,14442.018834110157
2020-12-14 00:00:00,Everstake,6400,200
2020-12-21 00:00:00,Octant,0,0
2021-03-15 00:00:00,Octant,0,0
2021-05-17 00:00:00,Octant,0,0
2022-07-04 00:00:00,P2P.org,0,0
2024-11-18 00:00:00,P2P.org,452224.152447009,14132.004763969031
2025-09-08 00:00:00,P2P.org,218473.686176491,6827.302693015344
2023-06-12 00:00:00,Gate.io,36544.131129146,1142.0040977858125
2024-11-18 00:00:00,CoinSpot,137664,4302
2025-01-06 00:00:00,CoinSpot,137664,4302
2022-05-16 00:00:00,OKX,47585,1487.03125
2024-10-14 00:00:00,OKX,486625.12227662595,15207.03507114456
2026-05-04 00:00:00,Figment,1477600.015196235,46175.00047488234
2024-09-30 00:00:00,Others,1649729.851752709,51554.05786727215
2021-10-25 00:00:00,Mantle,0,0
2023-08-07 00:00:00,Mantle,0,0
2026-06-15 00:00:00,Mantle,164512,5141
2026-09-21 00:00:00,Blockdaemon,1050720.551941474,32835.01724817106
2021-08-23 00:00:00,Binance,858720,26835
2026-01-19 00:00:00,Binance,3489104.4235978676,109034.51323743336
2021-01-18 00:00:00,Bitcoin Suisse,130272,4071
2020-11-02 00:00:00,DARMA Capital,0,0
2021-03-22 00:00:00,DARMA Capital,0,0
2021-10-25 00:00:00,DARMA Capital,324544,10142
2023-01-09 00:00:00,DARMA Capital,326112,10191
2024-01-08 00:00:00,DARMA Capital,326112,10191
2025-08-18 00:00:00,DARMA Capital,239424,7482
2021-09-06 00:00:00,imToken,11712,366
2021-12-13 00:00:00,Kraken,941504,29422
2025-12-29 00:00:00,Kraken,1482530.111468648,46329.06598339525
2026-05-11 00:00:00,Kraken,1576748.987912649,49273.40587227028
2025-10-13 00:00:00,Consensys,102240,3195
2026-08-10 00:00:00,Consensys,101856,3183
2021-06-14 00:00:00,Bitstamp,7648,239
2023-03-27 00:00:00,Bitstamp,91808,2869
2022-01-10 00:00:00,Kiln,64,2
2024-09-02 00:00:00,Liquid Collective,89312,2791
2026-03-30 00:00:00,Liquid Collective,277408.287525154,8669.008985161063
2021-12-06 00:00:00,ether.fi,0,0
2022-09-26 00:00:00,ether.fi,0,0
2023-09-11 00:00:00,Unidentified,4661989.845530629,145687.18267283216
2025-06-23 00:00:00,Unidentified,7286951.899292106,227717.2468528783
2026-02-09 00:00:00,Unidentified,12885585.071518004,402674.5334849376
2020-11-30 00:00:00,Coinbase,32,1
2022-07-11 00:00:00,Coinbase,1940160,60630
2024-04-29 00:00:00,Coinbase,4427649.56151077,138364.04879721155
2021-02-22 00:00:00,Rocket Pool,0,0
2022-02-14 00:00:00,Rocket Pool,94384,2949.5
2025-04-28 00:00:00,Rocket Pool,659153.0697378268,20598.53342930709
2021-05-03 00:00:00,StakeWise,3776,118
2023-10-09 00:00:00,StakeWise,8192,256
2023-01-09 00:00:00,Revolut,32,1
2024-05-27 00:00:00,Revolut,46560,1455
2022-03-07 00:00:00,stakefish,276800,8650
2022-09-26 00:00:00,Everstake,6400,200
2022-01-10 00:00:00,Octant,0,0
2022-03-07 00:00:00,Octant,0,0
2025-08-11 00:00:00,Octant,100352,3136
2021-02-08 00:00:00,P2P.org,0,0
2022-11-14 00:00:00,Gate.io,32000,1000
2024-10-28 00:00:00,Gate.io,52576.131129146,1643.0040977858125
2025-03-31 00:00:00,Gate.io,53824.131129146,1682.0040977858125
2025-08-25 00:00:00,Gate.io,54816.131129146,1713.0040977858125
2024-02-05 00:00:00,Lido,9616443.990984462,300513.87471826444
2024-09-16 00:00:00,CoinSpot,137664,4302
2022-08-22 00:00:00,Kelp DAO,0,0
2024-06-03 00:00:00,Kelp DAO,157344,4917
2024-04-01 00:00:00,Mantle,501152,15661
2020-12-07 00:00:00,Blockdaemon,0,0
2021-12-27 00:00:00,Blockdaemon,0,0
2022-12-19 00:00:00,Blockdaemon,32,1
2023-10-16 00:00:00,Blockdaemon,412384,12887
2023-04-17 00:00:00,Stader,0,0
2025-12-01 00:00:00,Stader,156931.66793384202,4904.114622932563
2026-09-14 00:00:00,Stader,85173.73436620703,2661.67919894397
2022-06-13 00:00:00,Binance,991200,30975
2025-05-26 00:00:00,Binance,2548768.4235978676,79649.01323743336
2023-08-28 00:00:00,Bitcoin Suisse,535104,16722
2025-06-16 00:00:00,Bitcoin Suisse,461815.85229145305,14431.745384107908
2026-09-07 00:00:00,Bitcoin Suisse,418999.85229145305,13093.745384107908
2022-10-10 00:00:00,DARMA Capital,324544,10142
2023-07-03 00:00:00,imToken,34272,1071
2021-05-10 00:00:00,Kraken,698784,21837
2024-02-26 00:00:00,Kraken,834272.8919551391,26071.027873598097
2026-05-04 00:00:00,Kraken,1601442.7797097561,50045.08686592988
2021-03-29 00:00:00,Consensys,0,0
2024-11-04 00:00:00,Bitstamp,191296,5978
2021-05-17 00:00:00,Kiln,0,0
2021-08-16 00:00:00,Kiln,0,0
2026-01-05 00:00:00,Kiln,628780.70471414,19649.397022316876
2026-03-09 00:00:00,Kiln,704496.619728973,22015.519366530407
2021-03-08 00:00:00,Solo Stakers,135584,4237
2021-11-29 00:00:00,Solo Stakers,271968,8499
2024-05-06 00:00:00,Solo Stakers,350441.40919432,10951.2940373225
2025-03-31 00:00:00,Liquid Collective,110976,3468
2026-05-25 00:00:00,Liquid Collective,352384.287525154,11012.008985161063
2021-12-27 00:00:00,ether.fi,0,0
2021-07-26 00:00:00,Coinbase,1032128,32254
2023-07-10 00:00:00,Coinbase,3671904.474665948,114747.01483331088
2021-05-03 00:00:00,Rocket Pool,0,0
2021-07-19 00:00:00,Rocket Pool,0,0
2026-07-13 00:00:00,StakeWise,339031.9213733871,10594.747542918347
2023-11-06 00:00:00,Revolut,41248,1289
2025-10-20 00:00:00,Revolut,63200,1975
2026-04-27 00:00:00,Upbit,584192,18256
2023-07-31 00:00:00,stakefish,311840.146576356,9745.004580511126
2021-12-13 00:00:00,Everstake,6400,200
2022-05-16 00:00:00,Octant,0,0
2022-06-06 00:00:00,Octant,0,0
2024-01-01 00:00:00,Octant,100000,3125
2022-11-07 00:00:00,P2P.org,0,0
2023-10-30 00:00:00,Gate.io,36544.131129146,1142.0040977858125
2023-02-13 00:00:00,Lido,4934336,154198
2024-01-22 00:00:00,CoinSpot,137664,4302
2026-08-24 00:00:00,CoinSpot,137664,4302
2022-01-03 00:00:00,OKX,38977,1218.03125
2025-05-19 00:00:00,OKX,568385.122276626,17762.03507114456
2026-03-02 00:00:00,Figment,1501568.015196235,46924.00047488234
2021-10-25 00:00:00,Kelp DAO,0,0
2023-04-17 00:00:00,Others,1011462.5823423221,31608.205698197566
2023-05-15 00:00:00,Others,1000618.3765002581,31269.324265633066
2023-09-11 00:00:00,Others,1128590.361092743,35268.44878414822
2023-10-02 00:00:00,Others,1146094.788395777,35815.462137368035
2022-10-10 00:00:00,Mantle,0,0
2024-01-01 00:00:00,Mantle,179040,5595
2021-10-04 00:00:00,Blockdaemon,0,0
2021-12-06 00:00:00,Blockdaemon,0,0
2022-08-01 00:00:00,Blockdaemon,0,0
2023-05-22 00:00:00,Blockdaemon,111392,3481
2021-02-22 00:00:00,Stader,0,0
2022-12-12 00:00:00,Stader,0,0
2025-07-21 00:00:00,Stader,161219.66793384202,5038.114622932563
2024-06-03 00:00:00,Binance,1085536.4235978678,33923.01323743337
2024-08-05 00:00:00,Binance,1193728.4235978678,37304.01323743337
2024-08-26 00:00:00,Binance,1350496.4235978678,42203.01323743337
2020-11-16 00:00:00,Bitcoin Suisse,48832,1526
2023-06-26 00:00:00,Bitcoin Suisse,508608,15894
2022-01-17 00:00:00,DARMA Capital,324544,10142
2021-06-21 00:00:00,imToken,7296,228
2021-07-19 00:00:00,imToken,9824,307
2025-11-10 00:00:00,imToken,74080,2315
2025-03-10 00:00:00,Kraken,1088384.891955139,34012.0278735981
2022-05-16 00:00:00,Consensys,0,0
2025-01-20 00:00:00,Bitstamp,184256,5758
2026-08-24 00:00:00,Bitstamp,216896.17967872,6778.00561496
2021-02-22 00:00:00,Solo Stakers,132672,4146
2022-12-12 00:00:00,Solo Stakers,378176,11818
2024-08-05 00:00:00,Liquid Collective,88928,2779
2026-06-22 00:00:00,Liquid Collective,348288.287525154,10884.008985161063
2021-09-27 00:00:00,ether.fi,0,0
2022-02-28 00:00:00,ether.fi,0,0
2025-12-01 00:00:00,ether.fi,2041913.317778566,63809.791180580185
2026-04-27 00:00:00,ether.fi,2020710.317778566,63147.197430580185
2026-02-16 00:00:00,Unidentified,12844212.878489591,401381.6524527997
2023-05-15 00:00:00,Coinbase,3359680.2145944443,104990.00670607638
2024-02-12 00:00:00,Coinbase,4522977.387339817,141343.0433543693
2025-04-21 00:00:00,Coinbase,2667170.529188424,83349.07903713825
2021-04-26 00:00:00,Rocket Pool,0,0
2023-02-06 00:00:00,Rocket Pool,392720,12272.5
2023-02-13 00:00:00,Rocket Pool,404240,12632.5
2024-10-28 00:00:00,Revolut,54784,1712
2026-08-10 00:00:00,Revolut,120928,3779
2021-08-02 00:00:00,Everstake,6400,200
2023-03-06 00:00:00,Octant,0,0
2023-12-25 00:00:00,Octant,100000,3125
2024-02-26 00:00:00,Octant,100352,3136
2024-07-29 00:00:00,Octant,100352,3136
2021-01-18 00:00:00,P2P.org,0,0
2026-04-06 00:00:00,P2P.org,341339.68617649097,10666.865193015343
2024-01-08 00:00:00,Gate.io,41536.131129146,1298.0040977858125
2020-11-16 00:00:00,CoinSpot,0,0
2021-06-14 00:00:00,CoinSpot,0,0
2023-01-30 00:00:00,CoinSpot,127904,3997
2023-11-27 00:00:00,CoinSpot,137664,4302
2024-04-15 00:00:00,CoinSpot,137664,4302
2021-05-17 00:00:00,OKX,30625,957.03125
2023-05-29 00:00:00,Figment,728928,22779
2022-03-21 00:00:00,Kelp DAO,0,0
2026-08-17 00:00:00,Kelp DAO,143328.500123027,4479.015628844594
2023-03-13 00:00:00,Mantle,0,0
2024-10-28 00:00:00,Mantle,481408,15044
2022-02-28 00:00:00,Blockdaemon,0,0
2024-12-02 00:00:00,Stader,134578.505125107,4205.578285159594
2020-12-28 00:00:00,Binance,236608,7394
2022-03-21 00:00:00,Binance,940288,29384
2023-03-20 00:00:00,Binance,1159840,36245
2021-02-08 00:00:00,Bitcoin Suisse,134240,4195
2021-09-13 00:00:00,Bitcoin Suisse,212832,6651
2021-11-08 00:00:00,Bitcoin Suisse,212832,6651
2022-07-04 00:00:00,Bitcoin Suisse,288096,9003
2023-11-27 00:00:00,Bitcoin Suisse,567904,17747
2025-09-15 00:00:00,Bitcoin Suisse,450295.85229145305,14071.745384107908
2022-07-11 00:00:00,imToken,32128,1004
2024-01-29 00:00:00,imToken,60000,1875
2024-09-23 00:00:00,imToken,70656,2208
2020-12-28 00:00:00,Consensys,0,0
2023-11-06 00:00:00,Consensys,0,0
2024-08-26 00:00:00,Consensys,99936,3123
2025-03-24 00:00:00,Consensys,111680,3490
2025-12-22 00:00:00,Consensys,102016,3188
2026-06-15 00:00:00,Consensys,99584,3112
2021-01-11 00:00:00,Bitstamp,0,0
2024-01-15 00:00:00,Bitstamp,191168,5974
2026-02-02 00:00:00,Bitstamp,199776.17967872,6243.00561496
2025-10-13 00:00:00,Kiln,679008.6464472511,21219.020201476596
2023-12-11 00:00:00,Solo Stakers,404519.191353934,12641.224729810438
2021-04-05 00:00:00,Liquid Collective,0,0
2026-06-01 00:00:00,Liquid Collective,352192.287525154,11006.008985161063
2026-08-24 00:00:00,Liquid Collective,319392.287525154,9981.008985161063
2024-10-07 00:00:00,ether.fi,1645216.042821306,51413.001338165814
2024-01-29 00:00:00,Unidentified,5317923.7606462985,166185.11752019683
2024-07-01 00:00:00,Unidentified,5820041.516727311,181876.29739772846
2024-09-23 00:00:00,Unidentified,6573388.469711353,205418.38967847978
2023-02-13 00:00:00,Coinbase,2606624,81457
2023-12-04 00:00:00,Coinbase,4419617.387339817,138113.0433543693
2025-07-21 00:00:00,Coinbase,2467586.529188424,77112.07903713825
2025-01-27 00:00:00,Rocket Pool,706330.1562581368,22072.817383066777
2025-04-21 00:00:00,Rocket Pool,660588.0526171848,20643.376644287026
2026-04-13 00:00:00,Rocket Pool,478397.6456090417,14949.926425282552
2026-04-20 00:00:00,Rocket Pool,471773.6456090417,14742.926425282552
2022-05-02 00:00:00,StakeWise,12192,381
2025-08-18 00:00:00,Revolut,67200,2100
2025-10-13 00:00:00,Revolut,62496,1953
2021-08-02 00:00:00,Upbit,0,0
2022-10-03 00:00:00,Upbit,57856,1808
2024-05-13 00:00:00,Upbit,392544,12267
2022-01-03 00:00:00,stakefish,275680,8615
2022-10-10 00:00:00,Octant,0,0
2024-03-25 00:00:00,Octant,100352,3136
2021-09-06 00:00:00,P2P.org,0,0
2022-11-28 00:00:00,P2P.org,0,0
2026-06-29 00:00:00,P2P.org,345817.68617649097,10806.802693015343
2021-03-29 00:00:00,Gate.io,32000,1000
2021-08-23 00:00:00,Gate.io,32000,1000
2022-08-22 00:00:00,Gate.io,32000,1000
2024-07-29 00:00:00,Gate.io,52576.131129146,1643.0040977858125
2024-08-26 00:00:00,Gate.io,52576.131129146,1643.0040977858125
2026-08-17 00:00:00,Gate.io,54816.131129146,1713.0040977858125
2022-04-18 00:00:00,Lido,3459520,108110
2024-05-06 00:00:00,Lido,9360411.990984462,292512.87471826444
2025-07-21 00:00:00,Lido,8974876.909448335,280464.90342026047
2026-09-14 00:00:00,Lido,9378753.38157693,293086.04317427904
2021-01-11 00:00:00,CoinSpot,0,0
2023-04-24 00:00:00,CoinSpot,127904,3997
2024-08-19 00:00:00,CoinSpot,137664,4302
2025-01-20 00:00:00,CoinSpot,137664,4302
2026-06-08 00:00:00,CoinSpot,137664,4302
2021-03-15 00:00:00,OKX,26689,834.03125
2022-03-14 00:00:00,OKX,42177,1318.03125
2022-08-01 00:00:00,OKX,55169,1724.03125
2023-02-27 00:00:00,OKX,147777,4618.03125
2025-12-08 00:00:00,OKX,542002.122276626,16937.56632114456
2023-10-23 00:00:00,Figment,1345152,42036
2021-10-18 00:00:00,Kelp DAO,0,0
2022-06-13 00:00:00,Kelp DAO,0,0
2024-08-05 00:00:00,Kelp DAO,159008,4969
2025-08-18 00:00:00,Kelp DAO,133792.500123027,4181.015628844594
2021-02-22 00:00:00,Others,400000,12500
2024-02-05 00:00:00,Others,1289611.7288453237,40300.366526416365
2025-02-24 00:00:00,Others,1035520.5526739329,32360.017271060402
2023-12-18 00:00:00,Blockdaemon,370496,11578
2025-01-27 00:00:00,Stader,139538.505125107,4360.578285159594
2025-09-22 00:00:00,Stader,160231.66793384202,5007.239622932563
2021-01-25 00:00:00,Binance,490304,15322
2022-05-23 00:00:00,Binance,962304,30072
2023-06-12 00:00:00,Binance,1363008.17906345,42594.005595732815
2023-08-14 00:00:00,Binance,1383072.17906345,43221.005595732815
2022-09-05 00:00:00,Bitcoin Suisse,290080,9065
2022-01-10 00:00:00,DARMA Capital,324544,10142
2026-01-12 00:00:00,DARMA Capital,239424,7482
2026-05-18 00:00:00,DARMA Capital,174528,5454
2021-02-15 00:00:00,imToken,0,0
2026-04-13 00:00:00,imToken,56896,1778
2026-07-06 00:00:00,imToken,56160,1755
2021-05-17 00:00:00,Kraken,717248,22414
2025-05-19 00:00:00,Kraken,1209409.5536905352,37794.04855282923
2022-04-11 00:00:00,Bitstamp,44896,1403
2022-03-14 00:00:00,Kiln,96,3
2022-02-21 00:00:00,Solo Stakers,291136,9098
2025-11-24 00:00:00,Solo Stakers,146460.99778879608,4576.906180899878
2026-02-16 00:00:00,Solo Stakers,139495.61177996208,4359.237868123815
2022-10-24 00:00:00,Liquid Collective,0,0
2022-09-19 00:00:00,ether.fi,0,0
2023-07-17 00:00:00,ether.fi,4128.003811959999,129.00011912374998
2025-09-29 00:00:00,ether.fi,2097881.317778566,65558.79118058019
2022-07-11 00:00:00,Unidentified,2146163,67067.59375
2021-04-26 00:00:00,Coinbase,83552,2611
2021-09-20 00:00:00,Coinbase,1276352,39886
2024-12-02 00:00:00,Coinbase,3641282.44368306,113790.07636509562
2025-02-24 00:00:00,Coinbase,2832322.529188424,88510.07903713825
2024-09-23 00:00:00,Rocket Pool,713271.6162611599,22289.738008161246
2026-09-14 00:00:00,Rocket Pool,447712.1976158077,13991.00617549399
2022-12-19 00:00:00,StakeWise,12192,381
2023-12-04 00:00:00,StakeWise,11488,359
2020-12-21 00:00:00,Revolut,0,0
2021-03-22 00:00:00,Revolut,0,0
2022-05-16 00:00:00,Revolut,0,0
2025-12-15 00:00:00,Revolut,65888,2059
2025-08-04 00:00:00,Upbit,447488,13984
2021-10-11 00:00:00,stakefish,258592,8081
2021-10-11 00:00:00,Everstake,6400,200
2023-07-24 00:00:00,Everstake,6368,199
2022-01-17 00:00:00,Octant,0,0
2025-10-13 00:00:00,Octant,100352,3136
2026-05-11 00:00:00,Octant,100352,3136
2023-11-27 00:00:00,P2P.org,207136,6473
2024-09-02 00:00:00,Gate.io,52576.131129146,1643.0040977858125
2021-03-01 00:00:00,Lido,182912,5716
2026-02-16 00:00:00,Lido,9450302.957912505,295321.9674347658
2025-09-01 00:00:00,CoinSpot,137664,4302
2020-12-21 00:00:00,Figment,0,0
2024-03-18 00:00:00,Figment,865312.015196235,27041.000474882345
2025-05-19 00:00:00,Figment,984192.015196235,30756.000474882345
2022-08-15 00:00:00,Kelp DAO,0,0
2026-02-16 00:00:00,Others,705012.072487534,22031.62726523544
2023-06-05 00:00:00,Mantle,0,0
2021-03-08 00:00:00,Blockdaemon,0,0
2025-03-03 00:00:00,Blockdaemon,470816.193365339,14713.006042666844
2025-09-29 00:00:00,Blockdaemon,802144.193365339,25067.006042666842
2025-12-01 00:00:00,Blockdaemon,905696.193365339,28303.006042666842
2022-10-24 00:00:00,Binance,1081088,33784
2024-09-16 00:00:00,Bitcoin Suisse,533239.852291453,16663.745384107908
2025-12-15 00:00:00,DARMA Capital,239424,7482
2026-08-17 00:00:00,DARMA Capital,174528,5454
2022-09-12 00:00:00,imToken,34048,1064
2025-04-14 00:00:00,imToken,71744,2242
2023-05-29 00:00:00,Kraken,778240.567514801,24320.017734837533
2025-07-14 00:00:00,Kraken,1336705.9329896222,41772.060405925695
2026-08-03 00:00:00,Kraken,1649710.975988882,51553.46799965256
2021-10-18 00:00:00,Consensys,0,0
2024-03-04 00:00:00,Consensys,77152,2411
2025-08-11 00:00:00,Consensys,114592,3581
2024-01-22 00:00:00,Bitstamp,169632,5301
2025-01-06 00:00:00,Bitstamp,182880,5715
2025-01-13 00:00:00,Bitstamp,183776,5743
2026-08-31 00:00:00,Bitstamp,216896.17967872,6778.00561496
2024-12-23 00:00:00,Kiln,1245600,38925
2025-12-15 00:00:00,Kiln,606210.525010005,18944.078906562656
2026-05-11 00:00:00,Kiln,718700.286461947,22459.383951935844
2023-02-13 00:00:00,ether.fi,0,0
2025-07-28 00:00:00,ether.fi,2345753.317778566,73304.79118058019
2026-04-20 00:00:00,Coinbase,1790065.2026716962,55939.537583490506
2022-12-12 00:00:00,Rocket Pool,328784,10274.5
2023-12-04 00:00:00,Rocket Pool,822418.1454356449,25700.567044863903
2024-07-01 00:00:00,Rocket Pool,753405.2751585068,23543.914848703338
2021-12-20 00:00:00,StakeWise,12192,381
2022-04-25 00:00:00,StakeWise,12192,381
2024-07-08 00:00:00,StakeWise,32832.000021536,1026.000000673
2025-09-29 00:00:00,StakeWise,323387.5084355999,10105.859638612497
2023-12-25 00:00:00,Revolut,44832,1401
2026-03-16 00:00:00,Revolut,95872,2996
2023-07-31 00:00:00,Upbit,238496,7453
2023-10-16 00:00:00,Upbit,293376,9168
2021-05-17 00:00:00,stakefish,217664,6802
2022-08-08 00:00:00,stakefish,278944,8717
2023-07-24 00:00:00,stakefish,304032.146576356,9501.004580511126
2024-03-18 00:00:00,stakefish,428992.427226682,13406.013350833813
2024-07-22 00:00:00,stakefish,466048.427226682,14564.013350833813
2021-12-27 00:00:00,Everstake,6400,200
2024-12-23 00:00:00,Octant,100352,3136
2020-11-23 00:00:00,P2P.org,0,0
2022-06-13 00:00:00,Gate.io,32000,1000
2024-06-10 00:00:00,Gate.io,42560.131129146,1330.0040977858125
2022-09-19 00:00:00,Lido,4208832,131526
2023-05-08 00:00:00,Lido,6274784,196087
2021-05-24 00:00:00,OKX,31009,969.03125
2021-05-10 00:00:00,Figment,0,0
2021-05-17 00:00:00,Figment,0,0
2023-02-27 00:00:00,Figment,446048,13939
2022-01-10 00:00:00,Kelp DAO,0,0
2022-10-10 00:00:00,Kelp DAO,0,0
2023-08-07 00:00:00,Kelp DAO,0,0
2024-07-29 00:00:00,Kelp DAO,165216,5163
2023-12-11 00:00:00,Others,1108081.092033258,34627.53412603931
2024-05-06 00:00:00,Others,2353994.0672403323,73562.31460126038
2024-11-25 00:00:00,Others,1295201.2445640538,40475.03889262668
2021-01-25 00:00:00,Mantle,0,0
2023-08-14 00:00:00,Mantle,0,0
2023-10-30 00:00:00,Mantle,928,29
2025-08-18 00:00:00,Mantle,297952,9311
2024-10-07 00:00:00,Blockdaemon,379680.154437567,11865.004826173968
2021-12-20 00:00:00,Stader,0,0
2024-04-08 00:00:00,Binance,1105408.4235978678,34544.01323743337
2023-04-03 00:00:00,Bitcoin Suisse,437760,13680
2024-08-19 00:00:00,Bitcoin Suisse,530135.852291453,16566.745384107908
2024-11-18 00:00:00,Bitcoin Suisse,536279.852291453,16758.745384107908
2026-06-29 00:00:00,Bitcoin Suisse,424343.85229145305,13260.745384107908
2021-03-29 00:00:00,DARMA Capital,0,0
2021-08-23 00:00:00,DARMA Capital,324544,10142
2025-10-20 00:00:00,DARMA Capital,239424,7482
2023-06-26 00:00:00,imToken,34528,1079
2024-06-24 00:00:00,imToken,74880,2340
2025-12-15 00:00:00,Kraken,1447714.111468648,45241.06598339525
2023-08-07 00:00:00,Consensys,0,0
2024-03-25 00:00:00,Consensys,91520,2860
2024-10-21 00:00:00,Consensys,121632,3801
2022-10-31 00:00:00,Bitstamp,66176,2068
2024-08-19 00:00:00,Bitstamp,166080,5190
2024-09-09 00:00:00,Bitstamp,168032,5251
2026-06-29 00:00:00,Bitstamp,216064.17967872,6752.00561496
2024-03-04 00:00:00,Kiln,1113568,34799
2026-08-03 00:00:00,Kiln,785756.26494078,24554.883279399375
2022-12-19 00:00:00,Solo Stakers,380320,11885
2026-04-20 00:00:00,Solo Stakers,137103.6157878371,4284.487993369909
2026-09-14 00:00:00,Solo Stakers,125024.4063883211,3907.0126996350346
2022-03-28 00:00:00,Liquid Collective,0,0
2024-04-08 00:00:00,Liquid Collective,74592,2331
2022-12-26 00:00:00,ether.fi,0,0
2020-11-30 00:00:00,Unidentified,658255,20570.46875
2024-01-29 00:00:00,Coinbase,4477057.387339817,139908.0433543693
2025-11-17 00:00:00,Coinbase,2338503.615349696,73078.237979678
2025-11-24 00:00:00,Coinbase,2337684.715349696,73052.647354678
2022-04-18 00:00:00,Rocket Pool,167136,5223
2025-11-17 00:00:00,Rocket Pool,593069.1872826738,18533.412102583556
2024-05-06 00:00:00,StakeWise,19072.000021535998,596.0000006729999
2025-07-28 00:00:00,StakeWise,349888.01485448994,10934.00046420281
2022-03-21 00:00:00,Revolut,0,0
2022-08-01 00:00:00,Upbit,49920,1560
2025-12-29 00:00:00,Upbit,404544,12642
2026-05-04 00:00:00,Upbit,590752,18461
2021-12-13 00:00:00,stakefish,275168,8599
2023-05-29 00:00:00,stakefish,288448,9014
2024-05-13 00:00:00,stakefish,461856.427226682,14433.013350833813
2024-12-16 00:00:00,stakefish,485568.602691525,15174.018834110157
2023-02-27 00:00:00,Everstake,6400,200
2024-05-20 00:00:00,Everstake,390752,12211
2025-03-03 00:00:00,Everstake,637760,19930
2026-07-27 00:00:00,Everstake,809888,25309
2023-01-09 00:00:00,Octant,0,0
2021-02-15 00:00:00,P2P.org,0,0
2022-09-05 00:00:00,P2P.org,0,0
2022-03-21 00:00:00,Gate.io,32000,1000
2026-01-19 00:00:00,Gate.io,54816.131129146,1713.0040977858125
2026-03-16 00:00:00,Gate.io,54816.131129146,1713.0040977858125
2021-07-19 00:00:00,Lido,655008,20469
2023-02-06 00:00:00,Lido,4871776,152243
2023-10-02 00:00:00,Lido,8759333.762196284,273729.18006863387
2023-10-09 00:00:00,Lido,8807813.762196284,275244.18006863387
2025-04-28 00:00:00,Lido,9172892.833996845,286652.9010624014
2025-11-24 00:00:00,Lido,8626012.998295015,269562.9061967192
2023-03-06 00:00:00,OKX,150241,4695.03125
2023-05-22 00:00:00,OKX,309825,9682.03125
2024-02-19 00:00:00,OKX,491073.12227662595,15346.03507114456
2024-05-27 00:00:00,Figment,785472.015196235,24546.000474882345
2025-03-17 00:00:00,Figment,946688.015196235,29584.000474882345
2025-12-15 00:00:00,Figment,1514400.015196235,47325.00047488234
2026-01-05 00:00:00,Figment,1422880.015196235,44465.00047488234
2021-03-22 00:00:00,Kelp DAO,0,0
2023-01-09 00:00:00,Kelp DAO,0,0
2024-01-08 00:00:00,Kelp DAO,0,0
2024-08-26 00:00:00,Kelp DAO,159008,4969
2025-05-26 00:00:00,Kelp DAO,128992.500123027,4031.0156288445937
2025-11-24 00:00:00,Others,787850.0249429111,24620.313279465972
2026-09-14 00:00:00,Others,397712.0724875339,12428.502265235435
2021-03-29 00:00:00,Mantle,0,0
2021-03-01 00:00:00,Stader,0,0
2025-02-17 00:00:00,Stader,140467.505125107,4389.609535159594
2025-04-28 00:00:00,Stader,149156.514021428,4661.141063169625
2025-11-24 00:00:00,Stader,158723.66793384202,4960.114622932563
2026-09-21 00:00:00,Stader,85173.73436620703,2661.67919894397
2021-10-25 00:00:00,Binance,884064,27627
2026-06-15 00:00:00,Binance,3273296.5594873927,102290.51748398102
2020-11-23 00:00:00,Bitcoin Suisse,96000,3000
2024-01-22 00:00:00,Bitcoin Suisse,541943.852291453,16935.745384107908
2025-09-08 00:00:00,Bitcoin Suisse,451351.85229145305,14104.745384107908
2026-04-06 00:00:00,Bitcoin Suisse,424119.85229145305,13253.745384107908
2021-01-04 00:00:00,DARMA Capital,0,0
2026-06-08 00:00:00,imToken,56352,1761
2024-12-30 00:00:00,Consensys,107328,3354
2021-09-06 00:00:00,Bitstamp,31456,983
2023-03-06 00:00:00,Kiln,68160,2130
2024-02-12 00:00:00,Solo Stakers,403079.34147550096,12596.229421109405
2026-07-20 00:00:00,Solo Stakers,128218.4204056401,4006.8256376762533
2023-01-16 00:00:00,Liquid Collective,32,1
2022-04-18 00:00:00,Unidentified,2068032,64626
2025-04-21 00:00:00,Unidentified,7194174.20315887,224817.9438487147
2022-04-25 00:00:00,Coinbase,1821664,56927
2022-07-18 00:00:00,Coinbase,1945824,60807
2023-07-03 00:00:00,Coinbase,3650112.474665948,114066.01483331088
2025-04-28 00:00:00,Coinbase,2638754.529188424,82461.07903713825
2021-06-21 00:00:00,Rocket Pool,0,0
2024-05-06 00:00:00,Rocket Pool,781846.7429562028,24432.71071738134
2025-02-24 00:00:00,Rocket Pool,688101.2438163408,21503.16386926065
2024-02-12 00:00:00,StakeWise,15392.000021536,481.000000673
2025-01-27 00:00:00,StakeWise,139360.004008038,4355.0001252511875
2025-07-21 00:00:00,StakeWise,371392.01485448994,11606.00046420281
2021-05-24 00:00:00,Revolut,0,0
2023-07-24 00:00:00,Upbit,232384,7262
2024-03-25 00:00:00,stakefish,449472.427226682,14046.013350833813
2025-07-14 00:00:00,stakefish,390880.77941778,12215.024356805625
2026-05-04 00:00:00,stakefish,294985.80452654,9218.306391454375
2026-05-11 00:00:00,stakefish,299401.80452654,9356.306391454375
2022-05-09 00:00:00,Everstake,6400,200
2022-07-25 00:00:00,Everstake,6400,200
2022-10-03 00:00:00,Everstake,6400,200
2022-12-26 00:00:00,Everstake,6400,200
2023-05-29 00:00:00,Everstake,6400,200
2024-09-16 00:00:00,P2P.org,440096.152447009,13753.004763969031
2022-08-15 00:00:00,Gate.io,32000,1000
2023-06-05 00:00:00,Gate.io,36544.131129146,1142.0040977858125
2021-02-08 00:00:00,CoinSpot,0,0
2025-01-13 00:00:00,CoinSpot,137664,4302
2025-11-10 00:00:00,CoinSpot,137664,4302
2022-05-30 00:00:00,OKX,48353,1511.03125
2024-12-16 00:00:00,OKX,426433.12227662595,13326.03507114456
2024-07-22 00:00:00,Figment,873184.015196235,27287.000474882345
2025-05-12 00:00:00,Figment,984096.015196235,30753.000474882345
2023-11-06 00:00:00,Kelp DAO,0,0
2024-12-30 00:00:00,Kelp DAO,125472.01164440799,3921.0003638877497
2021-02-08 00:00:00,Others,351008,10969
2022-02-21 00:00:00,Others,682400,21325
2021-06-21 00:00:00,Blockdaemon,0,0
2025-05-19 00:00:00,Blockdaemon,646464.193365339,20202.006042666842
2025-12-08 00:00:00,Blockdaemon,894208.3687742599,27944.011524195623
2021-12-06 00:00:00,Stader,0,0
2024-06-17 00:00:00,Stader,135507.23264866302,4234.601020270719
2025-02-24 00:00:00,Bitcoin Suisse,516887.85229145305,16152.745384107908
2025-09-22 00:00:00,Bitcoin Suisse,450327.85229145305,14072.745384107908
2025-11-17 00:00:00,Bitcoin Suisse,440151.85229145305,13754.745384107908
2023-04-03 00:00:00,Mantle,0,0
2024-01-15 00:00:00,imToken,56096,1753
2025-10-27 00:00:00,imToken,74720,2335
2022-08-08 00:00:00,Solo Stakers,340192,10631
2021-04-26 00:00:00,Bitstamp,1120,35
2022-09-12 00:00:00,Bitstamp,64768,2024
2023-12-04 00:00:00,Bitstamp,133120,4160
2022-12-12 00:00:00,Kraken,1202336,37573
2023-04-17 00:00:00,Unidentified,3492129.475825956,109129.04611956113
2024-06-17 00:00:00,Unidentified,5719595.9823225625,178737.37444758008
2024-09-09 00:00:00,Coinbase,4129826.07765931,129057.06492685343
2025-08-04 00:00:00,ether.fi,2284857.317778566,71401.79118058019
2026-08-03 00:00:00,ether.fi,1663520.512025645,51985.016000801406
2024-05-13 00:00:00,Rocket Pool,779766.8631156929,24367.714472365402
2021-03-08 00:00:00,StakeWise,1632,51
2023-05-29 00:00:00,StakeWise,8896,278
2024-11-18 00:00:00,StakeWise,62624.004008038,1957.0001252511875
2025-12-01 00:00:00,StakeWise,347246.4001341149,10851.45000419109
2025-11-10 00:00:00,Binance,3309328.4235978676,103416.51323743336
2023-10-23 00:00:00,Liquid Collective,35392,1106
2023-12-25 00:00:00,Liquid Collective,35520,1110
2026-04-13 00:00:00,Liquid Collective,350976.287525154,10968.008985161063
2025-05-19 00:00:00,Revolut,65952,2061
2022-03-07 00:00:00,Upbit,21216,663
2024-12-02 00:00:00,stakefish,493632.427226682,15426.013350833813
2025-05-26 00:00:00,stakefish,413152.77941778,12911.024356805625
2024-01-08 00:00:00,Everstake,25152,786
2026-09-14 00:00:00,Everstake,796512,24891
2023-07-17 00:00:00,Octant,2048,64
2023-09-18 00:00:00,Octant,100000,3125
2025-03-17 00:00:00,Octant,100352,3136
2026-06-01 00:00:00,Octant,100352,3136
2026-01-19 00:00:00,P2P.org,341187.68617649097,10662.115193015343
2025-03-17 00:00:00,Gate.io,53824.131129146,1682.0040977858125
2025-11-10 00:00:00,Gate.io,54816.131129146,1713.0040977858125
2022-02-07 00:00:00,Lido,1816192,56756
2024-02-19 00:00:00,Lido,9795675.990984462,306114.87471826444
2024-06-17 00:00:00,Lido,9613052.831556538,300407.9009861418
2026-03-02 00:00:00,Lido,9225631.168719597,288300.9740224874
2021-01-18 00:00:00,CoinSpot,0,0
2022-11-07 00:00:00,CoinSpot,127904,3997
2023-11-06 00:00:00,CoinSpot,137664,4302
2024-07-22 00:00:00,OKX,387809.12227662595,12119.03507114456
2025-08-18 00:00:00,Figment,1592096.015196235,49753.00047488234
2021-11-08 00:00:00,Others,562336,17573
2023-01-30 00:00:00,Others,975296,30478
2025-09-15 00:00:00,Others,799238.0407993051,24976.188774978284
2026-03-02 00:00:00,Others,703188.072487534,21974.62726523544
2023-03-13 00:00:00,Blockdaemon,160,5
2022-11-28 00:00:00,Stader,0,0
2025-01-20 00:00:00,Stader,139567.505125107,4361.484535159594
2020-11-09 00:00:00,Bitcoin Suisse,0,0
2024-04-01 00:00:00,Bitcoin Suisse,522775.85229145305,16336.745384107908
2024-06-03 00:00:00,Bitcoin Suisse,539383.852291453,16855.745384107908
2023-01-30 00:00:00,Mantle,0,0
2026-05-04 00:00:00,Mantle,164512,5141
2024-10-21 00:00:00,DARMA Capital,326112,10191
2021-03-08 00:00:00,imToken,0,0
2022-03-07 00:00:00,Solo Stakers,291776,9118
2023-07-31 00:00:00,Solo Stakers,411652.203775363,12864.131367980093
2024-07-08 00:00:00,Solo Stakers,345769.436932673,10805.29490414603
2026-02-23 00:00:00,Solo Stakers,139434.7957799621,4357.337368123815
2024-03-18 00:00:00,Kiln,1145600,35800
2026-03-30 00:00:00,Kiln,714583.669367347,22330.739667729595
2021-01-25 00:00:00,Consensys,0,0
2025-04-28 00:00:00,Bitstamp,210688.168374685,6584.005261708906
2022-09-19 00:00:00,Kraken,1164352,36386
2023-01-02 00:00:00,Kraken,1206944,37717
2023-03-06 00:00:00,Kraken,1240800,38775
2025-02-03 00:00:00,Kraken,970880.8919551391,30340.027873598097
2022-02-07 00:00:00,Unidentified,1946624,60832
2024-06-24 00:00:00,Unidentified,5769229.222853135,180288.41321416048
2021-05-10 00:00:00,Coinbase,351744,10992
2022-12-12 00:00:00,Coinbase,2491648,77864
2025-01-20 00:00:00,Coinbase,3209378.529188424,100293.07903713825
2025-09-15 00:00:00,ether.fi,2124089.317778566,66377.79118058019
2023-08-28 00:00:00,Rocket Pool,800118.1176315829,25003.691175986965
2024-07-15 00:00:00,Rocket Pool,750168.3388385389,23442.76058870434
2023-08-28 00:00:00,StakeWise,8416,263
2025-11-10 00:00:00,StakeWise,347277.2819595529,10852.415061236028
2022-01-03 00:00:00,Binance,901280,28165
2022-05-09 00:00:00,Binance,962304,30072
2023-07-03 00:00:00,Liquid Collective,2592,81
2024-08-19 00:00:00,Liquid Collective,89024,2782
2021-07-05 00:00:00,Revolut,0,0
2025-05-05 00:00:00,Revolut,69920,2185
2024-01-08 00:00:00,Upbit,362688,11334
2023-05-22 00:00:00,stakefish,288736,9023
2026-03-16 00:00:00,stakefish,294409.80452654,9200.306391454375
2023-08-07 00:00:00,Everstake,6400,200
2025-12-08 00:00:00,Everstake,677824,21182
2025-12-22 00:00:00,Everstake,688000,21500
2024-07-08 00:00:00,Octant,100352,3136
2025-09-29 00:00:00,Octant,100352,3136
2022-09-19 00:00:00,P2P.org,0,0
2020-11-16 00:00:00,Gate.io,0,0
2021-09-06 00:00:00,Gate.io,32000,1000
2022-10-31 00:00:00,Gate.io,32000,1000
2023-04-03 00:00:00,Lido,5674656,177333
2024-04-29 00:00:00,Lido,9346555.990984462,292079.87471826444
2024-06-24 00:00:00,Lido,9710844.831556538,303463.9009861418
2024-12-02 00:00:00,Lido,9832540.831556538,307266.9009861418
2022-05-02 00:00:00,OKX,47265,1477.03125
2023-06-12 00:00:00,OKX,341377,10668.03125
2024-08-05 00:00:00,OKX,405537.12227662595,12673.03507114456
2023-07-31 00:00:00,Kelp DAO,0,0
2024-07-22 00:00:00,Kelp DAO,160640,5020
2024-12-02 00:00:00,Blockdaemon,352352.193365339,11011.006042666844
2021-06-28 00:00:00,Stader,0,0
2021-06-07 00:00:00,Mantle,0,0
2025-07-14 00:00:00,Mantle,365568,11424
2021-05-31 00:00:00,Bitcoin Suisse,174912,5466
2022-12-05 00:00:00,Bitcoin Suisse,396032,12376
2025-06-02 00:00:00,Bitcoin Suisse,461847.85229145305,14432.745384107908
2026-09-14 00:00:00,Bitcoin Suisse,416855.85229145305,13026.745384107908
2024-08-26 00:00:00,DARMA Capital,326112,10191
2025-10-27 00:00:00,DARMA Capital,239424,7482
2022-06-20 00:00:00,imToken,30624,957
2026-02-09 00:00:00,imToken,56512,1766
2026-07-13 00:00:00,imToken,56160,1755
2022-05-02 00:00:00,Solo Stakers,311744,9742
2023-05-08 00:00:00,Solo Stakers,403780.20159028197,12618.131299696312
2021-05-31 00:00:00,Kiln,0,0
2022-03-28 00:00:00,Kiln,96,3
2022-07-25 00:00:00,Kiln,800,25
2025-08-04 00:00:00,Consensys,116448,3639
2025-06-02 00:00:00,Kraken,1226945.5760555342,38342.04925173544
2022-04-04 00:00:00,Unidentified,2049280,64040
2026-07-13 00:00:00,Unidentified,16475220.473644126,514850.63980137894
2025-02-24 00:00:00,ether.fi,1789568.136376777,55924.00426177428
2025-11-17 00:00:00,ether.fi,2067833.317778566,64619.791180580185
2022-04-25 00:00:00,Rocket Pool,168800,5275
2021-04-19 00:00:00,Binance,650304,20322
2022-11-21 00:00:00,Binance,1113792,34806
2022-05-23 00:00:00,Liquid Collective,0,0
2022-08-29 00:00:00,Revolut,0,0
2024-04-15 00:00:00,Revolut,45600,1425
2021-03-08 00:00:00,Upbit,0,0
2022-04-18 00:00:00,Upbit,36192,1131
2022-05-09 00:00:00,Upbit,40416,1263
2023-07-10 00:00:00,Upbit,225952,7061
2021-08-02 00:00:00,stakefish,257216,8038
2022-05-16 00:00:00,stakefish,277280,8665
2023-12-25 00:00:00,stakefish,355360.427226682,11105.013350833813
2025-02-03 00:00:00,stakefish,480000.602691525,15000.018834110157
2026-06-15 00:00:00,stakefish,297001.80452654,9281.306391454375
2023-06-05 00:00:00,Everstake,6400,200
2025-11-17 00:00:00,Everstake,672320,21010
2022-04-11 00:00:00,P2P.org,0,0
2025-12-08 00:00:00,Gate.io,54816.131129146,1713.0040977858125
2025-12-29 00:00:00,Gate.io,54816.131129146,1713.0040977858125
2026-05-04 00:00:00,Gate.io,54816.131129146,1713.0040977858125
2024-09-30 00:00:00,Lido,9787388.831556538,305855.9009861418
2026-07-13 00:00:00,Lido,9180161.049243364,286880.03278885514
2024-01-08 00:00:00,CoinSpot,137664,4302
2024-10-28 00:00:00,CoinSpot,137664,4302
2022-05-23 00:00:00,OKX,47969,1499.03125
2024-02-12 00:00:00,OKX,513473.12227662595,16046.03507114456
2026-01-05 00:00:00,OKX,493837.12227662595,15432.41007114456
2021-03-08 00:00:00,Figment,0,0
2023-05-15 00:00:00,Figment,519456,16233
2023-07-24 00:00:00,Figment,1003264,31352
2021-12-13 00:00:00,Kelp DAO,0,0
2024-09-09 00:00:00,Kelp DAO,159008,4969
2023-07-03 00:00:00,Blockdaemon,348064,10877
2025-12-15 00:00:00,Blockdaemon,893664.3687742599,27927.011524195623
2026-02-09 00:00:00,Blockdaemon,1039936.3687742599,32498.011524195623
2024-01-22 00:00:00,Stader,86741.031441144,2710.65723253575
2026-07-06 00:00:00,Stader,107670.73436620703,3364.71044894397
2023-05-15 00:00:00,Bitcoin Suisse,443488,13859
2023-12-04 00:00:00,Bitcoin Suisse,567776,17743
2024-09-09 00:00:00,Bitcoin Suisse,533175.852291453,16661.745384107908
2023-05-22 00:00:00,Mantle,0,0
2021-04-12 00:00:00,DARMA Capital,0,0
2024-10-14 00:00:00,DARMA Capital,326112,10191
2025-08-04 00:00:00,DARMA Capital,239424,7482
2026-06-01 00:00:00,imToken,56384,1762
2020-11-23 00:00:00,Solo Stakers,66944,2092
2022-06-06 00:00:00,Kiln,96,3
2024-06-10 00:00:00,Kiln,1132416,35388
2024-10-14 00:00:00,Kiln,1251872,39121
2026-03-02 00:00:00,Consensys,100000,3125
2026-07-27 00:00:00,Consensys,102016,3188
2024-12-02 00:00:00,Kraken,942272.8919551391,29446.027873598097
2024-07-15 00:00:00,Unidentified,6033954.430316928,188561.075947404
2021-05-03 00:00:00,Coinbase,251520,7860
2022-12-05 00:00:00,ether.fi,0,0
2021-11-08 00:00:00,Rocket Pool,1056,33
2026-07-27 00:00:00,Rocket Pool,453791.39001369366,14180.980937927927
2021-10-11 00:00:00,StakeWise,10720,335
2023-05-22 00:00:00,StakeWise,8928,279
2026-08-31 00:00:00,StakeWise,336766.90320997115,10523.965725311598
2022-08-08 00:00:00,Binance,1021440,31920
2024-12-23 00:00:00,Binance,1983296.4235978678,61978.01323743337
2022-11-21 00:00:00,Revolut,32,1
2023-06-19 00:00:00,Revolut,28320,885
2026-04-27 00:00:00,Revolut,100352,3136
2021-01-25 00:00:00,Upbit,0,0
2021-10-04 00:00:00,Upbit,0,0
2021-10-11 00:00:00,Upbit,0,0
2022-02-14 00:00:00,Upbit,14816,463
2022-03-21 00:00:00,Upbit,26336,823
2023-09-11 00:00:00,Upbit,271424,8482
2021-03-01 00:00:00,stakefish,211008,6594
2021-08-09 00:00:00,stakefish,257408,8044
2021-09-27 00:00:00,stakefish,258592,8081
2022-03-14 00:00:00,stakefish,276864,8652
2023-05-15 00:00:00,stakefish,288320,9010
2021-08-23 00:00:00,P2P.org,0,0
2021-12-20 00:00:00,P2P.org,0,0
2022-04-25 00:00:00,P2P.org,0,0
2023-06-19 00:00:00,P2P.org,130112,4066
2024-04-01 00:00:00,P2P.org,308000,9625
2026-07-13 00:00:00,P2P.org,345946.68617649097,10810.833943015343
2022-07-18 00:00:00,CoinSpot,98336,3073
2023-02-06 00:00:00,CoinSpot,127904,3997
2024-05-06 00:00:00,CoinSpot,137664,4302
2024-06-17 00:00:00,CoinSpot,137664,4302
2024-05-27 00:00:00,OKX,353665.12227662595,11052.03507114456
2024-12-30 00:00:00,OKX,451297.12227662595,14103.03507114456
2026-07-13 00:00:00,OKX,509066.12227662595,15908.31632114456
2021-12-06 00:00:00,Figment,2176,68
2025-08-11 00:00:00,Figment,1612704.015196235,50397.00047488234
2021-09-06 00:00:00,Others,518176,16193
2022-02-14 00:00:00,Others,681504,21297
2023-02-20 00:00:00,Blockdaemon,160,5
2025-08-11 00:00:00,Blockdaemon,740064.193365339,23127.006042666842
2026-03-02 00:00:00,Stader,137475.73436620703,4296.11669894397
2026-06-08 00:00:00,Stader,109914.73436620703,3434.83544894397
2021-04-12 00:00:00,Bitcoin Suisse,148000,4625
2024-09-02 00:00:00,Bitcoin Suisse,533687.852291453,16677.745384107908
2026-03-23 00:00:00,Bitcoin Suisse,430423.85229145305,13450.745384107908
2021-05-10 00:00:00,Mantle,0,0
2022-01-03 00:00:00,Mantle,0,0
2026-01-12 00:00:00,Mantle,202336,6323
2025-09-01 00:00:00,DARMA Capital,239424,7482
2023-11-27 00:00:00,imToken,46976,1468
2025-05-19 00:00:00,Solo Stakers,162600.559799507,5081.267493734594
2025-09-29 00:00:00,Solo Stakers,151725.22388218003,4741.413246318126
2022-02-28 00:00:00,Kiln,96,3
2022-09-26 00:00:00,Kiln,832,26
2025-06-30 00:00:00,Kiln,1548806.636447251,48400.207388976596
2021-06-28 00:00:00,Bitstamp,8000,250
2022-01-24 00:00:00,Bitstamp,41568,1299
2022-09-05 00:00:00,Bitstamp,63584,1987
2023-04-10 00:00:00,Bitstamp,92608,2894
2024-02-05 00:00:00,Bitstamp,170176,5318
2026-03-16 00:00:00,Bitstamp,211040.17967872,6595.00561496
2021-03-29 00:00:00,Kraken,555776,17368
2021-12-06 00:00:00,Unidentified,1861568,58174
2022-01-31 00:00:00,Unidentified,1941088,60659
2023-04-24 00:00:00,Unidentified,3628205.1606435343,113381.41127011045
2023-07-24 00:00:00,Unidentified,4417733.1526124785,138054.16101913995
2024-04-29 00:00:00,Unidentified,5606782.738223366,175211.9605694802
2022-10-03 00:00:00,Coinbase,2221312,69416
2025-03-10 00:00:00,Coinbase,2791362.529188424,87230.07903713825
2024-02-12 00:00:00,ether.fi,442000.00734596,13812.50022956125
2024-01-22 00:00:00,Rocket Pool,852281.9831509968,26633.81197346865
2024-02-05 00:00:00,Rocket Pool,851805.2126361468,26618.912894879588
2024-02-12 00:00:00,Rocket Pool,849621.2444758308,26550.663889869713
2022-05-09 00:00:00,StakeWise,12192,381
2021-08-09 00:00:00,Binance,746304,23322
2025-06-09 00:00:00,Binance,2651168.4235978676,82849.01323743336
2026-06-29 00:00:00,Binance,3273296.5594873927,102290.51748398102
2022-04-04 00:00:00,Liquid Collective,0,0
2026-08-03 00:00:00,Liquid Collective,319392.287525154,9981.008985161063
2022-10-17 00:00:00,stakefish,279456,8733
2021-08-30 00:00:00,Octant,0,0
2021-11-29 00:00:00,Octant,0,0
2024-05-06 00:00:00,P2P.org,422048,13189
2025-08-25 00:00:00,P2P.org,218313.586176491,6822.2995680153435
2026-08-17 00:00:00,P2P.org,345987.68617649097,10812.115193015343
2023-01-30 00:00:00,Lido,4835840,151120
2024-08-05 00:00:00,CoinSpot,137664,4302
2020-11-02 00:00:00,OKX,0,0
2026-08-03 00:00:00,OKX,520530.12227662595,16266.56632114456
2021-12-13 00:00:00,Figment,12416,388
2025-10-20 00:00:00,Kelp DAO,136384.500123027,4262.015628844594
2021-03-22 00:00:00,Blockdaemon,0,0
2025-05-12 00:00:00,Blockdaemon,600576.193365339,18768.006042666842
2023-01-30 00:00:00,Bitcoin Suisse,399008,12469
2022-05-30 00:00:00,Mantle,0,0
2022-10-03 00:00:00,Mantle,0,0
2025-08-04 00:00:00,Mantle,357216,11163
2025-09-01 00:00:00,Mantle,279520,8735
2026-08-10 00:00:00,Mantle,194560,6080
2022-08-01 00:00:00,DARMA Capital,324544,10142
2020-12-07 00:00:00,imToken,0,0
2022-04-11 00:00:00,imToken,18496,578
2022-05-02 00:00:00,imToken,22240,695
2023-03-20 00:00:00,imToken,40160,1255
2024-05-06 00:00:00,imToken,61216,1913
2024-07-22 00:00:00,Solo Stakers,344681.512150017,10771.297254688032
2026-03-09 00:00:00,Solo Stakers,138507.5963790061,4328.362386843941
2024-05-13 00:00:00,Kiln,1137184,35537
2021-10-25 00:00:00,Consensys,0,0
2023-04-24 00:00:00,Consensys,0,0
2025-05-12 00:00:00,Consensys,116416,3638
2025-02-24 00:00:00,Bitstamp,204640,6395
2022-09-26 00:00:00,Unidentified,2414133,75441.65625
2021-06-21 00:00:00,Coinbase,882848,27589
2023-05-01 00:00:00,Rocket Pool,532145.999889698,16629.562496553062
2024-09-16 00:00:00,StakeWise,45600.000021536,1425.000000673
2025-04-28 00:00:00,StakeWise,329120.00400803797,10285.000125251187
2024-06-17 00:00:00,Binance,1101216.4235978678,34413.01323743337
2026-03-09 00:00:00,Binance,3331728.4235978676,104116.51323743336
2020-11-23 00:00:00,Liquid Collective,0,0
2021-07-12 00:00:00,Liquid Collective,0,0
2021-10-18 00:00:00,Liquid Collective,0,0
2021-03-29 00:00:00,Revolut,0,0
2021-05-17 00:00:00,Revolut,0,0
2025-07-14 00:00:00,Revolut,65792,2056
2021-03-01 00:00:00,Upbit,0,0
2021-08-09 00:00:00,Upbit,0,0
2022-03-14 00:00:00,Upbit,23776,743
2026-02-16 00:00:00,Upbit,504640,15770
2025-04-21 00:00:00,Everstake,643104,20097
2022-03-28 00:00:00,P2P.org,0,0
2025-02-03 00:00:00,P2P.org,429600.152447009,13425.004763969031
2026-02-09 00:00:00,P2P.org,340624.68617649097,10644.521443015343
2021-11-08 00:00:00,Gate.io,32000,1000
2024-01-22 00:00:00,Gate.io,41536.131129146,1298.0040977858125
2021-01-18 00:00:00,Lido,90112,2816
2022-11-28 00:00:00,Lido,4593824,143557
2021-07-05 00:00:00,CoinSpot,0,0
2022-08-15 00:00:00,CoinSpot,100704,3147
2022-09-05 00:00:00,CoinSpot,127904,3997
2026-03-30 00:00:00,CoinSpot,137664,4302
2026-05-25 00:00:00,CoinSpot,137664,4302
2026-06-01 00:00:00,CoinSpot,137664,4302
2021-10-25 00:00:00,OKX,36833,1151.03125
2021-10-11 00:00:00,Figment,32,1
2023-04-17 00:00:00,Figment,462336,14448
2023-12-25 00:00:00,Figment,1193920,37310
2026-03-16 00:00:00,Figment,1493472.015196235,46671.00047488234
2025-03-10 00:00:00,Kelp DAO,125920.500123027,3935.0156288445937
2025-10-13 00:00:00,Kelp DAO,131744.500123027,4117.015628844594
2026-03-23 00:00:00,Kelp DAO,149120.500123027,4660.015628844594
2026-08-31 00:00:00,Kelp DAO,143328.500123027,4479.015628844594
2021-07-19 00:00:00,Others,505408,15794
2025-11-10 00:00:00,Others,791913.0249429111,24747.282029465972
2024-09-23 00:00:00,Blockdaemon,370752.154437567,11586.004826173968
2024-11-25 00:00:00,Blockdaemon,353408.193365339,11044.006042666844
2022-10-31 00:00:00,Stader,0,0
2023-02-20 00:00:00,Bitcoin Suisse,411296,12853
2024-03-11 00:00:00,Bitcoin Suisse,527511.852291453,16484.745384107908
2025-07-21 00:00:00,Bitcoin Suisse,459639.85229145305,14363.745384107908
2026-05-25 00:00:00,Bitcoin Suisse,424439.85229145305,13263.745384107908
2023-01-16 00:00:00,Mantle,0,0
2024-01-15 00:00:00,DARMA Capital,326112,10191
2021-05-17 00:00:00,Solo Stakers,152576,4768
2021-11-15 00:00:00,Solo Stakers,263968,8249
2026-06-01 00:00:00,Kiln,722672.326522114,22583.510203816062
2022-02-07 00:00:00,Bitstamp,42464,1327
2022-02-14 00:00:00,Bitstamp,42816,1338
2023-10-16 00:00:00,Unidentified,4848567.5878913095,151517.73712160342
2024-10-07 00:00:00,Unidentified,6622405.738832603,206950.17933851885
2022-08-01 00:00:00,Kraken,1123424,35107
2023-08-14 00:00:00,Kraken,826048.567514801,25814.017734837533
2024-08-26 00:00:00,Kraken,887456.8919551391,27733.027873598097
2024-10-14 00:00:00,Kraken,886464.8919551391,27702.027873598097
2026-06-29 00:00:00,Coinbase,1654271.283638696,51695.97761370925
2026-08-31 00:00:00,Coinbase,1595081.0146896963,49846.28170905301
2022-01-03 00:00:00,ether.fi,0,0
2025-10-06 00:00:00,ether.fi,2097881.317778566,65558.79118058019
2026-03-09 00:00:00,ether.fi,2312806.317778566,72275.19743058019
2021-11-29 00:00:00,StakeWise,12064,377
2024-02-19 00:00:00,StakeWise,15680.000021536,490.000000673
2026-07-06 00:00:00,StakeWise,336028.7284634121,10500.897764481628
2021-09-06 00:00:00,Binance,861792,26931
2021-05-24 00:00:00,Liquid Collective,0,0
2021-10-25 00:00:00,Liquid Collective,0,0
2023-06-05 00:00:00,Liquid Collective,2272,71
2023-11-20 00:00:00,Liquid Collective,35520,1110
2025-10-13 00:00:00,Liquid Collective,363776.131566551,11368.004111454718
2026-04-06 00:00:00,Liquid Collective,320896.287525154,10028.008985161063
2021-05-10 00:00:00,Revolut,0,0
2024-07-01 00:00:00,Upbit,417472,13046
2025-01-27 00:00:00,Upbit,385280,12040
2021-11-29 00:00:00,stakefish,275072,8596
2025-12-01 00:00:00,stakefish,295554.77941778,9236.086856805625
2021-03-22 00:00:00,Everstake,6400,200
2022-01-17 00:00:00,Everstake,6400,200
2024-12-30 00:00:00,Everstake,610912,19091
2025-07-07 00:00:00,Everstake,654368,20449
2021-10-18 00:00:00,Octant,0,0
2022-04-04 00:00:00,P2P.org,0,0
2026-09-14 00:00:00,P2P.org,345635.68617649097,10801.115193015343
2021-02-08 00:00:00,Gate.io,32000,1000
2021-07-05 00:00:00,Gate.io,32000,1000
2025-01-20 00:00:00,Gate.io,53824.131129146,1682.0040977858125
2025-12-15 00:00:00,Gate.io,54816.131129146,1713.0040977858125
2023-04-24 00:00:00,Lido,5943840,185745
2023-09-25 00:00:00,Lido,8762981.762196284,273843.18006863387
2023-11-27 00:00:00,Lido,9278587.84082073,289955.8700256478
2025-02-03 00:00:00,Lido,9396988.831556538,293655.9009861418
2025-03-10 00:00:00,Lido,9306364.833994765,290823.9010623364
2024-04-01 00:00:00,OKX,370561.12227662595,11580.03507114456
2026-05-25 00:00:00,OKX,472707.12227662595,14772.09757114456
2026-06-15 00:00:00,OKX,493771.12227662595,15430.34757114456
2021-08-16 00:00:00,Figment,0,0
2023-07-17 00:00:00,Figment,960416,30013
2021-01-11 00:00:00,Kelp DAO,0,0
2022-10-03 00:00:00,Kelp DAO,0,0
2025-05-12 00:00:00,Kelp DAO,128992.500123027,4031.0156288445937
2025-07-14 00:00:00,Kelp DAO,128992.500123027,4031.0156288445937
2026-01-26 00:00:00,Kelp DAO,164128.500123027,5129.015628844594
2022-10-03 00:00:00,Others,836064,26127
2026-04-20 00:00:00,Others,631677.072487534,19739.90851523544
2022-07-11 00:00:00,Blockdaemon,0,0
2024-04-29 00:00:00,Blockdaemon,356096.154437567,11128.004826173968
2021-05-03 00:00:00,Stader,0,0
2022-12-19 00:00:00,Stader,0,0
2023-05-22 00:00:00,Stader,0,0
2024-08-19 00:00:00,Stader,121922.50512510703,3810.0782851595945
2022-06-13 00:00:00,Mantle,0,0
2024-07-22 00:00:00,Mantle,483840,15120
2020-12-14 00:00:00,DARMA Capital,0,0
2021-02-08 00:00:00,DARMA Capital,0,0
2023-10-16 00:00:00,DARMA Capital,326112,10191
2024-07-15 00:00:00,DARMA Capital,326112,10191
2024-09-02 00:00:00,DARMA Capital,326112,10191
2024-08-19 00:00:00,imToken,68416,2138
2023-05-29 00:00:00,Solo Stakers,411588.20159028197,12862.131299696312
2026-03-02 00:00:00,Solo Stakers,139403.0758220341,4356.346119438565
2023-09-25 00:00:00,Unidentified,4739113.446093263,148097.29519041447
2025-07-07 00:00:00,Unidentified,7356666.418797311,229895.82558741598
2026-07-27 00:00:00,Unidentified,16624964.842967022,519530.15134271944
2022-08-22 00:00:00,Kraken,1139520,35610
2021-03-01 00:00:00,Coinbase,96,3
2021-08-16 00:00:00,ether.fi,0,0
2023-09-04 00:00:00,ether.fi,14368.00381196,449.00011912375
2026-04-13 00:00:00,ether.fi,2312806.317778566,72275.19743058019
2024-09-09 00:00:00,Rocket Pool,725814.4307182479,22681.700959945247
2021-09-27 00:00:00,StakeWise,10432,326
2023-01-30 00:00:00,StakeWise,12192,381
2023-06-26 00:00:00,StakeWise,8864,277
2025-06-16 00:00:00,StakeWise,375936.01485448994,11748.00046420281
2021-11-08 00:00:00,Binance,889568,27799
2026-01-05 00:00:00,Binance,3409104.4235978676,106534.51323743336
2020-12-14 00:00:00,Revolut,0,0
2021-08-16 00:00:00,stakefish,257536,8048
2022-05-09 00:00:00,stakefish,277280,8665
2024-11-25 00:00:00,Everstake,582176,18193
2025-05-19 00:00:00,Everstake,644512,20141
2022-03-28 00:00:00,Octant,0,0
2022-05-23 00:00:00,Octant,0,0
2022-06-27 00:00:00,Octant,0,0
2024-01-22 00:00:00,Lido,9376955.990984462,293029.87471826444
2024-08-19 00:00:00,Lido,9787164.831556538,305848.9009861418
2021-08-23 00:00:00,CoinSpot,0,0
2021-05-31 00:00:00,OKX,31201,975.03125
2026-01-12 00:00:00,OKX,488449.12227662595,15264.03507114456
2026-02-23 00:00:00,OKX,452116.12227662595,14128.62882114456
2021-05-03 00:00:00,Figment,0,0
2021-12-20 00:00:00,Figment,12416,388
2026-02-02 00:00:00,Kelp DAO,164128.500123027,5129.015628844594
2022-08-01 00:00:00,Others,826656,25833
2025-03-10 00:00:00,Others,999372.552673933,31230.392271060406
2025-12-29 00:00:00,Others,745683.3761965042,23302.605506140757
2020-11-30 00:00:00,Blockdaemon,0,0
2022-07-18 00:00:00,Blockdaemon,0,0
2022-12-26 00:00:00,Blockdaemon,32,1
2024-09-30 00:00:00,Blockdaemon,375680.154437567,11740.004826173968
2025-10-13 00:00:00,Blockdaemon,918080.193365339,28690.006042666842
2020-11-23 00:00:00,Stader,0,0
2023-06-26 00:00:00,Stader,2531,79.09375
2022-11-14 00:00:00,Bitcoin Suisse,315040,9845
2022-11-28 00:00:00,Bitcoin Suisse,395040,12345
2023-05-08 00:00:00,Bitcoin Suisse,443488,13859
2021-06-14 00:00:00,Mantle,0,0
2023-01-23 00:00:00,Mantle,0,0
2023-09-25 00:00:00,Mantle,0,0
2026-08-17 00:00:00,Mantle,194560,6080
2023-03-06 00:00:00,DARMA Capital,326112,10191
2024-07-01 00:00:00,imToken,75296,2353
2022-12-05 00:00:00,Solo Stakers,376992,11781
2023-05-15 00:00:00,Solo Stakers,411076.20159028197,12846.131299696312
2024-05-20 00:00:00,Solo Stakers,346825.40919432,10838.2940373225
2024-10-21 00:00:00,Kiln,1269888,39684
2025-01-06 00:00:00,Kiln,1250624,39082
2025-06-02 00:00:00,Kiln,1513094.636447251,47284.207388976596
2021-05-10 00:00:00,Consensys,0,0
2024-01-15 00:00:00,Consensys,8544,267
2023-02-06 00:00:00,Bitstamp,90976,2843
2025-08-25 00:00:00,Bitstamp,210304.168374685,6572.005261708906
2022-01-24 00:00:00,Unidentified,1929088,60284
2026-09-21 00:00:00,Kraken,1645870.975988882,51433.46799965256
2021-10-04 00:00:00,Coinbase,1319168,41224
2024-09-23 00:00:00,Coinbase,4063394.259665963,126981.07061456134
2024-11-11 00:00:00,Coinbase,3794722.259665963,118585.07061456134
2021-05-24 00:00:00,ether.fi,0,0
2024-10-14 00:00:00,ether.fi,1645216.042821306,51413.001338165814
2021-04-19 00:00:00,Rocket Pool,0,0
2022-01-31 00:00:00,Rocket Pool,86352,2698.5
2024-01-29 00:00:00,Rocket Pool,852860.1058437228,26651.878307616338
2025-07-21 00:00:00,Rocket Pool,659498.5135904328,20609.328549701026
2025-08-04 00:00:00,Rocket Pool,659800.7628317678,20618.773838492743
2026-02-02 00:00:00,Rocket Pool,533213.2548427267,16662.91421383521
2026-08-03 00:00:00,Binance,3273296.5594873927,102290.51748398102
2025-08-11 00:00:00,Liquid Collective,365184.131566551,11412.004111454718
2025-12-15 00:00:00,Liquid Collective,311936.131566551,9748.004111454718
2021-06-07 00:00:00,Revolut,0,0
2023-06-05 00:00:00,Revolut,27360,855
2025-07-07 00:00:00,Revolut,70240,2195
2021-02-22 00:00:00,Upbit,0,0
2021-10-04 00:00:00,stakefish,258592,8081
2021-03-15 00:00:00,Everstake,6400,200
2024-01-29 00:00:00,Everstake,25088,784
2024-10-07 00:00:00,Everstake,554688,17334
2021-06-07 00:00:00,Octant,0,0
2025-08-25 00:00:00,Octant,100352,3136
2025-12-08 00:00:00,Octant,100352,3136
2026-04-27 00:00:00,Octant,100352,3136
2021-05-03 00:00:00,P2P.org,0,0
2022-11-28 00:00:00,Gate.io,32000,1000
2024-06-17 00:00:00,Gate.io,42560.131129146,1330.0040977858125
2022-04-11 00:00:00,Lido,3305856,103308
2025-01-27 00:00:00,Lido,9463836.831556538,295744.9009861418
2025-09-08 00:00:00,Lido,8603484.922204455,268858.90381888923
2022-01-24 00:00:00,CoinSpot,0,0
2024-08-26 00:00:00,CoinSpot,137664,4302
2021-05-03 00:00:00,OKX,29281,915.03125
2023-12-18 00:00:00,OKX,582817,18213.03125
2026-09-14 00:00:00,OKX,531707.3197457029,16615.853742053216
2022-05-16 00:00:00,Figment,190400,5950
2024-01-08 00:00:00,Figment,872000,27250
2024-05-06 00:00:00,Figment,782432.015196235,24451.000474882345
2026-03-30 00:00:00,Kelp DAO,149120.500123027,4660.015628844594
2021-01-18 00:00:00,Others,292448,9139
2022-11-28 00:00:00,Others,913856,28558
2026-06-08 00:00:00,Others,492861.0724875339,15401.908515235435
2020-11-23 00:00:00,Blockdaemon,0,0
2023-09-25 00:00:00,Blockdaemon,394816,12338
2020-11-30 00:00:00,Stader,0,0
2021-11-08 00:00:00,Stader,0,0
2023-04-03 00:00:00,Stader,0,0
2023-07-31 00:00:00,Stader,10691,334.09375
2023-06-12 00:00:00,Bitcoin Suisse,503648,15739
2023-08-14 00:00:00,Bitcoin Suisse,520000,16250
2025-04-14 00:00:00,Bitcoin Suisse,504567.85229145305,15767.745384107908
2021-04-05 00:00:00,Mantle,0,0
2023-08-14 00:00:00,DARMA Capital,326112,10191
2021-08-30 00:00:00,imToken,11360,355
2024-06-10 00:00:00,imToken,65728,2054
2026-07-20 00:00:00,imToken,56128,1754
2021-03-15 00:00:00,Solo Stakers,136064,4252
2026-04-27 00:00:00,Solo Stakers,137080.6712789581,4283.77097746744
2025-03-31 00:00:00,Kiln,1432960,44780
2025-05-26 00:00:00,Kiln,1501094.636447251,46909.207388976596
2026-06-22 00:00:00,Kiln,739961.295384611,23123.790480769094
2021-01-18 00:00:00,Bitstamp,0,0
2023-10-16 00:00:00,Consensys,0,0
2020-11-02 00:00:00,Kraken,0,0
2021-05-24 00:00:00,Kraken,726112,22691
2022-06-20 00:00:00,Kraken,1111872,34746
2025-09-22 00:00:00,Kraken,1352354.111468648,42261.06598339525
2022-07-18 00:00:00,Unidentified,2156467,67389.59375
2023-02-20 00:00:00,Unidentified,3048565,95267.65625
2021-12-06 00:00:00,Coinbase,1508416,47138
2021-01-11 00:00:00,Rocket Pool,0,0
2023-06-26 00:00:00,Rocket Pool,749448.6827975529,23420.271337423528
2025-02-17 00:00:00,Rocket Pool,688918.2438163408,21528.69511926065
2024-09-23 00:00:00,StakeWise,46944.000021536,1467.000000673
2024-08-19 00:00:00,Binance,1286528.4235978678,40204.01323743337
2025-09-08 00:00:00,Binance,3219328.4235978676,100604.01323743336
2023-05-01 00:00:00,Liquid Collective,2240,70
2021-04-05 00:00:00,Revolut,0,0
2024-01-15 00:00:00,Revolut,45056,1408
2021-12-06 00:00:00,Upbit,0,0
2021-07-26 00:00:00,stakefish,257120,8035
2023-02-13 00:00:00,stakefish,281088,8784
2023-10-30 00:00:00,stakefish,338432.346948702,10576.010842146938
2021-07-26 00:00:00,Everstake,6400,200
2022-03-21 00:00:00,Everstake,6400,200
2024-12-02 00:00:00,Everstake,588256,18383
2025-07-07 00:00:00,Octant,100352,3136
2025-10-20 00:00:00,Octant,100352,3136
2021-08-30 00:00:00,P2P.org,0,0
2022-01-31 00:00:00,Gate.io,32000,1000
2024-02-19 00:00:00,Gate.io,41536.131129146,1298.0040977858125
2024-08-19 00:00:00,Gate.io,52576.131129146,1643.0040977858125
2021-02-08 00:00:00,Lido,160768,5024
2022-09-12 00:00:00,CoinSpot,127904,3997
2022-10-17 00:00:00,CoinSpot,127904,3997
2024-03-11 00:00:00,OKX,398369.12227662595,12449.03507114456
2025-08-25 00:00:00,OKX,643010.122276626,20094.06632114456
2024-04-01 00:00:00,Figment,810720.015196235,25335.000474882345
2024-04-15 00:00:00,Kelp DAO,76992,2406
2024-11-11 00:00:00,Kelp DAO,141440.011644408,4420.00036388775
2025-08-25 00:00:00,Kelp DAO,133792.500123027,4181.015628844594
2023-02-27 00:00:00,Others,1000320,31260
2021-03-15 00:00:00,Blockdaemon,0,0
2023-04-10 00:00:00,Blockdaemon,9856,308
2023-05-01 00:00:00,Blockdaemon,45344,1417
2025-02-17 00:00:00,Blockdaemon,405856.193365339,12683.006042666844
2025-04-21 00:00:00,Blockdaemon,522528.193365339,16329.006042666844
2025-06-30 00:00:00,Blockdaemon,666688.193365339,20834.006042666842
2020-11-16 00:00:00,Stader,0,0
2021-09-06 00:00:00,Stader,0,0
2024-02-19 00:00:00,Stader,131026.031441144,4094.56348253575
2021-06-07 00:00:00,Bitcoin Suisse,174912,5466
2023-07-10 00:00:00,Bitcoin Suisse,510944,15967
2025-03-10 00:00:00,Mantle,384192,12006
2023-09-25 00:00:00,DARMA Capital,326112,10191
2025-03-31 00:00:00,imToken,70752,2211
2022-01-03 00:00:00,Solo Stakers,279712,8741
2024-02-05 00:00:00,Solo Stakers,403399.34147550096,12606.229421109405
2026-06-08 00:00:00,Solo Stakers,131092.5203273631,4096.641260230097
2021-06-14 00:00:00,Consensys,0,0
2023-09-25 00:00:00,Consensys,0,0
2024-01-22 00:00:00,Consensys,26592,831
2025-07-14 00:00:00,Consensys,119520,3735
2025-10-06 00:00:00,Consensys,98816,3088
2022-07-11 00:00:00,Bitstamp,54720,1710
2022-11-07 00:00:00,Bitstamp,66432,2076
2026-05-18 00:00:00,Bitstamp,213280.17967872,6665.00561496
2023-11-20 00:00:00,Unidentified,4990456.154830018,155951.75483843806
2023-02-13 00:00:00,Kraken,1235744,38617
2025-11-24 00:00:00,Kraken,1418818.111468648,44338.06598339525
2024-02-19 00:00:00,Coinbase,4531841.387339817,141620.0433543693
2025-06-23 00:00:00,Coinbase,2606946.529188424,81467.07903713825
2022-03-14 00:00:00,ether.fi,0,0
2026-07-06 00:00:00,ether.fi,1709440.512025645,53420.016000801406
2021-02-15 00:00:00,Rocket Pool,0,0
2021-04-12 00:00:00,Rocket Pool,0,0
2023-11-20 00:00:00,Rocket Pool,822479.0961930698,25702.471756033432
2025-12-29 00:00:00,Rocket Pool,566871.4164302677,17714.731763445867
2021-08-09 00:00:00,StakeWise,8384,262
2021-11-08 00:00:00,StakeWise,11648,364
2024-05-27 00:00:00,Binance,1073504.4235978678,33547.01323743337
2022-09-12 00:00:00,Liquid Collective,0,0
2026-02-23 00:00:00,Revolut,88672,2771
2021-03-29 00:00:00,Upbit,0,0
2022-10-10 00:00:00,Upbit,58240,1820
2023-10-30 00:00:00,Upbit,301056,9408
2022-01-17 00:00:00,stakefish,276192,8631
2022-03-21 00:00:00,stakefish,276896,8653
2024-04-01 00:00:00,stakefish,460416.427226682,14388.013350833813
2023-02-06 00:00:00,Everstake,6400,200
2023-04-17 00:00:00,Everstake,6400,200
2024-12-09 00:00:00,Everstake,594432,18576
2023-09-25 00:00:00,Octant,100000,3125
2024-03-04 00:00:00,Octant,100352,3136
2025-05-05 00:00:00,Octant,100352,3136
2025-08-18 00:00:00,Octant,100352,3136
2021-11-01 00:00:00,P2P.org,0,0
2023-12-11 00:00:00,P2P.org,206528,6454
2024-02-12 00:00:00,P2P.org,275776,8618
2021-01-18 00:00:00,Gate.io,32000,1000
2026-08-17 00:00:00,CoinSpot,137664,4302
2024-09-02 00:00:00,OKX,428065.12227662595,13377.03507114456
2025-07-28 00:00:00,OKX,642945.122276626,20092.03507114456
2021-03-01 00:00:00,Figment,0,0
2024-09-30 00:00:00,Figment,844064.015196235,26377.000474882345
2024-01-01 00:00:00,Kelp DAO,0,0
2025-11-03 00:00:00,Kelp DAO,125472.50012302701,3921.015628844594
2026-05-25 00:00:00,Kelp DAO,144320.500123027,4510.015628844594
2021-07-12 00:00:00,Others,505088,15784
2022-02-07 00:00:00,Others,681056,21283
2024-11-18 00:00:00,Others,1330771.244564054,41586.60139262669
2025-05-05 00:00:00,Blockdaemon,577504.193365339,18047.006042666842
2026-04-13 00:00:00,Blockdaemon,1097632.36877426,34301.01152419562
2021-04-26 00:00:00,Stader,0,0
2023-02-06 00:00:00,Stader,0,0
2021-03-01 00:00:00,Bitcoin Suisse,139616,4363
2021-06-14 00:00:00,Bitcoin Suisse,174912,5466
2022-06-20 00:00:00,Bitcoin Suisse,288096,9003
2025-02-10 00:00:00,Bitcoin Suisse,517367.85229145305,16167.745384107908
2026-06-22 00:00:00,Bitcoin Suisse,424439.85229145305,13263.745384107908
2020-11-02 00:00:00,Mantle,0,0
2021-05-31 00:00:00,Mantle,0,0
2022-08-01 00:00:00,Mantle,0,0
2024-02-19 00:00:00,Mantle,523136,16348
2024-05-20 00:00:00,Mantle,473440,14795
2023-03-13 00:00:00,DARMA Capital,326112,10191
2025-04-07 00:00:00,DARMA Capital,239424,7482
2021-12-27 00:00:00,imToken,16320,510
2026-06-22 00:00:00,imToken,56160,1755
2023-12-18 00:00:00,Solo Stakers,406887.253944914,12715.226685778562
2025-12-29 00:00:00,Solo Stakers,141472.0811139711,4421.002534811597
2021-11-01 00:00:00,Kiln,0,0
2023-01-16 00:00:00,Kiln,41408,1294
2023-08-14 00:00:00,Kiln,665952,20811
2023-08-21 00:00:00,Kiln,671072,20971
2022-07-25 00:00:00,Consensys,0,0
2022-12-26 00:00:00,Consensys,0,0
2023-05-22 00:00:00,Consensys,0,0
2026-03-30 00:00:00,Bitstamp,210976.17967872,6593.00561496
2026-05-25 00:00:00,Bitstamp,213504.17967872,6672.00561496
2026-09-14 00:00:00,Bitstamp,216768.17967872,6774.00561496
2024-11-25 00:00:00,Unidentified,6939256.281894833,216851.75880921353
2024-12-09 00:00:00,Unidentified,6989480.868481346,218421.27714004208
2025-06-30 00:00:00,Unidentified,7309705.841777293,228428.3075555404
2026-07-20 00:00:00,Unidentified,16532582.312022049,516643.19725068903
2020-12-07 00:00:00,Kraken,160992,5031
2021-03-08 00:00:00,Coinbase,128,4
2021-07-12 00:00:00,ether.fi,0,0
2024-06-24 00:00:00,ether.fi,1690656.00734596,52833.00022956125
2024-11-11 00:00:00,Rocket Pool,716467.3318726888,22389.604121021526
2025-03-03 00:00:00,Rocket Pool,685790.3354564658,21430.947983014557
2025-07-28 00:00:00,Rocket Pool,659659.5135904328,20614.359799701026
2021-05-17 00:00:00,StakeWise,4448,139
2025-05-19 00:00:00,StakeWise,360096.00400803797,11253.000125251187
2024-03-25 00:00:00,Binance,1209120.4235978678,37785.01323743337
2021-11-15 00:00:00,Liquid Collective,0,0
2022-02-07 00:00:00,Liquid Collective,0,0
2025-12-22 00:00:00,Liquid Collective,289408.131566551,9044.004111454718
2021-01-25 00:00:00,Revolut,0,0
2021-10-18 00:00:00,Revolut,0,0
2023-06-12 00:00:00,Revolut,27296,853
2022-12-12 00:00:00,stakefish,280832,8776
2022-08-15 00:00:00,Everstake,6400,200
2022-12-19 00:00:00,Octant,0,0
2023-06-19 00:00:00,Octant,2048,64
2023-08-21 00:00:00,Octant,100000,3125
2023-11-20 00:00:00,P2P.org,204864,6402
2024-08-19 00:00:00,P2P.org,428384.152447009,13387.004763969031
2025-01-27 00:00:00,P2P.org,431296.152447009,13478.004763969031
2026-07-27 00:00:00,Lido,9395393.125026425,293606.0351570758
2021-07-26 00:00:00,CoinSpot,0,0
2022-01-31 00:00:00,CoinSpot,0,0
2022-02-07 00:00:00,CoinSpot,0,0
2023-04-10 00:00:00,CoinSpot,127904,3997
2023-05-15 00:00:00,OKX,298209,9319.03125
2023-12-11 00:00:00,Figment,1266208,39569
2024-02-19 00:00:00,Figment,926304,28947
2024-06-03 00:00:00,Figment,837120.015196235,26160.000474882345
2022-01-24 00:00:00,Kelp DAO,0,0
2021-09-13 00:00:00,Others,518240,16195
2022-04-11 00:00:00,Others,739040,23095
2024-06-24 00:00:00,Blockdaemon,300768.154437567,9399.004826173968
2021-12-13 00:00:00,Stader,0,0
2023-08-28 00:00:00,Stader,17141,535.65625
2025-03-03 00:00:00,Stader,140435.505125107,4388.609535159594
2025-11-10 00:00:00,Stader,160228.66793384202,5007.145872932563
2023-07-03 00:00:00,Bitcoin Suisse,510976,15968
2022-11-21 00:00:00,Mantle,0,0
2026-03-09 00:00:00,Mantle,224384,7012
2026-06-22 00:00:00,Mantle,164512,5141
2021-02-01 00:00:00,DARMA Capital,0,0
2022-12-26 00:00:00,DARMA Capital,326112,10191
2023-07-24 00:00:00,DARMA Capital,326112,10191
2025-03-24 00:00:00,DARMA Capital,239424,7482
2025-03-31 00:00:00,DARMA Capital,239424,7482
2023-04-24 00:00:00,imToken,40960,1280
2023-06-26 00:00:00,Solo Stakers,410340.20159028197,12823.131299696312
2022-08-08 00:00:00,Kiln,800,25
2021-08-02 00:00:00,Consensys,0,0
2023-11-13 00:00:00,Consensys,0,0
2024-07-15 00:00:00,Consensys,97088,3034
2024-11-25 00:00:00,Bitstamp,190880,5965
2026-03-23 00:00:00,Bitstamp,210944.17967872,6592.00561496
2022-10-31 00:00:00,Unidentified,2574357,80448.65625
2022-11-14 00:00:00,Kraken,1195808,37369
2025-03-24 00:00:00,Kraken,1102752.891955139,34461.0278735981
2023-09-25 00:00:00,Coinbase,4205376.766189691,131418.02394342783
2025-07-14 00:00:00,Coinbase,2532898.529188424,79153.07903713825
2022-05-16 00:00:00,ether.fi,0,0
2023-09-11 00:00:00,ether.fi,14368.00381196,449.00011912375
2023-12-18 00:00:00,Rocket Pool,841322.2477960689,26291.320243627153
2021-03-15 00:00:00,StakeWise,1792,56
2023-07-31 00:00:00,StakeWise,8672,271
2026-04-06 00:00:00,StakeWise,364597.631351612,11393.675979737875
2021-04-12 00:00:00,Binance,650304,20322
2022-06-06 00:00:00,Binance,984192,30756
2022-10-31 00:00:00,Binance,1081088,33784
2023-05-29 00:00:00,Binance,1322912.17906345,41341.005595732815
2022-06-27 00:00:00,Revolut,0,0
2025-12-22 00:00:00,Revolut,65600,2050
2024-04-29 00:00:00,Upbit,389664,12177
2022-02-21 00:00:00,stakefish,276320,8635
2025-07-28 00:00:00,Octant,100352,3136
2026-05-25 00:00:00,P2P.org,338142.68617649097,10566.958943015343
2023-07-31 00:00:00,Gate.io,36544.131129146,1142.0040977858125
2025-03-10 00:00:00,Gate.io,53824.131129146,1682.0040977858125
2021-04-12 00:00:00,Lido,224416,7013
2025-06-30 00:00:00,Lido,9089500.909448335,284046.90342026047
2025-07-07 00:00:00,Lido,9122364.909448335,285073.90342026047
2024-05-20 00:00:00,OKX,352193.12227662595,11006.03507114456
2024-12-23 00:00:00,OKX,449761.12227662595,14055.03507114456
2021-07-26 00:00:00,Figment,0,0
2020-12-14 00:00:00,Kelp DAO,0,0
2021-05-10 00:00:00,Kelp DAO,0,0
2023-01-23 00:00:00,Kelp DAO,0,0
2024-03-04 00:00:00,Kelp DAO,32128,1004
2025-01-13 00:00:00,Kelp DAO,125536.01164440799,3923.0003638877497
2021-04-12 00:00:00,Others,470720,14710
2025-05-12 00:00:00,Others,900661.5863083251,28145.674572135158
2023-02-06 00:00:00,Blockdaemon,64,2
2025-12-29 00:00:00,Stader,153347.66793384202,4792.114622932563
2021-05-03 00:00:00,Bitcoin Suisse,155328,4854
2026-01-05 00:00:00,Mantle,186080,5815
2026-03-02 00:00:00,Mantle,224384,7012
2022-05-30 00:00:00,DARMA Capital,324544,10142
2026-04-06 00:00:00,imToken,56832,1776
2023-05-01 00:00:00,Solo Stakers,401252.157894029,12539.129934188406
2026-04-06 00:00:00,Solo Stakers,137199.6073611451,4287.487730035785
2023-03-13 00:00:00,Kiln,71328,2229
2024-05-13 00:00:00,Consensys,93280,2915
2021-01-04 00:00:00,Bitstamp,0,0
2025-08-18 00:00:00,Bitstamp,210752.168374685,6586.005261708906
2026-07-13 00:00:00,Bitstamp,216416.17967872,6763.00561496
2022-07-25 00:00:00,Unidentified,2164627,67644.59375
2024-05-13 00:00:00,Unidentified,5660260.459738058,176883.1393668143
2022-06-06 00:00:00,Kraken,1105312,34541
2022-05-30 00:00:00,Coinbase,1872576,58518
2023-03-27 00:00:00,Coinbase,2707296,84603
2023-05-22 00:00:00,Coinbase,3420992.3452344444,106906.01078857639
2025-11-24 00:00:00,ether.fi,2067833.317778566,64619.791180580185
2022-11-28 00:00:00,Rocket Pool,316400,9887.5
2025-02-10 00:00:00,Rocket Pool,685126.2438163408,21410.19511926065
2025-06-23 00:00:00,StakeWise,376544.01485448994,11767.00046420281
2021-02-08 00:00:00,Binance,490304,15322
2021-05-31 00:00:00,Binance,714304,22322
2024-12-16 00:00:00,Binance,1983296.4235978678,61978.01323743337
2026-08-10 00:00:00,Binance,3273296.5594873927,102290.51748398102
2026-08-31 00:00:00,Binance,3273296.5594873927,102290.51748398102
2021-11-01 00:00:00,Liquid Collective,0,0
2024-01-15 00:00:00,Liquid Collective,35520,1110
2024-06-17 00:00:00,Liquid Collective,87648,2739
2026-01-05 00:00:00,Liquid Collective,282272.131566551,8821.004111454718
2021-03-15 00:00:00,Revolut,0,0
2021-10-25 00:00:00,Revolut,0,0
2023-09-18 00:00:00,Revolut,37568,1174
2026-07-27 00:00:00,Revolut,119488,3734
2026-04-20 00:00:00,Upbit,579936,18123
2022-08-15 00:00:00,stakefish,278944,8717
2023-06-05 00:00:00,stakefish,288224,9007
2025-10-06 00:00:00,stakefish,359970.77941778,11249.086856805625
2021-10-18 00:00:00,Everstake,6400,200
2023-04-10 00:00:00,Everstake,6400,200
2024-10-28 00:00:00,Everstake,570400,17825
2025-07-14 00:00:00,Everstake,655680,20490
2023-10-09 00:00:00,Octant,100000,3125
2023-05-15 00:00:00,P2P.org,128064,4002
2022-05-23 00:00:00,Gate.io,32000,1000
2023-04-03 00:00:00,Gate.io,32000,1000
2025-12-22 00:00:00,Gate.io,54816.131129146,1713.0040977858125
2025-05-12 00:00:00,Lido,9117564.841869934,284923.9013084354
2022-07-11 00:00:00,CoinSpot,98336,3073
2025-08-25 00:00:00,CoinSpot,137664,4302
2026-01-19 00:00:00,OKX,465021.12227662595,14531.91007114456
2024-02-26 00:00:00,Figment,944352,29511
2024-07-29 00:00:00,Figment,833280.015196235,26040.000474882345
2025-02-03 00:00:00,Figment,918176.015196235,28693.000474882345
2023-05-29 00:00:00,Kelp DAO,0,0
2026-05-18 00:00:00,Kelp DAO,144320.500123027,4510.015628844594
2020-12-14 00:00:00,Others,206464,6452
2022-09-26 00:00:00,Others,831232,25976
2021-05-24 00:00:00,Blockdaemon,0,0
2023-01-23 00:00:00,Bitcoin Suisse,399008,12469
2020-12-21 00:00:00,Mantle,0,0
2020-12-28 00:00:00,Mantle,0,0
2025-10-06 00:00:00,Mantle,247872,7746
2023-02-27 00:00:00,DARMA Capital,326112,10191
2024-03-18 00:00:00,DARMA Capital,326112,10191
2025-11-03 00:00:00,DARMA Capital,239424,7482
2024-04-08 00:00:00,imToken,60384,1887
2025-01-06 00:00:00,imToken,71840,2245
2026-09-14 00:00:00,imToken,55392,1731
2023-09-04 00:00:00,Solo Stakers,411013.734522709,12844.179203834656
2025-02-10 00:00:00,Solo Stakers,177726.657143115,5553.958035722344
2022-01-24 00:00:00,Kiln,96,3
2021-08-23 00:00:00,Bitstamp,28960,905
2023-07-10 00:00:00,Bitstamp,84544,2642
2026-04-20 00:00:00,Bitstamp,211392.17967872,6606.00561496
2021-12-27 00:00:00,Kraken,948448,29639
2022-05-30 00:00:00,Kraken,1098880,34340
2023-01-09 00:00:00,Kraken,1211968,37874
2023-02-27 00:00:00,Kraken,1237760,38680
2023-10-02 00:00:00,Kraken,862144.567514801,26942.017734837533
2022-09-12 00:00:00,Unidentified,2323173,72599.15625
2022-11-07 00:00:00,Unidentified,2624565,82017.65625
2022-12-26 00:00:00,Unidentified,2839093,88721.65625
2021-11-15 00:00:00,ether.fi,0,0
2024-04-22 00:00:00,ether.fi,1182912.00734596,36966.00022956125
2025-04-21 00:00:00,ether.fi,1912356.136376777,59761.12926177428
2022-04-04 00:00:00,Rocket Pool,161728,5054
2023-07-03 00:00:00,Rocket Pool,755155.8982623519,23598.621820698496
2021-09-06 00:00:00,StakeWise,10176,318
2021-03-22 00:00:00,Liquid Collective,0,0
2022-04-11 00:00:00,Liquid Collective,0,0
2022-11-07 00:00:00,Liquid Collective,0,0
2023-11-27 00:00:00,Liquid Collective,35552,1111
2024-09-23 00:00:00,Liquid Collective,89888,2809
2025-03-17 00:00:00,Liquid Collective,107296,3353
2023-07-17 00:00:00,Revolut,31712,991
2023-08-21 00:00:00,Revolut,34528,1079
2024-10-07 00:00:00,Revolut,53824,1682
2025-02-24 00:00:00,Upbit,426976,13343
2021-10-18 00:00:00,Gate.io,32000,1000
2023-11-20 00:00:00,Lido,9201626.95316931,287550.84228654095
2025-12-08 00:00:00,Lido,8760284.998295015,273758.9061967192
2023-11-13 00:00:00,CoinSpot,137664,4302
2022-02-21 00:00:00,Figment,32672,1021
2022-04-25 00:00:00,Figment,190368,5949
2023-11-06 00:00:00,Figment,1361376,42543
2024-08-05 00:00:00,Figment,834656.015196235,26083.000474882345
2025-03-24 00:00:00,Figment,943008.015196235,29469.000474882345
2025-12-08 00:00:00,Kelp DAO,147712.500123027,4616.015628844594
2023-04-10 00:00:00,Others,994400.4470280791,31075.01396962747
2025-04-21 00:00:00,Others,963496.586308325,30109.268322135154
2020-12-21 00:00:00,Blockdaemon,0,0
2022-04-18 00:00:00,Blockdaemon,0,0
2022-06-20 00:00:00,Blockdaemon,0,0
2024-02-05 00:00:00,Blockdaemon,263808.154437567,8244.004826173968
2021-11-15 00:00:00,Stader,0,0
2024-12-16 00:00:00,Stader,137275.505125107,4289.859535159594
2025-07-28 00:00:00,Stader,161221.66793384202,5038.177122932563
2022-10-31 00:00:00,Mantle,0,0
2023-07-31 00:00:00,Mantle,0,0
2024-05-06 00:00:00,Bitcoin Suisse,560343.852291453,17510.745384107908
2025-09-01 00:00:00,Bitcoin Suisse,452407.85229145305,14137.745384107908
2026-04-13 00:00:00,Bitcoin Suisse,424119.85229145305,13253.745384107908
2023-07-31 00:00:00,DARMA Capital,326112,10191
2023-09-18 00:00:00,DARMA Capital,326112,10191
2024-04-01 00:00:00,DARMA Capital,326112,10191
2025-08-25 00:00:00,DARMA Capital,239424,7482
2026-06-29 00:00:00,DARMA Capital,174528,5454
2022-06-27 00:00:00,imToken,30720,960
2022-03-28 00:00:00,Solo Stakers,301120,9410
2021-11-15 00:00:00,Consensys,0,0
2022-08-15 00:00:00,Consensys,0,0
2023-05-15 00:00:00,Consensys,0,0
2025-03-03 00:00:00,Kiln,1356160,42380
2026-01-19 00:00:00,Kiln,645405.9776694281,20168.93680216963
2024-07-29 00:00:00,Binance,1192544.4235978678,37267.01323743337
2021-10-11 00:00:00,Kraken,887552,27736
2023-12-25 00:00:00,Kraken,857312.8919551391,26791.027873598097
2020-11-09 00:00:00,Unidentified,52928,1654
2021-09-13 00:00:00,Unidentified,1789536,55923
2022-12-05 00:00:00,Unidentified,2766165,86442.65625
2023-09-04 00:00:00,Unidentified,4640807.144087828,145025.22325274462
2025-02-24 00:00:00,Liquid Collective,109376,3418
2023-04-24 00:00:00,ether.fi,0,0
2025-05-19 00:00:00,ether.fi,2092966.136376777,65405.19176177428
2026-04-20 00:00:00,ether.fi,2272070.317778566,71002.19743058019
2025-10-20 00:00:00,Rocket Pool,620010.6560064128,19375.3330002004
2021-02-22 00:00:00,Revolut,0,0
2021-08-02 00:00:00,Revolut,0,0
2024-09-16 00:00:00,Revolut,53376,1668
2022-01-10 00:00:00,Everstake,6400,200
2026-03-02 00:00:00,Everstake,722112,22566
2022-02-28 00:00:00,stakefish,276800,8650
2022-05-02 00:00:00,Octant,0,0
2021-01-04 00:00:00,P2P.org,0,0
2023-03-20 00:00:00,P2P.org,2688,84
2023-10-30 00:00:00,P2P.org,195392,6106
2025-04-28 00:00:00,P2P.org,378784.486176491,11837.015193015344
2022-06-27 00:00:00,Gate.io,32000,1000
2022-12-05 00:00:00,Gate.io,32000,1000
2023-05-15 00:00:00,Gate.io,3264.1311291460006,102.00409778581252
2024-02-12 00:00:00,Gate.io,41536.131129146,1298.0040977858125
2020-11-09 00:00:00,Lido,0,0
2023-05-01 00:00:00,Lido,6091520,190360
2026-08-03 00:00:00,Lido,9451201.125690438,295350.0351778262
2022-11-28 00:00:00,CoinSpot,127904,3997
2023-03-20 00:00:00,CoinSpot,127904,3997
2023-08-28 00:00:00,CoinSpot,137664,4302
2022-09-05 00:00:00,OKX,55649,1739.03125
2025-08-18 00:00:00,OKX,643010.122276626,20094.06632114456
2025-10-20 00:00:00,OKX,572408.122276626,17887.75382114456
2023-04-24 00:00:00,Figment,505536,15798
2026-04-20 00:00:00,Figment,1467808.015196235,45869.00047488234
2025-05-05 00:00:00,Others,950873.586308325,29714.799572135154
2026-08-31 00:00:00,Others,408784.0724875339,12774.502265235435
2023-06-12 00:00:00,Mantle,0,0
2025-08-11 00:00:00,Mantle,301376,9418
2025-10-13 00:00:00,Mantle,247872,7746
2022-01-24 00:00:00,Bitcoin Suisse,252288,7884
2024-04-22 00:00:00,Bitcoin Suisse,559703.852291453,17490.745384107908
2021-10-11 00:00:00,DARMA Capital,324544,10142
2026-05-11 00:00:00,DARMA Capital,174528,5454
2026-05-25 00:00:00,DARMA Capital,174528,5454
2022-03-07 00:00:00,imToken,17152,536
2024-04-15 00:00:00,imToken,60768,1899
2025-06-23 00:00:00,imToken,70272,2196
2026-06-01 00:00:00,Solo Stakers,135290.21336572312,4227.819167678847
2020-11-09 00:00:00,Consensys,0,0
2021-09-27 00:00:00,Consensys,0,0
2024-06-03 00:00:00,Consensys,93184,2912
2026-08-17 00:00:00,Consensys,101824,3182
2022-01-31 00:00:00,Kiln,96,3
2023-07-31 00:00:00,Kiln,630272,19696
2023-09-25 00:00:00,Binance,1300064.326563393,40627.01020510603
2021-06-21 00:00:00,Kraken,760416,23763
2023-11-06 00:00:00,Kraken,989568.567514801,30924.017734837533
2023-01-23 00:00:00,Unidentified,2965173,92661.65625
2025-11-17 00:00:00,Unidentified,9626361.225995846,300823.7883123702
2023-03-20 00:00:00,Liquid Collective,2240,70
2023-08-28 00:00:00,Liquid Collective,17248,539
2022-02-14 00:00:00,ether.fi,0,0
2022-04-04 00:00:00,ether.fi,0,0
2026-04-06 00:00:00,ether.fi,2312806.317778566,72275.19743058019
2023-11-13 00:00:00,Rocket Pool,812023.9934632138,25375.74979572543
2023-11-27 00:00:00,Rocket Pool,819259.1037530449,25601.84699228265
2026-02-09 00:00:00,Rocket Pool,515453.2991980147,16107.91559993796
2021-05-24 00:00:00,StakeWise,4672,146
2023-08-28 00:00:00,Revolut,35296,1103
2022-11-07 00:00:00,Upbit,63200,1975
2022-06-20 00:00:00,Everstake,6400,200
2025-03-31 00:00:00,stakefish,428480.77941778,13390.024356805625
2021-06-14 00:00:00,Octant,0,0
2024-07-15 00:00:00,Octant,100352,3136
2021-06-14 00:00:00,P2P.org,0,0
2022-03-14 00:00:00,P2P.org,0,0
2025-02-10 00:00:00,P2P.org,419264.152447009,13102.004763969031
2025-02-24 00:00:00,P2P.org,376128.486176491,11754.015193015344
2023-03-13 00:00:00,Gate.io,32000,1000
2026-04-27 00:00:00,Lido,9062015.985944787,283187.9995607746
2020-11-02 00:00:00,CoinSpot,0,0
2024-09-02 00:00:00,CoinSpot,137664,4302
2025-03-10 00:00:00,OKX,492993.12227662595,15406.03507114456
2022-08-08 00:00:00,Figment,191616,5988
2023-01-02 00:00:00,Figment,410624,12832
2021-05-31 00:00:00,Kelp DAO,0,0
2024-07-15 00:00:00,Kelp DAO,160640,5020
2026-06-08 00:00:00,Kelp DAO,143328.500123027,4479.015628844594
2023-10-23 00:00:00,Others,1175022.788395777,36719.462137368035
2025-12-29 00:00:00,Blockdaemon,987648.3687742599,30864.011524195623
2023-04-10 00:00:00,Mantle,0,0
2025-10-20 00:00:00,Bitcoin Suisse,450327.85229145305,14072.745384107908
2025-11-17 00:00:00,imToken,74080,2315
2021-06-28 00:00:00,Solo Stakers,216640,6770
2021-12-06 00:00:00,Solo Stakers,272256,8508
2022-08-29 00:00:00,Consensys,0,0
2024-09-09 00:00:00,Consensys,101792,3181
2026-06-29 00:00:00,Consensys,101792,3181
2023-05-01 00:00:00,Bitstamp,93344,2917
2023-10-09 00:00:00,Bitstamp,70016,2188
2025-04-07 00:00:00,Bitstamp,208800.168374685,6525.005261708906
2026-01-05 00:00:00,Bitstamp,190208.17967872,5944.00561496
2026-02-23 00:00:00,Bitstamp,210688.17967872,6584.00561496
2024-06-03 00:00:00,Kiln,1116704,34897
2025-01-13 00:00:00,Kiln,1252192,39131
2025-08-11 00:00:00,Kiln,1657320.646447251,51791.2702014766
2024-10-21 00:00:00,Coinbase,3909026.259665963,122157.07061456134
2020-11-30 00:00:00,Binance,0,0
2021-06-28 00:00:00,Binance,714304,22322
2023-10-30 00:00:00,Binance,1372064.326563393,42877.01020510603
2023-10-23 00:00:00,Kraken,893472.567514801,27921.017734837533
2024-09-23 00:00:00,Kraken,890336.8919551391,27823.027873598097
2026-04-27 00:00:00,Kraken,1631270.896768076,50977.21552400238
2023-10-09 00:00:00,Unidentified,4812087.58372561,150377.7369914253
2024-07-22 00:00:00,Unidentified,6104194.835770201,190756.08861781878
2024-09-09 00:00:00,Unidentified,6471111.344063694,202222.22950199043
2022-06-20 00:00:00,Liquid Collective,0,0
2022-07-04 00:00:00,Rocket Pool,198400,6200
2022-08-01 00:00:00,StakeWise,12192,381
2022-10-03 00:00:00,StakeWise,12192,381
2023-02-27 00:00:00,StakeWise,12192,381
2023-08-21 00:00:00,StakeWise,8608,269
2022-01-10 00:00:00,Revolut,0,0
2023-02-27 00:00:00,Upbit,93536,2923
2025-07-21 00:00:00,Everstake,655680,20490
2026-01-12 00:00:00,Everstake,705664,22052
2021-09-20 00:00:00,Octant,0,0
2023-12-18 00:00:00,Octant,100000,3125
2024-04-08 00:00:00,P2P.org,387168,12099
2024-01-29 00:00:00,Gate.io,41536.131129146,1298.0040977858125
2025-02-17 00:00:00,Gate.io,53824.131129146,1682.0040977858125
2021-09-27 00:00:00,Lido,1289056,40283
2021-03-22 00:00:00,OKX,26977,843.03125
2024-01-01 00:00:00,OKX,576609,18019.03125
2020-12-21 00:00:00,Kelp DAO,0,0
2022-06-06 00:00:00,Kelp DAO,0,0
2022-08-08 00:00:00,Kelp DAO,0,0
2021-04-12 00:00:00,Blockdaemon,0,0
2025-09-22 00:00:00,Blockdaemon,740288.193365339,23134.006042666842
2024-10-14 00:00:00,Stader,128801.50512510703,4025.0470351595945
2025-08-25 00:00:00,Mantle,293696,9178
2026-05-25 00:00:00,Mantle,164512,5141
2022-03-28 00:00:00,Bitcoin Suisse,256352,8011
2024-09-23 00:00:00,DARMA Capital,326112,10191
2026-08-31 00:00:00,DARMA Capital,174528,5454
2024-06-03 00:00:00,imToken,65856,2058
2025-04-21 00:00:00,imToken,71776,2243
2022-02-07 00:00:00,Solo Stakers,290592,9081
2022-06-13 00:00:00,Consensys,0,0
2026-05-11 00:00:00,Consensys,100384,3137
2020-11-09 00:00:00,Bitstamp,0,0
2021-04-19 00:00:00,Bitstamp,608,19
2021-06-07 00:00:00,Bitstamp,7104,222
2022-05-09 00:00:00,Kiln,96,3
2021-05-17 00:00:00,Coinbase,458720,14335
2021-12-27 00:00:00,Coinbase,1553088,48534
2022-08-08 00:00:00,Coinbase,2029216,63413
2026-03-30 00:00:00,Binance,3331728.4235978676,104116.51323743336
2026-08-24 00:00:00,Binance,3273296.5594873927,102290.51748398102
2025-06-23 00:00:00,Kraken,1273825.5760555342,39807.04925173544
2026-01-19 00:00:00,Kraken,1511810.111468648,47244.06598339525
2024-04-01 00:00:00,Unidentified,5496088.233835036,171752.75730734487
2024-12-30 00:00:00,Unidentified,7039046.761561641,219970.21129880127
2024-11-18 00:00:00,Liquid Collective,109792,3431
2025-09-22 00:00:00,Liquid Collective,363264.131566551,11352.004111454718
2021-10-25 00:00:00,ether.fi,0,0
2024-06-17 00:00:00,ether.fi,1655836.00734596,51744.87522956125
2025-09-08 00:00:00,ether.fi,2169369.317778566,67792.79118058019
2021-02-01 00:00:00,StakeWise,256,8
2021-03-22 00:00:00,Upbit,0,0
2024-06-24 00:00:00,Upbit,412416,12888
2024-10-14 00:00:00,Upbit,462688,14459
2022-08-22 00:00:00,Everstake,6400,200
2023-10-16 00:00:00,Everstake,6880,215
2025-06-02 00:00:00,Everstake,644128,20129
2021-05-31 00:00:00,Octant,0,0
2021-09-06 00:00:00,Octant,0,0
2024-02-05 00:00:00,P2P.org,236512,7391
2026-01-12 00:00:00,P2P.org,333848.68617649097,10432.771443015343
2026-03-02 00:00:00,P2P.org,331425.68617649097,10357.052693015343
2020-11-09 00:00:00,Gate.io,0,0
2021-09-13 00:00:00,Gate.io,32000,1000
2025-06-09 00:00:00,Gate.io,53824.131129146,1682.0040977858125
2023-10-23 00:00:00,Lido,8789029.762196284,274657.18006863387
2025-04-21 00:00:00,Lido,9235836.833996845,288619.9010624014
2021-05-31 00:00:00,CoinSpot,0,0
2021-11-08 00:00:00,CoinSpot,0,0
2023-10-02 00:00:00,Figment,1301824,40682
2025-03-31 00:00:00,Figment,950656.015196235,29708.000474882345
2024-10-21 00:00:00,Kelp DAO,147840,4620
2025-09-22 00:00:00,Kelp DAO,156864.500123027,4902.015628844594
2021-06-21 00:00:00,Others,502080,15690
2022-08-29 00:00:00,Others,827594,25862.3125
2023-02-06 00:00:00,Others,984384,30762
2023-11-06 00:00:00,Others,1205582.788395777,37674.462137368035
2025-07-21 00:00:00,Blockdaemon,627424.193365339,19607.006042666842
2021-02-01 00:00:00,Stader,0,0
2024-10-28 00:00:00,Stader,130177.50512510701,4068.047035159594
2025-06-09 00:00:00,Stader,154787.66793384202,4837.114622932563
2022-05-23 00:00:00,Mantle,0,0
2021-08-30 00:00:00,Bitcoin Suisse,209824,6557
2023-07-17 00:00:00,DARMA Capital,326112,10191
2025-06-23 00:00:00,DARMA Capital,239424,7482
2025-12-01 00:00:00,DARMA Capital,239424,7482
2022-08-29 00:00:00,imToken,33280,1040
2023-03-27 00:00:00,imToken,40160,1255
2026-08-31 00:00:00,imToken,55552,1736
2026-05-18 00:00:00,Solo Stakers,136120.2077558141,4253.756492369191
2023-05-15 00:00:00,Bitstamp,93408,2919
2022-03-21 00:00:00,Kiln,96,3
2022-07-25 00:00:00,Coinbase,1960192,61256
2023-08-14 00:00:00,Coinbase,3959104.616518135,123722.01926619172
2024-03-04 00:00:00,Binance,1239360.41025217,38730.01282038031
2021-08-09 00:00:00,Kraken,819808,25619
2022-10-17 00:00:00,Kraken,1180992,36906
2023-07-17 00:00:00,Kraken,833568.567514801,26049.017734837533
2022-08-15 00:00:00,Unidentified,2185363,68292.59375
2021-06-14 00:00:00,Liquid Collective,0,0
2023-05-08 00:00:00,Revolut,24352,761
2023-04-17 00:00:00,Rocket Pool,489161.892649136,15286.3091452855
2024-12-02 00:00:00,Rocket Pool,705801.8053769289,22056.306418029028
2025-02-03 00:00:00,Rocket Pool,696059.2438163408,21751.85136926065
2021-03-22 00:00:00,StakeWise,2080,65
2026-02-09 00:00:00,StakeWise,369051.96930704,11532.874040845
2025-03-24 00:00:00,Upbit,470752,14711
2025-04-07 00:00:00,Upbit,496448,15514
2021-12-27 00:00:00,stakefish,275552,8611
2023-06-26 00:00:00,Octant,2048,64
2025-11-10 00:00:00,Octant,100352,3136
2022-01-10 00:00:00,P2P.org,0,0
2022-06-20 00:00:00,P2P.org,0,0
2020-12-28 00:00:00,Gate.io,32000,1000
2021-04-19 00:00:00,Gate.io,32000,1000
2025-04-21 00:00:00,Gate.io,53824.131129146,1682.0040977858125
2026-01-05 00:00:00,Gate.io,54816.131129146,1713.0040977858125
2026-08-03 00:00:00,Gate.io,54816.131129146,1713.0040977858125
2025-02-17 00:00:00,Lido,9410684.831556538,294083.9009861418
2025-06-23 00:00:00,Lido,9091964.841869934,284123.9013084354
2023-06-26 00:00:00,CoinSpot,127872,3996
2024-03-04 00:00:00,OKX,422689.12227662595,13209.03507114456
2026-01-26 00:00:00,OKX,469737.12227662595,14679.28507114456
2021-07-19 00:00:00,Figment,0,0
2023-03-06 00:00:00,Figment,446112,13941
2021-12-27 00:00:00,Kelp DAO,0,0
2022-06-20 00:00:00,Kelp DAO,0,0
2023-08-28 00:00:00,Kelp DAO,0,0
2025-11-10 00:00:00,Kelp DAO,125472.50012302701,3921.015628844594
2025-12-01 00:00:00,Others,786762.0249429111,24586.313279465972
2026-02-02 00:00:00,Others,724564.072487534,22642.62726523544
2024-07-15 00:00:00,Blockdaemon,298144.154437567,9317.004826173968
2020-12-14 00:00:00,Stader,0,0
2022-09-12 00:00:00,Mantle,0,0
2024-10-07 00:00:00,Mantle,489568,15299
2026-03-23 00:00:00,Mantle,224384,7012
2026-04-06 00:00:00,Mantle,224384,7012
2023-08-07 00:00:00,Bitcoin Suisse,519744,16242
2025-07-14 00:00:00,Bitcoin Suisse,465111.85229145305,14534.745384107908
2026-03-30 00:00:00,Bitcoin Suisse,429367.85229145305,13417.745384107908
2026-07-20 00:00:00,Bitcoin Suisse,424279.85229145305,13258.745384107908
2021-11-29 00:00:00,DARMA Capital,324544,10142
2022-01-03 00:00:00,imToken,16352,511
2022-06-13 00:00:00,imToken,30624,957
2025-06-30 00:00:00,Solo Stakers,160352.997722269,5011.0311788209065
2023-07-03 00:00:00,Consensys,0,0
2025-04-21 00:00:00,Consensys,120064,3752
2026-01-05 00:00:00,Consensys,104288,3259
2021-11-15 00:00:00,Bitstamp,38688,1209
2023-01-23 00:00:00,Bitstamp,68160,2130
2024-01-29 00:00:00,Bitstamp,169792,5306
2026-06-15 00:00:00,Bitstamp,215776.17967872,6743.00561496
2024-08-05 00:00:00,Kiln,1165472,36421
2021-12-06 00:00:00,Binance,894592,27956
2024-04-22 00:00:00,Binance,1073408.4235978678,33544.01323743337
2022-06-13 00:00:00,Unidentified,2109683,65927.59375
2022-08-22 00:00:00,Liquid Collective,0,0
2022-11-28 00:00:00,Liquid Collective,32,1
2021-08-23 00:00:00,ether.fi,0,0
2026-07-27 00:00:00,ether.fi,1663520.512025645,51985.016000801406
2021-01-18 00:00:00,Rocket Pool,0,0
2022-01-24 00:00:00,Rocket Pool,83520,2610
2025-05-12 00:00:00,Rocket Pool,658850.8535637228,20589.089173866338
2026-03-30 00:00:00,Rocket Pool,481405.54804912966,15043.923376535302
2023-08-21 00:00:00,Upbit,261984,8187
2021-01-04 00:00:00,Everstake,6400,200
2022-10-10 00:00:00,Everstake,6400,200
2024-02-05 00:00:00,Everstake,31264,977
2024-12-23 00:00:00,Everstake,601792,18806
2026-06-22 00:00:00,Everstake,717856,22433
2024-07-01 00:00:00,stakefish,462336.427226682,14448.013350833813
2024-12-09 00:00:00,stakefish,490080.427226682,15315.013350833813
2025-10-27 00:00:00,stakefish,360034.77941778,11251.086856805625
2026-02-16 00:00:00,stakefish,291401.80452654,9106.306391454375
2026-05-04 00:00:00,Octant,100352,3136
2025-11-24 00:00:00,P2P.org,281726.68617649097,8803.958943015343
2021-02-01 00:00:00,Gate.io,32000,1000
2020-12-28 00:00:00,Lido,17120,535
2021-11-15 00:00:00,Lido,1458528,45579
2023-01-23 00:00:00,Lido,4788736,149648
2022-02-14 00:00:00,Figment,22976,718
2024-05-13 00:00:00,Kelp DAO,101152,3161
2023-01-16 00:00:00,Blockdaemon,32,1
2023-06-26 00:00:00,Blockdaemon,337952,10561
2021-07-26 00:00:00,Stader,0,0
2024-01-29 00:00:00,Stader,105640.031441144,3301.25098253575
2024-07-08 00:00:00,Stader,132551.23264866302,4142.226020270719
2026-04-13 00:00:00,Stader,137626.73436620703,4300.83544894397
2026-08-03 00:00:00,Stader,87670.73436620703,2739.71044894397
2023-09-18 00:00:00,Mantle,0,0
2024-04-29 00:00:00,Mantle,479296,14978
2024-06-17 00:00:00,Mantle,470336,14698
2026-07-13 00:00:00,Mantle,194496,6078
2021-05-10 00:00:00,Bitcoin Suisse,159136,4973
2022-07-18 00:00:00,Bitcoin Suisse,288096,9003
2025-10-13 00:00:00,DARMA Capital,239424,7482
2020-12-28 00:00:00,imToken,0,0
2025-02-17 00:00:00,imToken,71008,2219
2026-05-11 00:00:00,imToken,56416,1763
2026-06-29 00:00:00,imToken,56160,1755
2022-07-18 00:00:00,Solo Stakers,335424,10482
2025-05-12 00:00:00,Solo Stakers,162687.489799507,5083.9840562345935
2026-03-30 00:00:00,Solo Stakers,137263.22748797812,4289.475858999316
2021-08-09 00:00:00,Consensys,0,0
2022-05-09 00:00:00,Consensys,0,0
2023-12-11 00:00:00,Consensys,0,0
2024-09-23 00:00:00,Consensys,103776,3243
2025-11-17 00:00:00,Consensys,103136,3223
2021-04-05 00:00:00,Bitstamp,96,3
2022-09-19 00:00:00,Bitstamp,65248,2039
2023-12-11 00:00:00,Bitstamp,133248,4164
2024-05-20 00:00:00,Bitstamp,160928,5029
2023-12-25 00:00:00,Kiln,942272,29446
2026-08-31 00:00:00,Kiln,765241.26494078,23913.789529399375
2021-09-06 00:00:00,Coinbase,1214304,37947
2026-06-08 00:00:00,Coinbase,1675466.578864696,52358.33058952175
2022-07-18 00:00:00,Binance,1007584,31487
2022-09-05 00:00:00,Binance,1030304,32197
2023-05-15 00:00:00,Unidentified,3915310.5379054393,122353.45430954498
2024-02-12 00:00:00,Unidentified,5386952.575037623,168342.2679699257
2021-04-26 00:00:00,Liquid Collective,0,0
2023-01-30 00:00:00,Liquid Collective,32,1
2024-11-04 00:00:00,Liquid Collective,109792,3431
2023-06-12 00:00:00,ether.fi,2336.00381196,73.00011912375
2021-04-12 00:00:00,Revolut,0,0
2025-06-16 00:00:00,Revolut,67424,2107
2022-04-11 00:00:00,Rocket Pool,164576,5143
2024-08-26 00:00:00,StakeWise,42080.000021536,1315.000000673
2024-01-15 00:00:00,Upbit,369056,11533
2025-02-24 00:00:00,Everstake,633792,19806
2025-11-24 00:00:00,Octant,100352,3136
2023-04-03 00:00:00,P2P.org,3104,97
2021-11-15 00:00:00,Gate.io,32000,1000
2023-05-15 00:00:00,Lido,6489408,202794
2026-08-10 00:00:00,CoinSpot,137664,4302
2022-01-24 00:00:00,OKX,38977,1218.03125
2022-03-28 00:00:00,OKX,43585,1362.03125
2024-01-15 00:00:00,OKX,580641,18145.03125
2025-06-30 00:00:00,OKX,656289.122276626,20509.03507114456
2020-12-07 00:00:00,Figment,0,0
2021-02-08 00:00:00,Figment,0,0
2021-03-01 00:00:00,Others,403616,12613
2025-03-03 00:00:00,Others,1016992.5526739329,31781.017271060402
2026-01-19 00:00:00,Others,728372.072487534,22761.62726523544
2023-01-30 00:00:00,Blockdaemon,64,2
2023-07-10 00:00:00,Blockdaemon,348128,10879
2023-08-28 00:00:00,Blockdaemon,373664,11677
2024-05-27 00:00:00,Blockdaemon,348384.154437567,10887.004826173968
2023-08-21 00:00:00,Stader,15182,474.4375
2024-08-26 00:00:00,Stader,124739.50512510703,3898.1095351595945
2022-07-11 00:00:00,Mantle,0,0
2024-12-02 00:00:00,Bitcoin Suisse,526167.852291453,16442.745384107908
2021-06-21 00:00:00,DARMA Capital,248576,7768
2021-08-09 00:00:00,imToken,10752,336
2022-01-17 00:00:00,imToken,16928,529
2021-05-10 00:00:00,Solo Stakers,150912,4716
2023-08-07 00:00:00,Solo Stakers,412612.21184737596,12894.131620230499
2024-04-22 00:00:00,Solo Stakers,351144.622722746,10973.269460085812
2021-06-07 00:00:00,Consensys,0,0
2022-12-05 00:00:00,Bitstamp,66720,2085
2023-07-17 00:00:00,Kiln,595584,18612
2025-08-25 00:00:00,Kiln,1662432.646447251,51951.0202014766
2025-10-27 00:00:00,Coinbase,2513037.415349696,78532.419229678
2026-04-06 00:00:00,Coinbase,1805222.2006576962,56413.19377055301
2023-07-24 00:00:00,Binance,1383072.17906345,43221.005595732815
2022-03-21 00:00:00,Kraken,1002816,31338
2022-05-09 00:00:00,Kraken,1041216,32538
2026-06-29 00:00:00,Kraken,1650542.876841182,51579.464901286934
2021-11-15 00:00:00,Unidentified,1846496,57703
2025-09-29 00:00:00,Unidentified,8423611.700875277,263237.8656523524
2026-01-05 00:00:00,Unidentified,10624509.826769842,332015.93208655756
2023-07-10 00:00:00,Liquid Collective,2592,81
2023-03-20 00:00:00,Revolut,19360,605
2026-03-02 00:00:00,Revolut,89792,2806
2022-12-26 00:00:00,Rocket Pool,335920,10497.5
2026-09-07 00:00:00,Rocket Pool,448000.1976158077,14000.00617549399
2020-12-14 00:00:00,StakeWise,0,0
2025-03-24 00:00:00,StakeWise,280256.00400803797,8758.000125251187
2026-07-20 00:00:00,Upbit,646848,20214
2022-02-28 00:00:00,Everstake,6400,200
2023-01-16 00:00:00,Everstake,6400,200
2024-04-08 00:00:00,Everstake,318144,9942
2023-07-10 00:00:00,Octant,2048,64
2023-10-16 00:00:00,Octant,100000,3125
2024-05-13 00:00:00,Octant,100352,3136
2024-05-27 00:00:00,Octant,100352,3136
2020-12-21 00:00:00,P2P.org,0,0
2021-04-12 00:00:00,P2P.org,0,0
2021-02-15 00:00:00,Gate.io,32000,1000
2022-01-03 00:00:00,Gate.io,32000,1000
2026-04-27 00:00:00,Gate.io,54816.131129146,1713.0040977858125
2021-09-13 00:00:00,Lido,1274656,39833
2024-05-27 00:00:00,CoinSpot,137664,4302
2023-06-05 00:00:00,OKX,327009,10219.03125
2023-07-24 00:00:00,OKX,425665,13302.03125
2024-04-22 00:00:00,OKX,351969.12227662595,10999.03507114456
2021-09-20 00:00:00,Figment,0,0
2022-02-28 00:00:00,Figment,74688,2334
2024-07-15 00:00:00,Figment,874752.015196235,27336.000474882345
2021-09-06 00:00:00,Kelp DAO,0,0
2024-02-26 00:00:00,Others,1558349.9467783577,48698.43583682368
2024-09-23 00:00:00,Others,1647770.7109752288,51492.8347179759
2021-06-14 00:00:00,Blockdaemon,0,0
2022-05-02 00:00:00,Blockdaemon,0,0
2022-02-21 00:00:00,Stader,0,0
2024-12-30 00:00:00,Stader,136865.505125107,4277.047035159594
2025-09-15 00:00:00,Stader,156476.66793384202,4889.895872932563
2020-11-23 00:00:00,Mantle,0,0
2021-05-24 00:00:00,Bitcoin Suisse,174912,5466
2023-04-17 00:00:00,Bitcoin Suisse,442720,13835
2023-06-05 00:00:00,Bitcoin Suisse,485600,15175
2024-03-04 00:00:00,Bitcoin Suisse,528727.852291453,16522.745384107908
2025-05-12 00:00:00,Bitcoin Suisse,464279.85229145305,14508.745384107908
2021-08-09 00:00:00,DARMA Capital,324544,10142
2021-09-27 00:00:00,DARMA Capital,324544,10142
2022-08-29 00:00:00,DARMA Capital,324544,10142
2021-10-11 00:00:00,imToken,14592,456
2023-01-23 00:00:00,imToken,39488,1234
2023-06-05 00:00:00,Solo Stakers,411844.20159028197,12870.131299696312
2024-03-04 00:00:00,Solo Stakers,374472.49768809095,11702.265552752842
2023-09-04 00:00:00,Consensys,0,0
2023-10-23 00:00:00,Consensys,0,0
2023-03-13 00:00:00,Bitstamp,91616,2863
2024-02-12 00:00:00,Bitstamp,170752,5336
2024-12-30 00:00:00,Bitstamp,182304,5697
2026-04-27 00:00:00,Bitstamp,211424.17967872,6607.00561496
2021-06-21 00:00:00,Kiln,0,0
2023-02-06 00:00:00,Kiln,52768,1649
2024-11-11 00:00:00,Kiln,1268320,39635
2023-11-13 00:00:00,Binance,1324064.41025217,41377.01282038031
2024-06-10 00:00:00,Binance,1085536.4235978678,33923.01323743337
2021-01-11 00:00:00,Kraken,362912,11341
2024-06-03 00:00:00,Kraken,837312.8919551391,26166.027873598097
2025-03-03 00:00:00,Kraken,1064480.891955139,33265.0278735981
2023-12-11 00:00:00,Unidentified,5071193.725356209,158474.80391738153
2026-08-03 00:00:00,Unidentified,16872950.69537544,527279.7092304825
2021-04-12 00:00:00,Liquid Collective,0,0
2026-05-04 00:00:00,Liquid Collective,351360.287525154,10980.008985161063
2024-08-19 00:00:00,ether.fi,1687712.042821306,52741.001338165814
2025-07-07 00:00:00,ether.fi,2403562.317778566,75111.32243058019
2026-09-14 00:00:00,ether.fi,1689776.292499605,52805.50914061266
2021-05-31 00:00:00,Revolut,0,0
2023-07-10 00:00:00,Revolut,31040,970
2025-02-24 00:00:00,Revolut,53888,1684
2025-04-28 00:00:00,Revolut,68512,2141
2025-07-21 00:00:00,Revolut,67584,2112
2021-11-01 00:00:00,Rocket Pool,96,3
2022-05-30 00:00:00,StakeWise,12192,381
2026-09-21 00:00:00,StakeWise,338817.9472325671,10588.060851017723
2026-02-09 00:00:00,Upbit,493664,15427
2026-04-13 00:00:00,Upbit,573440,17920
2021-05-31 00:00:00,Everstake,6400,200
2022-11-28 00:00:00,Everstake,6400,200
2024-11-04 00:00:00,Everstake,565696,17678
2025-08-04 00:00:00,Everstake,662080,20690
2021-03-29 00:00:00,stakefish,213568,6674
2023-01-02 00:00:00,stakefish,280832,8776
2024-09-02 00:00:00,Octant,100352,3136
2021-09-20 00:00:00,P2P.org,0,0
2023-01-16 00:00:00,P2P.org,0,0
2024-07-15 00:00:00,P2P.org,395200.152447009,12350.004763969031
2025-04-14 00:00:00,P2P.org,380064.486176491,11877.015193015344
2026-01-05 00:00:00,Lido,8913278.574032163,278539.9554385051
2026-05-11 00:00:00,Lido,8849632.172541799,276551.0053919312
2025-04-14 00:00:00,CoinSpot,137664,4302
2025-07-21 00:00:00,CoinSpot,137664,4302
2022-02-07 00:00:00,OKX,40001,1250.03125
2022-07-18 00:00:00,OKX,51649,1614.03125
2026-02-09 00:00:00,OKX,444689.12227662595,13896.53507114456
2026-06-01 00:00:00,OKX,481761.12227662595,15055.03507114456
2024-03-25 00:00:00,Figment,816832.015196235,25526.000474882345
2023-06-26 00:00:00,Kelp DAO,0,0
2024-09-02 00:00:00,Kelp DAO,159008,4969
2025-10-13 00:00:00,Others,801733.0407993051,25054.157524978284
2021-11-08 00:00:00,Blockdaemon,0,0
2025-06-02 00:00:00,Blockdaemon,655168.193365339,20474.006042666842
2023-05-01 00:00:00,Stader,0,0
2023-10-09 00:00:00,Stader,22658.031441144,708.06348253575
2021-03-15 00:00:00,Mantle,0,0
2023-01-02 00:00:00,Mantle,0,0
2024-11-25 00:00:00,Mantle,464896,14528
2025-05-05 00:00:00,Mantle,364416,11388
2025-05-19 00:00:00,Mantle,354016,11063
2021-03-22 00:00:00,Bitcoin Suisse,141984,4437
2021-10-18 00:00:00,Bitcoin Suisse,212832,6651
2021-05-03 00:00:00,DARMA Capital,0,0
2022-03-07 00:00:00,DARMA Capital,324544,10142
2024-02-26 00:00:00,DARMA Capital,326112,10191
2024-12-30 00:00:00,imToken,71552,2236
2023-04-17 00:00:00,Solo Stakers,395971.887743485,12374.121491983906
2023-07-24 00:00:00,Solo Stakers,410948.20159028197,12842.131299696312
2022-01-03 00:00:00,Consensys,0,0
2022-03-07 00:00:00,Consensys,0,0
2023-12-25 00:00:00,Consensys,0,0
2026-03-09 00:00:00,Bitstamp,211040.17967872,6595.00561496
2022-06-06 00:00:00,Coinbase,1883744,58867
2022-09-26 00:00:00,Coinbase,2203296,68853
2022-11-14 00:00:00,Coinbase,2398368,74949
2024-12-09 00:00:00,Coinbase,3571042.44368306,111595.07636509562
2021-10-04 00:00:00,Binance,866304,27072
2026-07-06 00:00:00,Binance,3273296.5594873927,102290.51748398102
2026-09-07 00:00:00,Binance,3273296.5594873927,102290.51748398102
2022-04-25 00:00:00,Unidentified,2072800,64775
2024-03-18 00:00:00,Unidentified,5534313.242107265,172947.28881585202
2025-07-28 00:00:00,Unidentified,7496548.640788456,234267.14502463926
2025-08-04 00:00:00,Liquid Collective,365984.131566551,11437.004111454718
2021-05-17 00:00:00,ether.fi,0,0
2021-06-14 00:00:00,Revolut,0,0
2022-10-24 00:00:00,Revolut,32,1
2024-04-22 00:00:00,Rocket Pool,785074.5688300929,24533.580275940403
2021-07-12 00:00:00,StakeWise,6560,205
2023-06-05 00:00:00,StakeWise,8896,278
2024-03-18 00:00:00,Upbit,372928,11654
2020-12-21 00:00:00,Everstake,6400,200
2021-11-22 00:00:00,Octant,0,0
2023-10-02 00:00:00,Octant,100000,3125
2025-09-22 00:00:00,Octant,100352,3136
2023-05-08 00:00:00,P2P.org,116512,3641
2022-11-21 00:00:00,Gate.io,32000,1000
2022-06-27 00:00:00,Lido,4127488,128984
2021-04-12 00:00:00,CoinSpot,0,0
2021-09-20 00:00:00,CoinSpot,0,0
2022-08-08 00:00:00,CoinSpot,100704,3147
2023-03-06 00:00:00,CoinSpot,127904,3997
2024-10-21 00:00:00,CoinSpot,137664,4302
2025-09-22 00:00:00,CoinSpot,137664,4302
2026-06-22 00:00:00,CoinSpot,137664,4302
2021-05-10 00:00:00,OKX,29921,935.03125
2025-05-12 00:00:00,OKX,554017.122276626,17313.03507114456
2022-06-06 00:00:00,Figment,191360,5980
2024-05-13 00:00:00,Figment,780416.015196235,24388.000474882345
2025-10-27 00:00:00,Figment,1567360.015196235,48980.00047488234
2026-06-08 00:00:00,Figment,1410144.015196235,44067.00047488234
2026-08-10 00:00:00,Figment,1414888.6810099508,44215.27128156096
2021-11-22 00:00:00,Kelp DAO,0,0
2023-12-18 00:00:00,Kelp DAO,0,0
2025-12-29 00:00:00,Kelp DAO,164128.500123027,5129.015628844594
2024-04-15 00:00:00,Others,2334769.0672403323,72961.53335126038
2021-07-12 00:00:00,Stader,0,0
2021-08-23 00:00:00,Mantle,0,0
2024-12-09 00:00:00,Mantle,462336,14448
2025-06-30 00:00:00,Bitcoin Suisse,459511.85229145305,14359.745384107908
2026-02-09 00:00:00,Bitcoin Suisse,431447.85229145305,13482.745384107908
2023-05-29 00:00:00,DARMA Capital,326112,10191
2025-08-11 00:00:00,DARMA Capital,239424,7482
2024-04-01 00:00:00,imToken,60416,1888
2026-03-09 00:00:00,imToken,56928,1779
2026-08-17 00:00:00,imToken,55616,1738
2024-01-01 00:00:00,Solo Stakers,406663.253944914,12708.226685778562
2021-04-19 00:00:00,Consensys,0,0
2025-07-28 00:00:00,Consensys,118464,3702
2025-09-29 00:00:00,Consensys,97216,3038
2026-04-27 00:00:00,Consensys,100096,3128
2021-02-15 00:00:00,Bitstamp,32,1
2022-01-17 00:00:00,Kiln,64,2
2023-04-10 00:00:00,Kiln,94432,2951
2023-05-29 00:00:00,Kiln,385344,12042
2022-12-26 00:00:00,Binance,1138560,35580
2022-08-29 00:00:00,Kraken,1141120,35660
2025-09-29 00:00:00,Kraken,1361634.111468648,42551.06598339525
2025-12-01 00:00:00,Kraken,1439778.111468648,44993.06598339525
2021-01-04 00:00:00,Liquid Collective,0,0
2024-04-29 00:00:00,ether.fi,1170481.00734596,36577.53147956125
2022-08-22 00:00:00,Revolut,0,0
2023-12-04 00:00:00,Revolut,42944,1342
2022-02-07 00:00:00,Rocket Pool,90688,2834
2022-11-07 00:00:00,Rocket Pool,299024,9344.5
2026-06-01 00:00:00,Rocket Pool,460895.1082101217,14402.972131566303
2023-06-19 00:00:00,Upbit,215936,6748
2024-12-16 00:00:00,Upbit,390592,12206
2023-08-28 00:00:00,Everstake,6400,200
2024-09-16 00:00:00,Everstake,539840,16870
2020-12-07 00:00:00,stakefish,92160,2880
2022-07-25 00:00:00,stakefish,278912,8716
2022-04-18 00:00:00,Octant,0,0
2022-08-08 00:00:00,Octant,0,0
2026-04-20 00:00:00,Octant,100352,3136
2026-05-04 00:00:00,P2P.org,339580.68617649097,10611.896443015343
2023-10-09 00:00:00,Gate.io,36544.131129146,1142.0040977858125
2026-03-09 00:00:00,Gate.io,54816.131129146,1713.0040977858125
2022-11-21 00:00:00,Lido,4584256,143258
2025-06-09 00:00:00,Lido,9082204.841869934,283818.9013084354
2023-12-18 00:00:00,CoinSpot,137664,4302
2024-07-15 00:00:00,CoinSpot,137664,4302
2025-07-14 00:00:00,OKX,644001.122276626,20125.03507114456
2021-09-06 00:00:00,Figment,0,0
2021-07-19 00:00:00,Kelp DAO,0,0
2022-09-26 00:00:00,Kelp DAO,0,0
2026-01-12 00:00:00,Kelp DAO,164128.500123027,5129.015628844594
2025-01-13 00:00:00,Others,1123092.425416108,35096.638294253375
2025-08-11 00:00:00,Others,817207.8067509991,25537.74396096872
2021-11-22 00:00:00,Blockdaemon,0,0
2022-08-08 00:00:00,Blockdaemon,0,0
2025-11-24 00:00:00,Blockdaemon,904640.193365339,28270.006042666842
2022-08-01 00:00:00,Stader,0,0
2023-03-13 00:00:00,Stader,0,0
2020-12-07 00:00:00,Mantle,0,0
2021-07-05 00:00:00,Mantle,0,0
2024-02-26 00:00:00,Mantle,531840,16620
2022-11-07 00:00:00,Bitcoin Suisse,295040,9220
2023-09-25 00:00:00,Bitcoin Suisse,542304,16947
2020-11-23 00:00:00,DARMA Capital,0,0
2024-06-03 00:00:00,DARMA Capital,326112,10191
2022-11-21 00:00:00,imToken,36000,1125
2023-05-15 00:00:00,imToken,37056,1158
2021-03-22 00:00:00,Solo Stakers,138368,4324
2025-08-18 00:00:00,Solo Stakers,157016.053292961,4906.751665405031
2022-01-03 00:00:00,Bitstamp,40576,1268
2022-11-21 00:00:00,Bitstamp,66592,2081
2023-09-04 00:00:00,Bitstamp,80512,2516
2025-06-09 00:00:00,Bitstamp,217056.168374685,6783.005261708906
2021-03-01 00:00:00,Kiln,0,0
2021-05-03 00:00:00,Kiln,0,0
2026-03-23 00:00:00,Kiln,713954.419467347,22311.075608354593
2024-12-23 00:00:00,Coinbase,3511970.529188424,109749.07903713825
2025-09-08 00:00:00,Coinbase,2523010.6119496957,78844.08162342799
2025-11-10 00:00:00,Coinbase,2348758.415349696,73398.700479678
2022-07-04 00:00:00,Binance,996608,31144
2025-10-20 00:00:00,Binance,3309328.4235978676,103416.51323743336
2021-09-27 00:00:00,Kraken,879648,27489
2023-09-04 00:00:00,Kraken,837504.567514801,26172.017734837533
2025-01-13 00:00:00,Kraken,937664.8919551391,29302.027873598097
2025-08-11 00:00:00,Kraken,1353762.1055425832,42305.065798205724
2026-08-17 00:00:00,Unidentified,16884798.031252835,527649.9384766511
2022-01-10 00:00:00,Liquid Collective,0,0
2022-10-10 00:00:00,Liquid Collective,0,0
2023-05-08 00:00:00,Liquid Collective,2240,70
2023-09-11 00:00:00,Liquid Collective,22144,692
2024-07-29 00:00:00,Liquid Collective,88896,2778
2021-03-29 00:00:00,ether.fi,0,0
2023-08-14 00:00:00,ether.fi,11168.00381196,349.00011912375
2024-11-25 00:00:00,ether.fi,1761233.136376777,55038.53551177428
2024-02-05 00:00:00,Revolut,46400,1450
2025-04-14 00:00:00,Revolut,66528,2079
2025-08-04 00:00:00,Revolut,67552,2111
2021-10-18 00:00:00,Rocket Pool,0,0
2025-12-08 00:00:00,Rocket Pool,581725.1942363367,18178.912319885523
2025-12-22 00:00:00,Rocket Pool,571235.2626464597,17851.101957701867
2025-09-01 00:00:00,StakeWise,307296.01485448994,9603.00046420281
2026-04-13 00:00:00,StakeWise,360794.457286957,11274.826790217407
2021-05-24 00:00:00,Upbit,0,0
2021-07-12 00:00:00,Upbit,0,0
2021-07-19 00:00:00,stakefish,256928,8029
2023-03-06 00:00:00,stakefish,281120,8785
2023-04-24 00:00:00,stakefish,298912,9341
2024-04-29 00:00:00,stakefish,453920.427226682,14185.013350833813
2026-06-08 00:00:00,stakefish,297097.80452654,9284.306391454375
2022-02-14 00:00:00,Octant,0,0
2025-07-21 00:00:00,Octant,100352,3136
2024-11-04 00:00:00,P2P.org,455552.152447009,14236.004763969031
2023-01-23 00:00:00,Gate.io,32000,1000
2023-09-04 00:00:00,Gate.io,36544.131129146,1142.0040977858125
2023-03-27 00:00:00,Lido,5648736,176523
2021-11-22 00:00:00,CoinSpot,0,0
2022-05-02 00:00:00,CoinSpot,0,0
2022-06-20 00:00:00,CoinSpot,36768,1149
2022-09-26 00:00:00,CoinSpot,127904,3997
2026-01-12 00:00:00,CoinSpot,137664,4302
2023-02-13 00:00:00,OKX,73729,2304.03125
2023-04-17 00:00:00,OKX,227585,7112.03125
2026-03-30 00:00:00,OKX,462767.12227662595,14461.47257114456
2024-10-21 00:00:00,Figment,842240.015196235,26320.000474882345
2023-10-16 00:00:00,Kelp DAO,0,0
2024-12-23 00:00:00,Kelp DAO,125504.01164440799,3922.0003638877497
2025-07-21 00:00:00,Kelp DAO,128992.500123027,4031.0156288445937
2021-09-27 00:00:00,Others,522176,16318
2021-11-29 00:00:00,Others,584928,18279
2022-09-12 00:00:00,Others,828864,25902
2022-12-19 00:00:00,Others,932480,29140
2024-08-05 00:00:00,Others,1794150.6254515548,56067.20704536109
2021-05-31 00:00:00,Blockdaemon,0,0
2025-02-10 00:00:00,Blockdaemon,389952.193365339,12186.006042666844
2022-09-19 00:00:00,Stader,0,0
2022-11-21 00:00:00,Stader,0,0
2023-01-09 00:00:00,Stader,0,0
2026-04-27 00:00:00,Stader,118170.73436620703,3692.83544894397
2025-03-17 00:00:00,Mantle,380832,11901
2020-11-30 00:00:00,Bitcoin Suisse,97504,3047
2022-02-07 00:00:00,Bitcoin Suisse,253280,7915
2026-01-19 00:00:00,DARMA Capital,239424,7482
2023-02-13 00:00:00,Solo Stakers,393632,12301
2022-06-27 00:00:00,Consensys,0,0
2022-06-27 00:00:00,Bitstamp,51328,1604
2023-07-03 00:00:00,Bitstamp,84480,2640
2024-12-16 00:00:00,Bitstamp,191648,5989
2023-01-02 00:00:00,Coinbase,2529024,79032
2024-09-02 00:00:00,Coinbase,4155042.07765931,129845.06492685343
2021-10-18 00:00:00,Binance,882272,27571
2022-03-28 00:00:00,Binance,945632,29551
2025-03-10 00:00:00,Binance,2167456.4235978676,67733.01323743336
2020-12-28 00:00:00,Kraken,276800,8650
2021-11-29 00:00:00,Kraken,937824,29307
2023-02-06 00:00:00,Kraken,1234368,38574
2024-04-15 00:00:00,Kraken,807584.8919551391,25237.027873598097
2024-11-11 00:00:00,Kraken,947104.8919551391,29597.027873598097
2025-11-17 00:00:00,Kraken,1425986.111468648,44562.06598339525
2023-07-03 00:00:00,Unidentified,4235811.179157692,132369.09934867788
2025-11-24 00:00:00,Liquid Collective,343040.131566551,10720.004111454718
2021-07-05 00:00:00,ether.fi,0,0
2026-07-13 00:00:00,ether.fi,1663680.512025645,51990.016000801406
2023-09-11 00:00:00,Revolut,36320,1135
2024-11-18 00:00:00,Revolut,51488,1609
2024-10-14 00:00:00,StakeWise,51968.002352038,1624.0000735011874
2025-09-15 00:00:00,StakeWise,314528.01485448994,9829.00046420281
2022-05-30 00:00:00,Upbit,42816,1338
2023-01-30 00:00:00,Everstake,6400,200
2025-09-22 00:00:00,Everstake,687392,21481
2021-07-05 00:00:00,stakefish,256512,8016
2022-02-14 00:00:00,stakefish,276320,8635
2022-06-06 00:00:00,stakefish,277472,8671
2023-05-08 00:00:00,Octant,0,0
2025-08-04 00:00:00,Octant,100352,3136
2026-06-22 00:00:00,Octant,100352,3136
2021-02-22 00:00:00,P2P.org,0,0
2023-09-11 00:00:00,P2P.org,140608,4394
2023-12-18 00:00:00,P2P.org,203296,6353
2024-07-29 00:00:00,P2P.org,405600.152447009,12675.004763969031
2025-01-06 00:00:00,P2P.org,447872.152447009,13996.004763969031
2026-02-23 00:00:00,Gate.io,54816.131129146,1713.0040977858125
2021-04-05 00:00:00,Lido,203232,6351
2022-12-05 00:00:00,Lido,4601856,143808
2024-01-29 00:00:00,Lido,9470107.990984462,295940.87471826444
2025-11-17 00:00:00,Lido,8627068.998295015,269595.9061967192
2023-10-16 00:00:00,CoinSpot,137664,4302
2025-06-02 00:00:00,CoinSpot,137664,4302
2020-11-30 00:00:00,OKX,0,0
2023-09-25 00:00:00,OKX,518657,16208.03125
2020-11-02 00:00:00,Kelp DAO,0,0
2026-06-22 00:00:00,Kelp DAO,143328.500123027,4479.015628844594
2022-07-11 00:00:00,Others,826240,25820
2023-02-20 00:00:00,Others,994144,31067
2023-12-25 00:00:00,Others,1148750.2498195602,35898.44530686126
2024-01-08 00:00:00,Others,1088767.723804289,34023.99136888403
2024-10-07 00:00:00,Others,1543880.851752709,48246.27661727215
2021-02-08 00:00:00,Blockdaemon,0,0
2023-05-08 00:00:00,Blockdaemon,69728,2179
2025-08-04 00:00:00,Blockdaemon,630240.193365339,19695.006042666842
2026-03-02 00:00:00,Blockdaemon,1054624.36877426,32957.01152419562
2026-06-22 00:00:00,Blockdaemon,1094944.551941474,34217.01724817106
2022-10-03 00:00:00,Stader,0,0
2023-07-03 00:00:00,Stader,2936,91.75
2021-05-17 00:00:00,Mantle,0,0
2022-01-31 00:00:00,Mantle,0,0
2025-12-15 00:00:00,Mantle,225536,7048
2025-12-22 00:00:00,Bitcoin Suisse,433655.85229145305,13551.745384107908
2022-12-19 00:00:00,DARMA Capital,326112,10191
2022-03-21 00:00:00,imToken,17664,552
2024-07-22 00:00:00,imToken,75232,2351
2025-01-13 00:00:00,imToken,71968,2249
2024-07-22 00:00:00,Consensys,96768,3024
2025-02-17 00:00:00,Consensys,109984,3437
2022-04-25 00:00:00,Bitstamp,46144,1442
2021-08-09 00:00:00,Kiln,0,0
2021-01-18 00:00:00,Binance,490304,15322
2022-05-16 00:00:00,Binance,962304,30072
2022-06-27 00:00:00,Kraken,1113312,34791
2024-05-20 00:00:00,Unidentified,5655921.216476843,176747.53801490134
2026-04-27 00:00:00,Unidentified,15268855.344657894,477151.7295205592
2026-06-15 00:00:00,Unidentified,16126158.321739256,503942.44755435176
2025-04-14 00:00:00,Liquid Collective,119552,3736
2025-12-29 00:00:00,Liquid Collective,286784.131566551,8962.004111454718
2026-02-16 00:00:00,ether.fi,2390810.317778566,74712.82243058019
2022-06-20 00:00:00,Revolut,0,0
2023-01-30 00:00:00,Revolut,3616,113
2023-06-26 00:00:00,Revolut,29760,930
2026-05-04 00:00:00,Revolut,101024,3157
2023-06-19 00:00:00,Rocket Pool,741306.6827975529,23165.833837423528
2024-09-30 00:00:00,Rocket Pool,708447.6563472379,22138.989260851184
2023-01-09 00:00:00,StakeWise,12192,381
2025-05-26 00:00:00,StakeWise,384416.00400803797,12013.000125251187
2020-11-02 00:00:00,Everstake,320,10
2023-07-10 00:00:00,Everstake,6400,200
2025-11-24 00:00:00,Everstake,672320,21010
2021-01-04 00:00:00,Octant,0,0
2026-08-10 00:00:00,Octant,100352,3136
2025-04-07 00:00:00,Gate.io,53824.131129146,1682.0040977858125
2021-04-19 00:00:00,Lido,248512,7766
2023-12-11 00:00:00,Lido,9141627.990984462,285675.87471826444
2024-02-12 00:00:00,Lido,9772347.990984462,305385.87471826444
2025-12-01 00:00:00,Lido,8668156.998295015,270879.9061967192
2026-02-23 00:00:00,Lido,9416223.083365597,294256.9713551749
2022-01-10 00:00:00,CoinSpot,0,0
2023-05-08 00:00:00,CoinSpot,127904,3997
2026-05-18 00:00:00,OKX,471543.12227662595,14735.72257114456
2021-12-27 00:00:00,Figment,12416,388
2022-09-26 00:00:00,Figment,259424,8107
2021-05-03 00:00:00,Others,484640,15145
2023-05-29 00:00:00,Others,1020299.159576652,31884.348736770375
2025-06-23 00:00:00,Others,872185.6199634981,27255.800623859315
2025-12-15 00:00:00,Others,787281.2349429111,24602.53859196597
2026-03-23 00:00:00,Others,693492.072487534,21671.62726523544
2024-09-02 00:00:00,Blockdaemon,363296.154437567,11353.004826173968
2025-02-24 00:00:00,Blockdaemon,448320.193365339,14010.006042666844
2026-05-04 00:00:00,Blockdaemon,1100704.36877426,34397.01152419562
2025-11-03 00:00:00,Stader,160260.66793384202,5008.145872932563
2023-01-09 00:00:00,Bitcoin Suisse,397024,12407
2024-06-24 00:00:00,Bitcoin Suisse,529271.852291453,16539.745384107908
2026-06-01 00:00:00,Bitcoin Suisse,424535.85229145305,13266.745384107908
2023-11-06 00:00:00,DARMA Capital,326112,10191
2022-05-09 00:00:00,imToken,22368,699
2022-01-24 00:00:00,Solo Stakers,286656,8958
2025-09-01 00:00:00,Solo Stakers,158224.52502999202,4944.5164071872505
2026-02-09 00:00:00,Solo Stakers,139580.94058181808,4361.904393181815
2021-02-01 00:00:00,Bitstamp,32,1
2025-02-17 00:00:00,Bitstamp,204960,6405
2024-02-26 00:00:00,Kiln,1111264,34727
2026-06-29 00:00:00,Kiln,744859.391383611,23276.855980737844
2022-02-28 00:00:00,Coinbase,1709184,53412
2023-06-12 00:00:00,Coinbase,3494048.474665948,109189.01483331088
2024-03-25 00:00:00,Coinbase,4527873.387339817,141496.0433543693
2024-09-30 00:00:00,Binance,1666560.4235978678,52080.01323743337
2026-05-18 00:00:00,Binance,3270992.5594873927,102218.51748398102
2021-03-01 00:00:00,Kraken,487040,15220
2021-06-07 00:00:00,Unidentified,1557152,48661
2024-09-16 00:00:00,Liquid Collective,89824,2807
2025-10-06 00:00:00,Liquid Collective,363616.131566551,11363.004111454718
2021-03-15 00:00:00,ether.fi,0,0
2022-11-14 00:00:00,ether.fi,0,0
2024-03-11 00:00:00,ether.fi,654951.00734596,20467.21897956125
2024-07-01 00:00:00,ether.fi,1690656.00734596,52833.00022956125
2025-12-29 00:00:00,Revolut,62944,1967
2021-03-22 00:00:00,Rocket Pool,0,0
2022-03-28 00:00:00,Rocket Pool,159472,4983.5
2023-11-13 00:00:00,StakeWise,7424,232
2021-12-20 00:00:00,Upbit,0,0
2022-02-21 00:00:00,Upbit,16096,503
2023-01-09 00:00:00,Upbit,73440,2295
2024-07-08 00:00:00,Upbit,413504,12922
2023-06-26 00:00:00,Everstake,6400,200
2023-08-14 00:00:00,stakefish,309280.146576356,9665.004580511126
2024-03-11 00:00:00,stakefish,422304.427226682,13197.013350833813
2026-04-06 00:00:00,stakefish,294217.80452654,9194.306391454375
2026-04-20 00:00:00,stakefish,294057.80452654,9189.306391454375
2020-11-02 00:00:00,Octant,0,0
2023-01-30 00:00:00,P2P.org,0,0
2025-08-04 00:00:00,P2P.org,340745.586176491,10648.299568015344
2025-09-29 00:00:00,Gate.io,54816.131129146,1713.0040977858125
2026-03-09 00:00:00,Lido,9176063.207945557,286751.97524829867
2025-12-22 00:00:00,OKX,543602.122276626,16987.56632114456
2024-12-23 00:00:00,Figment,879200.015196235,27475.000474882345
2025-06-02 00:00:00,Figment,995520.015196235,31110.000474882345
2021-11-08 00:00:00,Kelp DAO,0,0
2022-04-04 00:00:00,Others,737792,23056
2022-12-05 00:00:00,Others,923168,28849
2023-03-27 00:00:00,Others,1026112,32066
2022-08-08 00:00:00,ether.fi,0,0
2023-07-31 00:00:00,ether.fi,10528.00381196,329.00011912375
2024-10-21 00:00:00,ether.fi,1627424.042821306,50857.001338165814
2021-11-08 00:00:00,Octant,0,0
2023-12-04 00:00:00,Octant,100000,3125
2022-03-07 00:00:00,Gate.io,32000,1000
2025-09-15 00:00:00,Gate.io,54816.131129146,1713.0040977858125
2024-09-23 00:00:00,Lido,9784092.831556538,305752.9009861418
2022-01-10 00:00:00,Blockdaemon,0,0
2026-06-08 00:00:00,Blockdaemon,1099520.551941474,34360.01724817106
2020-12-14 00:00:00,Solo Stakers,95744,2992
2025-05-05 00:00:00,Kiln,1495520.636447251,46735.019888976596
2020-11-09 00:00:00,DARMA Capital,0,0
2022-10-31 00:00:00,DARMA Capital,324544,10142
2025-07-07 00:00:00,DARMA Capital,239424,7482
2021-09-27 00:00:00,Bitstamp,34240,1070
2021-02-01 00:00:00,Consensys,0,0
2024-12-16 00:00:00,Unidentified,6986285.413645029,218321.41917640716
2025-06-09 00:00:00,Unidentified,7214105.928905068,225440.81027828337
2021-10-11 00:00:00,Mantle,0,0
2022-12-12 00:00:00,Bitcoin Suisse,396032,12376
2025-08-04 00:00:00,Binance,3032832.4235978676,94776.01323743336
2022-07-04 00:00:00,Liquid Collective,0,0
2023-12-04 00:00:00,Liquid Collective,35584,1112
2024-02-05 00:00:00,Liquid Collective,50464,1577
2026-03-02 00:00:00,Liquid Collective,266560.287525154,8330.008985161063
2020-11-02 00:00:00,Revolut,0,0
2026-03-16 00:00:00,Everstake,726592,22706
2023-02-13 00:00:00,P2P.org,0,0
2026-01-26 00:00:00,P2P.org,339623.68617649097,10613.240193015343
2026-04-20 00:00:00,P2P.org,340087.68617649097,10627.740193015343
2023-03-06 00:00:00,Coinbase,2641184,82537
2024-10-07 00:00:00,Coinbase,4030146.259665963,125942.07061456134
2024-02-19 00:00:00,Rocket Pool,842360.2630296958,26323.758219677995
2025-04-07 00:00:00,Rocket Pool,665296.9691081078,20790.53028462837
2024-07-22 00:00:00,StakeWise,33952.000021536,1061.000000673
2025-12-22 00:00:00,StakeWise,348551.13341720495,10892.222919287655
2024-09-02 00:00:00,stakefish,474080.427226682,14815.013350833813
2025-07-07 00:00:00,stakefish,405792.77941778,12681.024356805625
2026-06-22 00:00:00,stakefish,296905.80452654,9278.306391454375
2023-09-11 00:00:00,CoinSpot,137664,4302
2021-10-18 00:00:00,OKX,36289,1134.03125
2026-03-16 00:00:00,OKX,452831.12227662595,14150.97257114456
2026-09-21 00:00:00,OKX,531707.3197457029,16615.853742053216
2022-06-20 00:00:00,Figment,191616,5988
2025-05-19 00:00:00,Others,910805.5927439249,28462.674773247654
2023-11-20 00:00:00,ether.fi,16775.00734596,524.21897956125
2021-10-04 00:00:00,Octant,0,0
2024-04-08 00:00:00,Octant,100352,3136
2025-01-06 00:00:00,Octant,100352,3136
2021-01-11 00:00:00,Lido,67584,2112
2023-05-29 00:00:00,Lido,7057317.522579863,220541.1725806207
2025-09-29 00:00:00,Lido,8520924.922204455,266278.90381888923
2021-08-16 00:00:00,Blockdaemon,0,0
2026-04-06 00:00:00,Blockdaemon,1097056.36877426,34283.01152419562
2023-01-23 00:00:00,Stader,0,0
2022-05-30 00:00:00,Solo Stakers,321120,10035
2023-04-03 00:00:00,Solo Stakers,397408,12419
2026-09-07 00:00:00,Solo Stakers,125120.4063883211,3910.0126996350346
2020-11-09 00:00:00,Kiln,0,0
2022-04-04 00:00:00,Kiln,96,3
2024-09-09 00:00:00,Kiln,1210624,37832
2021-06-07 00:00:00,imToken,6144,192
2025-02-03 00:00:00,Bitstamp,185312,5791
2026-08-03 00:00:00,Bitstamp,217280.17967872,6790.00561496
2024-12-16 00:00:00,Consensys,107456,3358
2021-10-11 00:00:00,Unidentified,1816640,56770
2023-02-20 00:00:00,Kraken,1236576,38643
2022-09-19 00:00:00,Bitcoin Suisse,293056,9158
2023-11-13 00:00:00,Bitcoin Suisse,567552,17736
2025-04-28 00:00:00,Bitcoin Suisse,504311.85229145305,15759.745384107908
2021-03-08 00:00:00,Binance,586304,18322
2024-01-15 00:00:00,Binance,1162816.41025217,36338.01282038031
2021-07-19 00:00:00,Liquid Collective,0,0
2021-11-08 00:00:00,Liquid Collective,0,0
2025-11-10 00:00:00,Liquid Collective,344320.131566551,10760.004111454718
2025-01-06 00:00:00,Revolut,49280,1540
2022-11-14 00:00:00,Everstake,6400,200
2023-03-20 00:00:00,Everstake,6400,200
2023-08-14 00:00:00,Everstake,6400,200
2023-10-02 00:00:00,Everstake,6528,204
2023-07-31 00:00:00,Coinbase,3786816.616518135,118338.01926619172
2026-06-22 00:00:00,Coinbase,1657528.0224646959,51797.750702021745
2026-07-27 00:00:00,Coinbase,1621824.220050696,50682.00687658425
2022-09-05 00:00:00,Rocket Pool,223264,6977
2025-05-12 00:00:00,StakeWise,346080.00400803797,10815.000125251187
2026-01-05 00:00:00,StakeWise,353274.367739525,11039.823991860156
2022-09-19 00:00:00,Upbit,55520,1735
2023-02-13 00:00:00,Upbit,87136,2723
2024-03-04 00:00:00,Upbit,374592,11706
2024-09-30 00:00:00,Upbit,461728,14429
2021-10-25 00:00:00,CoinSpot,0,0
2021-10-25 00:00:00,Figment,1536,48
2023-01-16 00:00:00,Figment,418656,13083
2024-03-11 00:00:00,Figment,869888.015196235,27184.000474882345
2024-07-01 00:00:00,Figment,862368.015196235,26949.000474882345
2024-11-25 00:00:00,Figment,839072.015196235,26221.000474882345
2025-08-25 00:00:00,Figment,1568928.015196235,49029.00047488234
2021-08-02 00:00:00,Kelp DAO,0,0
2024-03-25 00:00:00,Kelp DAO,55264,1727
2023-09-18 00:00:00,Others,1135982.784167424,35499.462005232
2024-09-09 00:00:00,Others,1678974.5412968218,52467.95441552568
2021-06-21 00:00:00,ether.fi,0,0
2021-11-08 00:00:00,ether.fi,0,0
2022-04-18 00:00:00,ether.fi,0,0
2022-10-24 00:00:00,Octant,0,0
2026-08-24 00:00:00,Octant,100352,3136
2023-12-25 00:00:00,Gate.io,41536.131129146,1298.0040977858125
2024-10-14 00:00:00,Gate.io,52576.131129146,1643.0040977858125
2024-02-26 00:00:00,Lido,9834139.990984462,307316.87471826444
2025-11-03 00:00:00,Lido,8627068.998295015,269595.9061967192
2021-04-26 00:00:00,Blockdaemon,0,0
2023-03-27 00:00:00,Stader,0,0
2023-10-30 00:00:00,Solo Stakers,412039.076412412,12876.221137887875
2025-10-20 00:00:00,Solo Stakers,151733.03115364004,4741.657223551251
2026-08-24 00:00:00,Solo Stakers,125439.4063883211,3919.9814496350346
2021-12-13 00:00:00,Kiln,64,2
2022-10-31 00:00:00,Kiln,960,30
2023-05-15 00:00:00,Kiln,350848,10964
2024-12-09 00:00:00,Kiln,1230496,38453
2022-06-27 00:00:00,DARMA Capital,324544,10142
2023-11-20 00:00:00,DARMA Capital,326112,10191
2024-08-05 00:00:00,imToken,75296,2353
2025-03-03 00:00:00,imToken,70464,2202
2022-01-17 00:00:00,Bitstamp,41312,1291
2023-08-21 00:00:00,Consensys,0,0
2022-12-19 00:00:00,Unidentified,2815317,87978.65625
2021-08-23 00:00:00,Kraken,841760,26305
2024-08-19 00:00:00,Mantle,509312,15916
2021-12-06 00:00:00,Bitcoin Suisse,217504,6797
2021-06-14 00:00:00,Binance,714304,22322
2021-09-20 00:00:00,Liquid Collective,0,0
2024-03-04 00:00:00,Liquid Collective,66208,2069
2025-11-24 00:00:00,Revolut,63104,1972
2022-05-02 00:00:00,Everstake,6400,200
2023-10-30 00:00:00,Everstake,18048,564
2024-01-01 00:00:00,Everstake,24064,752
2022-09-26 00:00:00,P2P.org,0,0
2023-12-04 00:00:00,P2P.org,206720,6460
2025-10-06 00:00:00,P2P.org,235805.686176491,7368.927693015344
2026-06-22 00:00:00,P2P.org,345505.68617649097,10797.052693015343
2020-12-07 00:00:00,Coinbase,32,1
2025-01-20 00:00:00,Rocket Pool,707633.8654860029,22113.55829643759
2026-08-24 00:00:00,Rocket Pool,449696.1976158077,14053.00617549399
2026-09-21 00:00:00,Rocket Pool,447712.1976158077,13991.00617549399
2025-04-07 00:00:00,StakeWise,272928.00400803797,8529.000125251187
2026-08-03 00:00:00,StakeWise,346757.2059075131,10836.162684609784
2021-08-30 00:00:00,Upbit,0,0
2022-07-18 00:00:00,Upbit,48800,1525
2026-09-21 00:00:00,Upbit,635328,19854
2021-10-25 00:00:00,stakefish,261792,8181
2023-07-10 00:00:00,stakefish,296640,9270
2023-10-02 00:00:00,stakefish,304960.191879694,9530.005996240438
2024-10-21 00:00:00,stakefish,505472.427226682,15796.013350833813
2021-01-25 00:00:00,Figment,0,0
2023-01-02 00:00:00,Kelp DAO,0,0
2021-03-15 00:00:00,Others,438912,13716
2024-01-08 00:00:00,ether.fi,65080.007345959995,2033.7502295612499
2022-08-22 00:00:00,Octant,0,0
2020-12-14 00:00:00,Gate.io,32000,1000
2021-05-10 00:00:00,Gate.io,32000,1000
2022-05-30 00:00:00,Gate.io,32000,1000
2024-04-15 00:00:00,Gate.io,42560.131129146,1330.0040977858125
2024-07-08 00:00:00,Gate.io,52576.131129146,1643.0040977858125
2021-02-01 00:00:00,Lido,135712,4241
2023-07-03 00:00:00,Lido,7602757.658324669,237586.1768226459
2021-01-04 00:00:00,Blockdaemon,0,0
2021-03-29 00:00:00,Blockdaemon,0,0
2022-11-28 00:00:00,Blockdaemon,32,1
2023-10-02 00:00:00,Blockdaemon,405504,12672
2024-11-18 00:00:00,Blockdaemon,353888.193365339,11059.006042666844
2025-06-16 00:00:00,Blockdaemon,662144.193365339,20692.006042666842
2023-09-04 00:00:00,Stader,18093,565.40625
2024-01-15 00:00:00,Stader,78500.031441144,2453.12598253575
2025-07-14 00:00:00,Stader,161004.66793384202,5031.395872932563
2023-02-27 00:00:00,Solo Stakers,393888,12309
2023-05-22 00:00:00,Solo Stakers,412388.20159028197,12887.131299696312
2023-11-13 00:00:00,Solo Stakers,410695.076412412,12834.221137887875
2026-03-09 00:00:00,DARMA Capital,234528,7329
2022-03-21 00:00:00,Bitstamp,44032,1376
2021-10-11 00:00:00,Consensys,0,0
2023-07-31 00:00:00,Consensys,0,0
2025-06-09 00:00:00,Consensys,118240,3695
2021-03-01 00:00:00,Unidentified,1216928,38029
2022-08-01 00:00:00,Unidentified,2170611,67831.59375
2023-09-18 00:00:00,Unidentified,4703911.989325937,146997.24966643553
2026-03-09 00:00:00,Unidentified,13106852.613904113,409589.14418450353
2025-01-27 00:00:00,Kraken,960256.8919551391,30008.027873598097
2022-09-26 00:00:00,Mantle,0,0
2024-08-26 00:00:00,Bitcoin Suisse,531255.852291453,16601.745384107908
2026-06-15 00:00:00,Bitcoin Suisse,424439.85229145305,13263.745384107908
2026-09-21 00:00:00,Bitcoin Suisse,415927.85229145305,12997.745384107908
2024-06-24 00:00:00,Binance,1117216.4235978678,34913.01323743337
2022-04-18 00:00:00,Liquid Collective,0,0
2025-01-20 00:00:00,Liquid Collective,110688,3459
2026-03-16 00:00:00,Liquid Collective,277088.287525154,8659.008985161063
2026-08-10 00:00:00,Liquid Collective,319392.287525154,9981.008985161063
2022-12-12 00:00:00,Revolut,32,1
2024-09-02 00:00:00,Revolut,53248,1664
2025-03-31 00:00:00,Revolut,63104,1972
2025-06-02 00:00:00,Revolut,67104,2097
2021-04-26 00:00:00,Everstake,6400,200
2021-08-16 00:00:00,Everstake,6400,200
2022-10-24 00:00:00,Everstake,6400,200
2024-10-21 00:00:00,Everstake,565216,17663
2024-03-11 00:00:00,Coinbase,4529121.387339817,141535.0433543693
2024-08-19 00:00:00,Coinbase,4228002.07765931,132125.06492685343
2024-10-14 00:00:00,Rocket Pool,703448.8355235459,21982.776110110808
2023-05-01 00:00:00,StakeWise,12128,379
2025-06-09 00:00:00,StakeWise,373024.01485448994,11657.00046420281
2026-08-17 00:00:00,Upbit,649152,20286
2022-05-02 00:00:00,stakefish,277248,8664
2025-01-27 00:00:00,stakefish,480768.602691525,15024.018834110157
2021-12-27 00:00:00,CoinSpot,0,0
2025-02-10 00:00:00,CoinSpot,137664,4302
2025-05-26 00:00:00,OKX,581121.122276626,18160.03507114456
2024-12-09 00:00:00,Figment,907360.015196235,28355.000474882345
2023-03-06 00:00:00,Kelp DAO,0,0
2024-01-22 00:00:00,Kelp DAO,0,0
2025-02-10 00:00:00,Kelp DAO,125920.500123027,3935.0156288445937
2023-05-29 00:00:00,ether.fi,2080.00381196,65.00011912375
2024-12-23 00:00:00,ether.fi,1743168.136376777,54474.00426177428
2021-08-02 00:00:00,Octant,0,0
2026-07-27 00:00:00,Octant,100352,3136
2024-09-09 00:00:00,Gate.io,52576.131129146,1643.0040977858125
2026-06-29 00:00:00,Gate.io,54816.131129146,1713.0040977858125
2024-04-15 00:00:00,Lido,9321243.990984462,291288.87471826444
2023-10-30 00:00:00,Blockdaemon,445120,13910
2025-04-28 00:00:00,Blockdaemon,548544.193365339,17142.006042666842
2026-02-16 00:00:00,Blockdaemon,1041696.3687742599,32553.011524195623
2025-07-07 00:00:00,Kiln,1555462.636447251,48608.207388976596
2026-07-13 00:00:00,Kiln,753165.66643413,23536.427076066564
2021-03-01 00:00:00,DARMA Capital,0,0
2021-03-15 00:00:00,DARMA Capital,0,0
2024-12-09 00:00:00,DARMA Capital,324864,10152
2021-05-03 00:00:00,imToken,864,27
2022-02-21 00:00:00,imToken,17120,535
2023-08-21 00:00:00,Bitstamp,85216,2663
2026-09-21 00:00:00,Bitstamp,216768.17967872,6774.00561496
2026-02-02 00:00:00,Consensys,104416,3263
2022-05-30 00:00:00,Unidentified,2099539,65610.59375
2023-06-19 00:00:00,Unidentified,4141761.1886219103,129430.0371444347
2024-06-03 00:00:00,Unidentified,5594737.071160019,174835.5334737506
2024-07-08 00:00:00,Unidentified,5960393.682396719,186262.30257489748
2026-05-11 00:00:00,Unidentified,15858053.565713177,495564.17392853677
2024-07-08 00:00:00,Kraken,850944.8919551391,26592.027873598097
2025-05-05 00:00:00,Kraken,1193057.4030496252,37283.04384530079
2026-05-25 00:00:00,Kraken,1617936.3654030222,50560.51141884444
2022-08-29 00:00:00,Mantle,0,0
2022-03-14 00:00:00,Binance,940288,29384
2023-11-27 00:00:00,Binance,1284448.41025217,40139.01282038031
2025-04-14 00:00:00,Binance,2248000.4235978676,70250.01323743336
2021-01-18 00:00:00,Liquid Collective,0,0
2023-04-03 00:00:00,Liquid Collective,2240,70
2022-02-28 00:00:00,Revolut,0,0
2021-12-06 00:00:00,P2P.org,0,0
2022-05-02 00:00:00,P2P.org,0,0
2024-06-10 00:00:00,P2P.org,394944,12342
2025-06-02 00:00:00,P2P.org,378149.586176491,11817.174568015344
2021-07-05 00:00:00,Coinbase,971296,30353
2023-07-24 00:00:00,Rocket Pool,778265.0049988249,24320.78140621328
2024-11-18 00:00:00,Rocket Pool,718067.3368964689,22439.604278014653
2022-11-21 00:00:00,StakeWise,12192,381
2023-09-25 00:00:00,StakeWise,8224,257
2024-12-16 00:00:00,StakeWise,94112.004008038,2941.0001252511875
2023-07-03 00:00:00,Upbit,220832,6901
2024-04-22 00:00:00,Upbit,382656,11958
2025-09-15 00:00:00,Upbit,387808,12119
2021-01-25 00:00:00,stakefish,185888,5809
2022-09-26 00:00:00,stakefish,279104,8722
2025-06-02 00:00:00,stakefish,412320.77941778,12885.024356805625
2022-02-28 00:00:00,CoinSpot,0,0
2022-08-22 00:00:00,CoinSpot,100704,3147
2024-04-08 00:00:00,CoinSpot,137664,4302
2023-06-19 00:00:00,OKX,349345,10917.03125
2024-08-26 00:00:00,OKX,424961.12227662595,13280.03507114456
2025-02-24 00:00:00,Figment,910432.015196235,28451.000474882345
2022-07-25 00:00:00,Kelp DAO,0,0
2024-06-17 00:00:00,Others,2191562.1147924843,68486.31608726514
2026-04-06 00:00:00,Others,693172.0724875341,21661.627265235442
2024-02-05 00:00:00,Octant,100352,3136
2025-10-06 00:00:00,Octant,100352,3136
2022-08-29 00:00:00,Gate.io,32000,1000
2024-03-18 00:00:00,Gate.io,41536.131129146,1298.0040977858125
2024-11-11 00:00:00,Gate.io,52576.131129146,1643.0040977858125
2025-01-13 00:00:00,Gate.io,53824.131129146,1682.0040977858125
2025-11-03 00:00:00,Gate.io,54816.131129146,1713.0040977858125
2022-06-06 00:00:00,Blockdaemon,0,0
2025-11-10 00:00:00,Blockdaemon,903552.193365339,28236.006042666842
2021-03-22 00:00:00,Stader,0,0
2021-06-07 00:00:00,Stader,0,0
2021-05-24 00:00:00,Solo Stakers,153792,4806
2025-09-15 00:00:00,Solo Stakers,151254.63588218,4726.707371318125
2022-08-15 00:00:00,Kiln,800,25
2023-03-27 00:00:00,Kiln,78432,2451
2023-06-12 00:00:00,Kiln,481536,15048
2025-10-27 00:00:00,Kiln,404704.6464472511,12647.020201476596
2026-07-27 00:00:00,Kiln,786310.549201898,24572.204662559314
2022-10-17 00:00:00,imToken,34880,1090
2026-03-09 00:00:00,Consensys,100032,3126
2025-12-01 00:00:00,Unidentified,9485976.128276898,296436.75400865305
2025-10-27 00:00:00,Mantle,246816,7713
2026-02-02 00:00:00,Mantle,216640,6770
2020-12-14 00:00:00,Bitcoin Suisse,111360,3480
2024-01-15 00:00:00,Bitcoin Suisse,542103.852291453,16940.745384107908
2021-03-22 00:00:00,Binance,586304,18322
2024-01-01 00:00:00,Binance,1188416.41025217,37138.01282038031
2024-05-27 00:00:00,Liquid Collective,87456,2733
2021-01-04 00:00:00,Revolut,0,0
2022-05-02 00:00:00,Revolut,0,0
2022-11-28 00:00:00,Revolut,32,1
2024-08-12 00:00:00,Revolut,51360,1605
2025-10-27 00:00:00,Revolut,63744,1992
2026-07-06 00:00:00,Everstake,722816,22588
2021-11-22 00:00:00,P2P.org,0,0
2022-04-18 00:00:00,P2P.org,0,0
2023-08-14 00:00:00,P2P.org,138688,4334
2024-06-17 00:00:00,Coinbase,4310882.07765931,134715.06492685343
2024-06-10 00:00:00,Rocket Pool,755151.2751585068,23598.477348703338
2026-01-26 00:00:00,Rocket Pool,558749.2490820177,17460.914033813053
2026-07-20 00:00:00,Rocket Pool,454719.36758502066,14209.980237031896
2023-09-04 00:00:00,StakeWise,8352,261
2023-11-27 00:00:00,Upbit,334240,10445
2024-12-02 00:00:00,Upbit,398048,12439
2023-01-16 00:00:00,stakefish,280928,8779
2026-07-27 00:00:00,stakefish,288429.80452654,9013.431391454375
2020-12-21 00:00:00,CoinSpot,0,0
2021-01-25 00:00:00,CoinSpot,0,0
2021-04-26 00:00:00,OKX,28897,903.03125
2022-10-24 00:00:00,OKX,60065,1877.03125
2023-10-16 00:00:00,Figment,1346656,42083
2024-02-05 00:00:00,Figment,917280,28665
2023-01-30 00:00:00,Kelp DAO,0,0
2021-08-09 00:00:00,Others,509760,15930
2022-06-27 00:00:00,Others,825856,25808
2024-11-11 00:00:00,Others,1377580.2445640538,43049.38264262668
2025-07-07 00:00:00,Others,861169.806750999,26911.556460968717
2022-11-14 00:00:00,Octant,0,0
2023-03-20 00:00:00,Octant,0,0
2023-08-14 00:00:00,Octant,100000,3125
2026-01-26 00:00:00,Octant,100352,3136
2021-01-25 00:00:00,ether.fi,0,0
2022-10-31 00:00:00,ether.fi,0,0
2024-03-25 00:00:00,ether.fi,883727.00734596,27616.46897956125
2023-03-27 00:00:00,Gate.io,32000,1000
2025-07-28 00:00:00,Gate.io,54816.131129146,1713.0040977858125
2024-10-14 00:00:00,Lido,9734684.831556538,304208.9009861418
2023-01-02 00:00:00,Blockdaemon,32,1
2026-07-06 00:00:00,Blockdaemon,1075808.551941474,33619.01724817106
2021-05-10 00:00:00,Stader,0,0
2022-11-07 00:00:00,Stader,0,0
2022-12-05 00:00:00,Stader,0,0
2024-09-09 00:00:00,Stader,126273.50512510703,3946.0470351595945
2026-02-09 00:00:00,Stader,138467.73436620703,4327.11669894397
2024-07-29 00:00:00,Solo Stakers,344073.817818865,10752.306806839531
2024-11-18 00:00:00,Solo Stakers,338826.033560949,10588.313548779657
2023-11-06 00:00:00,Kiln,816800,25525
2023-01-23 00:00:00,DARMA Capital,326112,10191
2026-04-27 00:00:00,DARMA Capital,174528,5454
2021-07-26 00:00:00,imToken,9856,308
2025-05-05 00:00:00,imToken,70400,2200
2026-03-23 00:00:00,imToken,56896,1778
2023-08-07 00:00:00,Bitstamp,85120,2660
2024-06-03 00:00:00,Bitstamp,160864,5027
2021-11-29 00:00:00,Consensys,0,0
2021-10-25 00:00:00,Kraken,894688,27959
2023-01-23 00:00:00,Kraken,1218016,38063
2024-01-08 00:00:00,Kraken,866912.8919551391,27091.027873598097
2021-01-11 00:00:00,Mantle,0,0
2021-12-13 00:00:00,Mantle,0,0
2024-04-15 00:00:00,Mantle,497376,15543
2024-05-13 00:00:00,Mantle,474720,14835
2025-05-26 00:00:00,Bitcoin Suisse,462007.85229145305,14437.745384107908
2022-01-24 00:00:00,Binance,922720,28835
2022-05-30 00:00:00,Binance,984192,30756
2024-10-21 00:00:00,Liquid Collective,110464,3452
2024-03-04 00:00:00,Everstake,243008,7594
2024-03-25 00:00:00,Everstake,295616,9238
2023-10-16 00:00:00,Coinbase,4291776.766189691,134118.02394342783
2025-03-03 00:00:00,Coinbase,2816834.529188424,88026.07903713825
2022-08-01 00:00:00,Rocket Pool,210544,6579.5
2024-01-15 00:00:00,Rocket Pool,853623.9696153168,26675.74905047865
2025-03-10 00:00:00,StakeWise,254720.004008038,7960.0001252511875
2025-07-14 00:00:00,StakeWise,385824.01485448994,12057.00046420281
2020-11-30 00:00:00,Upbit,0,0
2022-06-13 00:00:00,Upbit,45184,1412
2026-08-03 00:00:00,Upbit,649088,20284
2021-05-31 00:00:00,stakefish,218528,6829
2021-07-19 00:00:00,CoinSpot,0,0
2022-10-10 00:00:00,CoinSpot,127904,3997
2023-01-16 00:00:00,CoinSpot,127904,3997
2023-08-14 00:00:00,CoinSpot,137664,4302
2023-10-30 00:00:00,CoinSpot,137664,4302
2021-10-04 00:00:00,OKX,35457,1108.03125
2024-08-19 00:00:00,Kelp DAO,159008,4969
2025-06-02 00:00:00,Kelp DAO,128992.500123027,4031.0156288445937
2021-02-08 00:00:00,Octant,0,0
2024-12-09 00:00:00,Octant,100352,3136
2026-03-02 00:00:00,Octant,100352,3136
2020-11-23 00:00:00,ether.fi,0,0
2021-09-06 00:00:00,ether.fi,0,0
2021-09-20 00:00:00,ether.fi,0,0
2025-11-10 00:00:00,ether.fi,2097881.317778566,65558.79118058019
2023-08-21 00:00:00,Gate.io,36544.131129146,1142.0040977858125
2024-12-16 00:00:00,Gate.io,52608.131129146,1644.0040977858125
2024-07-08 00:00:00,Lido,9692700.831556538,302896.9009861418
2025-01-13 00:00:00,Lido,9564828.831556538,298900.9009861418
2025-07-28 00:00:00,Lido,8883708.909448335,277615.90342026047
2021-09-06 00:00:00,Blockdaemon,0,0
2022-05-16 00:00:00,Solo Stakers,320384,10012
2025-11-03 00:00:00,Solo Stakers,150902.24397432007,4715.695124197502
2021-07-05 00:00:00,Kiln,0,0
2023-02-20 00:00:00,Kiln,60160,1880
2021-03-01 00:00:00,imToken,0,0
2021-11-29 00:00:00,imToken,15968,499
2023-09-18 00:00:00,imToken,38848,1214
2024-09-09 00:00:00,imToken,70880,2215
2021-12-20 00:00:00,Bitstamp,39744,1242
2021-02-15 00:00:00,Consensys,0,0
2022-12-19 00:00:00,Consensys,0,0
2023-10-09 00:00:00,Consensys,0,0
2024-05-20 00:00:00,Consensys,92512,2891
2021-04-19 00:00:00,Unidentified,1360000,42500
2021-11-29 00:00:00,Unidentified,1858560,58080
2021-12-13 00:00:00,Unidentified,1875072,58596
2026-01-19 00:00:00,Unidentified,11561943.211570432,361310.725361576
2021-01-25 00:00:00,Kraken,391968,12249
2022-08-15 00:00:00,Kraken,1129184,35287
2022-12-19 00:00:00,Kraken,1203424,37607
2026-06-15 00:00:00,Kraken,1401262.090258532,43789.440320579124
2022-05-09 00:00:00,Mantle,0,0
2026-06-29 00:00:00,Mantle,164512,5141
2023-06-19 00:00:00,Bitcoin Suisse,508320,15885
2024-08-12 00:00:00,Bitcoin Suisse,529495.852291453,16546.745384107908
2020-11-30 00:00:00,Liquid Collective,0,0
2023-05-22 00:00:00,Revolut,25696,803
2024-02-19 00:00:00,Revolut,47264,1477
2024-05-13 00:00:00,Revolut,46912,1466
2022-12-12 00:00:00,P2P.org,0,0
2025-08-18 00:00:00,P2P.org,218217.586176491,6819.2995680153435
2026-08-10 00:00:00,P2P.org,346467.68617649097,10827.115193015343
2021-03-15 00:00:00,Coinbase,192,6
2023-08-28 00:00:00,Coinbase,4111808.76618969,128494.02394342782
2024-07-15 00:00:00,Coinbase,4286722.07765931,133960.06492685343
2021-08-30 00:00:00,Rocket Pool,0,0
2022-12-05 00:00:00,StakeWise,12192,381
2022-04-25 00:00:00,Upbit,37856,1183
2023-05-01 00:00:00,Upbit,158016,4938
2021-01-04 00:00:00,stakefish,167936,5248
2026-05-25 00:00:00,stakefish,299049.80452654,9345.306391454375
2022-03-14 00:00:00,CoinSpot,0,0
2024-07-29 00:00:00,CoinSpot,137664,4302
2025-03-31 00:00:00,CoinSpot,137664,4302
2023-11-13 00:00:00,OKX,576033,18001.03125
2024-04-08 00:00:00,OKX,362465.12227662595,11327.03507114456
2024-10-07 00:00:00,Figment,843296.015196235,26353.000474882345
2023-05-22 00:00:00,Kelp DAO,0,0
2024-06-17 00:00:00,Kelp DAO,157344,4917
2025-07-07 00:00:00,Kelp DAO,128992.500123027,4031.0156288445937
2025-10-06 00:00:00,Kelp DAO,140672.500123027,4396.015628844594
2022-11-21 00:00:00,Others,902816,28213
2023-07-17 00:00:00,Others,1098315.555427759,34322.36110711747
2023-11-20 00:00:00,Others,1150767.092033258,35961.47162603931
2023-04-24 00:00:00,Octant,0,0
2025-02-24 00:00:00,Octant,100352,3136
2025-04-28 00:00:00,Octant,100352,3136
2023-07-03 00:00:00,Gate.io,36544.131129146,1142.0040977858125
2024-03-18 00:00:00,Lido,9686491.990984462,302702.87471826444
2022-03-14 00:00:00,Blockdaemon,0,0
2022-03-07 00:00:00,Stader,0,0
2023-10-23 00:00:00,Stader,26075.031441144,814.84473253575
2024-06-24 00:00:00,Stader,135665.23264866302,4239.538520270719
2026-06-29 00:00:00,Stader,112790.73436620703,3524.71044894397
2022-03-14 00:00:00,Solo Stakers,295456,9233
2023-09-25 00:00:00,Solo Stakers,412614.88750912395,12894.215234660123
2024-02-19 00:00:00,Solo Stakers,391527.34147550096,12235.229421109405
2026-07-06 00:00:00,Solo Stakers,129402.32893162311,4043.822779113222
2024-11-25 00:00:00,Kiln,1213472,37921
2021-04-19 00:00:00,DARMA Capital,0,0
2025-07-28 00:00:00,DARMA Capital,239424,7482
2025-09-29 00:00:00,DARMA Capital,239424,7482
2021-02-01 00:00:00,imToken,0,0
2024-01-08 00:00:00,imToken,56288,1759
2024-09-23 00:00:00,Bitstamp,168256,5258
2026-04-13 00:00:00,Bitstamp,211264.17967872,6602.00561496
2026-01-19 00:00:00,Consensys,104640,3270
2021-02-15 00:00:00,Unidentified,1157344,36167
2022-03-07 00:00:00,Unidentified,1995776,62368
2023-04-10 00:00:00,Kraken,1154848,36089
2023-09-18 00:00:00,Kraken,847136.567514801,26473.017734837533
2024-10-07 00:00:00,Kraken,901184.8919551391,28162.027873598097
2026-08-17 00:00:00,Kraken,1647726.975988882,51491.46799965256
2023-08-21 00:00:00,Bitcoin Suisse,534784,16712
2026-03-16 00:00:00,Bitcoin Suisse,430615.85229145305,13456.745384107908
2024-10-14 00:00:00,Binance,1666560.4235978678,52080.01323743337
2026-05-04 00:00:00,Binance,3270992.5594873927,102218.51748398102
2021-09-06 00:00:00,Liquid Collective,0,0
2025-08-18 00:00:00,Liquid Collective,365792.131566551,11431.004111454718
2023-04-03 00:00:00,Revolut,21216,663
2021-10-04 00:00:00,P2P.org,0,0
2022-10-10 00:00:00,P2P.org,0,0
2023-10-02 00:00:00,P2P.org,155808,4869
2024-09-30 00:00:00,P2P.org,454336.152447009,14198.004763969031
2025-06-30 00:00:00,P2P.org,362199.586176491,11318.737068015344
2026-03-30 00:00:00,P2P.org,340367.68617649097,10636.490193015343
2022-10-31 00:00:00,Coinbase,2308736,72148
2023-06-26 00:00:00,Coinbase,3625792.474665948,113306.01483331088
2024-05-27 00:00:00,Coinbase,4309665.903578163,134677.0594868176
2025-03-31 00:00:00,Coinbase,2742082.529188424,85690.07903713825
2021-08-16 00:00:00,Rocket Pool,0,0
2021-12-06 00:00:00,Rocket Pool,50704,1584.5
2025-01-06 00:00:00,Rocket Pool,710985.7986081139,22218.30620650356
2024-01-29 00:00:00,StakeWise,13600.000021536,425.000000673
2026-02-23 00:00:00,StakeWise,366499.091660481,11453.096614390031
2023-10-09 00:00:00,Upbit,289344,9042
2025-11-17 00:00:00,Upbit,371296,11603
2023-02-20 00:00:00,stakefish,281088,8784
2022-10-24 00:00:00,CoinSpot,127904,3997
2021-03-08 00:00:00,OKX,26689,834.03125
2021-11-22 00:00:00,Figment,2176,68
2023-07-10 00:00:00,Figment,897504,28047
2024-04-29 00:00:00,Figment,790368.015196235,24699.000474882345
2023-01-16 00:00:00,Kelp DAO,0,0
2025-01-06 00:00:00,Kelp DAO,125536.01164440799,3923.0003638877497
2025-09-08 00:00:00,Kelp DAO,133792.500123027,4181.015628844594
2025-10-27 00:00:00,Kelp DAO,125472.50012302701,3921.015628844594
2021-02-15 00:00:00,Others,375136,11723
2021-04-19 00:00:00,Others,475712,14866
2023-09-04 00:00:00,Others,1113518.361092743,34797.44878414822
2026-01-05 00:00:00,Others,742100.0124736401,23190.625389801255
2026-03-09 00:00:00,Others,703092.0724875341,21971.627265235442
2022-11-28 00:00:00,Octant,0,0
2021-07-19 00:00:00,ether.fi,0,0
2025-02-10 00:00:00,ether.fi,1762112.136376777,55066.00426177428
2023-10-23 00:00:00,Gate.io,36544.131129146,1142.0040977858125
2022-05-16 00:00:00,Blockdaemon,0,0
2023-01-09 00:00:00,Solo Stakers,386784,12087
2026-04-13 00:00:00,Solo Stakers,137167.6073611451,4286.487730035785
2021-10-25 00:00:00,Kiln,0,0
2022-06-27 00:00:00,Kiln,96,3
2026-04-27 00:00:00,Kiln,720937.469867347,22529.295933354595
2026-05-25 00:00:00,Kiln,722481.013722114,22577.531678816064
2024-07-22 00:00:00,DARMA Capital,326112,10191
2024-08-19 00:00:00,DARMA Capital,326112,10191
2025-06-09 00:00:00,DARMA Capital,239424,7482
2022-04-25 00:00:00,imToken,20416,638
2021-11-01 00:00:00,Bitstamp,37984,1187
2022-02-21 00:00:00,Bitstamp,42912,1341
2025-07-28 00:00:00,Bitstamp,217472.168374685,6796.005261708906
2025-09-29 00:00:00,Bitstamp,206656.17967872,6458.00561496
2024-07-08 00:00:00,Consensys,96224,3007
2025-05-05 00:00:00,Consensys,119904,3747
2025-11-03 00:00:00,Unidentified,10044633.270154579,313894.7896923306
2020-11-09 00:00:00,Kraken,0,0
2022-12-19 00:00:00,Mantle,0,0
2026-07-27 00:00:00,Mantle,194560,6080
2024-04-08 00:00:00,Bitcoin Suisse,532663.852291453,16645.745384107908
2024-10-28 00:00:00,Bitcoin Suisse,538295.852291453,16821.745384107908
2021-05-10 00:00:00,Binance,682304,21322
2024-01-01 00:00:00,Liquid Collective,35520,1110
2021-12-06 00:00:00,Revolut,0,0
2024-06-10 00:00:00,Revolut,46848,1464
2021-06-28 00:00:00,P2P.org,0,0
2022-05-02 00:00:00,Coinbase,1831488,57234
2025-05-19 00:00:00,Coinbase,2648898.529188424,82778.07903713825
2025-08-04 00:00:00,Coinbase,2432994.529188424,76031.07903713825
2026-02-02 00:00:00,Coinbase,1821908.3151986965,56934.634849959264
2023-07-03 00:00:00,StakeWise,8832,276
2022-12-19 00:00:00,stakefish,280832,8776
2023-04-10 00:00:00,stakefish,277632,8676
2024-02-05 00:00:00,stakefish,392928.427226682,12279.013350833813
2022-07-25 00:00:00,Figment,191616,5988
2023-05-08 00:00:00,Figment,504448,15764
2022-04-04 00:00:00,Kelp DAO,0,0
2022-05-02 00:00:00,Kelp DAO,0,0
2023-04-24 00:00:00,Kelp DAO,0,0
2022-06-06 00:00:00,ether.fi,0,0
2022-07-11 00:00:00,ether.fi,0,0
2023-06-26 00:00:00,ether.fi,3616.00381196,113.00011912375
2021-06-07 00:00:00,Gate.io,32000,1000
2022-04-11 00:00:00,Gate.io,32000,1000
2023-11-27 00:00:00,Gate.io,36544.131129146,1142.0040977858125
2021-02-15 00:00:00,Lido,180352,5636
2021-07-12 00:00:00,Lido,633600,19800
2024-12-16 00:00:00,Lido,9675964.831556538,302373.9009861418
2022-02-14 00:00:00,Blockdaemon,0,0
2024-07-29 00:00:00,Blockdaemon,364768.154437567,11399.004826173968
2022-01-03 00:00:00,Stader,0,0
2026-02-23 00:00:00,Stader,137475.73436620703,4296.11669894397
2026-03-09 00:00:00,Stader,137475.73436620703,4296.11669894397
2020-11-30 00:00:00,Solo Stakers,77472,2421
2021-08-16 00:00:00,Solo Stakers,244320,7635
2022-05-23 00:00:00,Kiln,96,3
2023-12-11 00:00:00,Kiln,916768,28649
2024-04-01 00:00:00,Kiln,1124736,35148
2021-06-07 00:00:00,DARMA Capital,88800,2775
2023-10-23 00:00:00,DARMA Capital,326112,10191
2023-12-25 00:00:00,DARMA Capital,326112,10191
2021-03-01 00:00:00,Bitstamp,64,2
2022-05-30 00:00:00,Consensys,0,0
2022-08-01 00:00:00,Consensys,0,0
2024-11-11 00:00:00,Unidentified,6930250.580839607,216570.33065123772
2026-08-31 00:00:00,Unidentified,16832436.48305065,526013.6400953329
2023-03-27 00:00:00,Kraken,1245152,38911
2024-10-28 00:00:00,Kraken,923200.8919551391,28850.027873598097
2025-04-21 00:00:00,Kraken,1144225.2252946252,35757.038290457036
2021-02-08 00:00:00,Mantle,0,0
2021-08-09 00:00:00,Mantle,0,0
2024-03-11 00:00:00,Mantle,539968,16874
2022-04-25 00:00:00,Bitcoin Suisse,259328,8104
2026-01-26 00:00:00,Bitcoin Suisse,432887.85229145305,13527.745384107908
2025-06-16 00:00:00,Binance,2832192.4235978676,88506.01323743336
2026-06-01 00:00:00,Binance,3270992.5594873927,102218.51748398102
2020-11-16 00:00:00,Liquid Collective,0,0
2021-02-08 00:00:00,Liquid Collective,0,0
2023-06-26 00:00:00,Liquid Collective,2592,81
2023-07-24 00:00:00,Revolut,32128,1004
2025-09-22 00:00:00,Revolut,59680,1865
2025-06-16 00:00:00,Everstake,651552,20361
2021-03-08 00:00:00,P2P.org,0,0
2022-10-24 00:00:00,P2P.org,0,0
2022-11-28 00:00:00,Coinbase,2451744,76617
2025-07-07 00:00:00,Coinbase,2572066.529188424,80377.07903713825
2020-11-16 00:00:00,Rocket Pool,0,0
2021-02-01 00:00:00,Rocket Pool,0,0
2024-06-24 00:00:00,Rocket Pool,754150.2751585068,23567.196098703338
2021-05-10 00:00:00,StakeWise,3936,123
2021-10-18 00:00:00,StakeWise,10816,338
2024-06-24 00:00:00,StakeWise,29504.000021535998,922.0000006729999
2021-11-01 00:00:00,Upbit,0,0
2021-11-15 00:00:00,Upbit,0,0
2023-05-08 00:00:00,stakefish,287680,8990
2024-10-07 00:00:00,stakefish,498496.427226682,15578.013350833813
2023-06-12 00:00:00,CoinSpot,127872,3996
2021-02-22 00:00:00,OKX,25089,784.03125
2024-08-12 00:00:00,OKX,416993.12227662595,13031.03507114456
2025-02-24 00:00:00,OKX,491969.12227662595,15374.03507114456
2022-05-02 00:00:00,Figment,190368,5949
2026-01-12 00:00:00,Figment,1445408.015196235,45169.00047488234
2021-07-05 00:00:00,Kelp DAO,0,0
2026-07-27 00:00:00,Kelp DAO,143328.500123027,4479.015628844594
2022-01-03 00:00:00,Others,663072,20721
2022-07-25 00:00:00,Octant,0,0
2023-04-10 00:00:00,ether.fi,0,0
2024-02-26 00:00:00,ether.fi,496160.00734596,15505.00022956125
2023-02-27 00:00:00,Gate.io,32000,1000
2024-09-23 00:00:00,Gate.io,52576.131129146,1643.0040977858125
2022-08-01 00:00:00,Lido,4143840,129495
2023-07-17 00:00:00,Lido,7804549.658324669,243892.1768226459
2023-09-04 00:00:00,Lido,8575461.762196284,267983.18006863387
2025-03-03 00:00:00,Lido,9336092.831556538,291752.9009861418
2023-04-03 00:00:00,Blockdaemon,192,6
2025-09-08 00:00:00,Blockdaemon,719232.193365339,22476.006042666842
2021-10-11 00:00:00,Kiln,0,0
2022-10-17 00:00:00,Kiln,832,26
2024-01-08 00:00:00,Kiln,992480,31015
2021-07-05 00:00:00,DARMA Capital,324544,10142
2022-08-15 00:00:00,imToken,33280,1040
2023-10-09 00:00:00,imToken,48384,1512
2025-08-25 00:00:00,imToken,74080,2315
2026-02-02 00:00:00,imToken,56544,1767
2024-04-01 00:00:00,Bitstamp,161984,5062
2025-06-23 00:00:00,Bitstamp,217632.168374685,6801.005261708906
2025-09-15 00:00:00,Bitstamp,206208.17967872,6444.00561496
2022-10-03 00:00:00,Consensys,0,0
2024-02-12 00:00:00,Consensys,61088,1909
2026-08-31 00:00:00,Consensys,99456,3108
2025-01-13 00:00:00,Unidentified,7073008.743265759,221031.52322705497
2025-02-17 00:00:00,Kraken,1054336.891955139,32948.0278735981
2022-03-07 00:00:00,Mantle,0,0
2022-12-26 00:00:00,Bitcoin Suisse,396032,12376
2021-08-02 00:00:00,Binance,714304,22322
2021-02-08 00:00:00,Revolut,0,0
2026-06-22 00:00:00,Revolut,113344,3542
2021-08-02 00:00:00,P2P.org,0,0
2022-02-14 00:00:00,P2P.org,0,0
2021-03-08 00:00:00,Rocket Pool,0,0
2024-03-18 00:00:00,Rocket Pool,811833.7546128338,25369.804831651058
2021-04-05 00:00:00,StakeWise,3104,97
2023-05-15 00:00:00,Upbit,180160,5630
2023-12-11 00:00:00,Upbit,340896,10653
2024-01-29 00:00:00,Upbit,381472,11921
2025-06-30 00:00:00,Upbit,495808,15494
2026-06-15 00:00:00,Upbit,623968,19499
2022-09-12 00:00:00,stakefish,279104,8722
2023-10-02 00:00:00,CoinSpot,137664,4302
2024-03-11 00:00:00,CoinSpot,137664,4302
2026-08-24 00:00:00,OKX,531486.122276626,16608.94132114456
2023-03-20 00:00:00,Figment,453568,14174
2023-12-18 00:00:00,Figment,1198912,37466
2026-06-22 00:00:00,Figment,1417312.015196235,44291.00047488234
2021-05-17 00:00:00,Kelp DAO,0,0
2022-02-28 00:00:00,Kelp DAO,0,0
2023-03-20 00:00:00,Kelp DAO,0,0
2024-05-27 00:00:00,Kelp DAO,154176,4818
2024-11-18 00:00:00,Kelp DAO,131872.011644408,4121.00036388775
2021-07-05 00:00:00,Others,504960,15780
2022-01-31 00:00:00,Others,670176,20943
2023-04-03 00:00:00,Octant,0,0
2025-12-29 00:00:00,Octant,100352,3136
2020-12-21 00:00:00,ether.fi,0,0
2021-01-11 00:00:00,Gate.io,32000,1000
2025-09-01 00:00:00,Gate.io,54816.131129146,1713.0040977858125
2025-09-15 00:00:00,Lido,8536508.922204455,266765.90381888923
2023-09-11 00:00:00,Blockdaemon,385600,12050
2025-04-14 00:00:00,Blockdaemon,504608.193365339,15769.006042666844
2021-05-24 00:00:00,Stader,0,0
2023-11-27 00:00:00,Stader,43683.031441144005,1365.0947325357502
2025-04-07 00:00:00,Stader,148289.505125107,4634.047035159594
2022-08-01 00:00:00,Solo Stakers,336480,10515
2024-02-12 00:00:00,Kiln,1073024,33532
2021-04-05 00:00:00,DARMA Capital,0,0
2024-11-11 00:00:00,DARMA Capital,324864,10152
2021-01-11 00:00:00,imToken,0,0
2023-07-17 00:00:00,imToken,33888,1059
2023-11-06 00:00:00,imToken,45216,1413
2021-05-24 00:00:00,Bitstamp,5088,159
2026-02-09 00:00:00,Bitstamp,211136.17967872,6598.00561496
2022-09-19 00:00:00,Unidentified,2378229,74319.65625
2022-06-13 00:00:00,Kraken,1109280,34665
2024-11-25 00:00:00,Kraken,950272.8919551391,29696.027873598097
2025-07-28 00:00:00,Kraken,1328673.9329896222,41521.060405925695
2021-09-06 00:00:00,Mantle,0,0
2022-06-06 00:00:00,Mantle,0,0
2023-07-17 00:00:00,Mantle,0,0
2025-09-08 00:00:00,Mantle,255296,7978
2025-11-10 00:00:00,Mantle,245824,7682
2026-06-08 00:00:00,Mantle,164512,5141
2021-02-22 00:00:00,Bitcoin Suisse,135776,4243
2021-07-26 00:00:00,Bitcoin Suisse,179872,5621
2024-07-29 00:00:00,Bitcoin Suisse,529559.852291453,16548.745384107908
2024-09-16 00:00:00,Binance,1590400.4235978678,49700.01323743337
2026-01-26 00:00:00,Binance,3489104.4235978676,109034.51323743336
2024-02-19 00:00:00,Liquid Collective,65600,2050
2026-06-08 00:00:00,Liquid Collective,348128.287525154,10879.008985161063
2023-09-25 00:00:00,Revolut,38112,1191
2021-07-19 00:00:00,Everstake,6400,200
2022-12-12 00:00:00,Everstake,6400,200
2024-09-02 00:00:00,Everstake,530656,16583
2026-05-18 00:00:00,P2P.org,338268.68617649097,10570.896443015343
2023-12-18 00:00:00,Coinbase,4448769.387339817,139024.0433543693
2023-08-21 00:00:00,Rocket Pool,791907.0956782069,24747.096739943965
2024-08-12 00:00:00,Rocket Pool,750455.4020242179,23451.73131325681
2025-11-03 00:00:00,Rocket Pool,601133.8372272918,18785.432413352868
2022-02-07 00:00:00,StakeWise,12192,381
2021-09-13 00:00:00,Upbit,0,0
2024-05-06 00:00:00,OKX,352001.12227662595,11000.03507114456
2025-04-28 00:00:00,Figment,960960.015196235,30030.000474882345
2026-05-25 00:00:00,Figment,1456608.015196235,45519.00047488234
2023-04-03 00:00:00,Kelp DAO,0,0
2024-09-16 00:00:00,Kelp DAO,159008,4969
2024-11-04 00:00:00,Kelp DAO,141440.011644408,4420.00036388775
2026-04-06 00:00:00,Kelp DAO,149120.500123027,4660.015628844594
2021-05-17 00:00:00,Others,488192,15256
2023-01-23 00:00:00,Others,966016,30188
2024-01-22 00:00:00,Others,1164769.723804289,36399.05386888403
2025-03-17 00:00:00,Others,989616.5526739327,30925.5172710604
2023-06-12 00:00:00,Octant,2048,64
2021-04-05 00:00:00,Gate.io,32000,1000
2023-12-25 00:00:00,Lido,9205211.990984462,287662.87471826444
2024-05-20 00:00:00,Lido,9287260.831556538,290226.9009861418
2025-04-07 00:00:00,Lido,9301052.833994765,290657.9010623364
2026-08-31 00:00:00,Lido,9402049.38157693,293814.04317427904
2026-04-20 00:00:00,Blockdaemon,1096800.36877426,34275.01152419562
2021-07-12 00:00:00,Solo Stakers,230656,7208
2022-01-03 00:00:00,DARMA Capital,324544,10142
2024-10-07 00:00:00,DARMA Capital,326112,10191
2021-04-05 00:00:00,imToken,0,0
2022-12-19 00:00:00,imToken,36768,1149
2026-02-23 00:00:00,imToken,56896,1778
2021-03-01 00:00:00,Consensys,0,0
2021-12-13 00:00:00,Consensys,0,0
2023-09-18 00:00:00,Consensys,0,0
2025-04-07 00:00:00,Consensys,119680,3740
2026-06-29 00:00:00,Unidentified,16258110.870239485,508065.9646949839
2023-02-20 00:00:00,Mantle,0,0
2023-05-29 00:00:00,Mantle,0,0
2026-08-31 00:00:00,Mantle,194560,6080
2021-06-28 00:00:00,Bitcoin Suisse,178880,5590
2022-08-22 00:00:00,Bitcoin Suisse,288096,9003
2025-03-24 00:00:00,Bitcoin Suisse,509207.85229145305,15912.745384107908
2025-10-06 00:00:00,Binance,3309328.4235978676,103416.51323743336
2021-02-22 00:00:00,Liquid Collective,0,0
2021-06-28 00:00:00,Liquid Collective,0,0
2022-08-08 00:00:00,Liquid Collective,0,0
2023-10-30 00:00:00,Liquid Collective,35456,1108
2025-02-10 00:00:00,Everstake,627520,19610
2025-04-14 00:00:00,Everstake,637376,19918
2026-05-18 00:00:00,Everstake,732928,22904
2021-04-26 00:00:00,P2P.org,0,0
2021-12-27 00:00:00,P2P.org,0,0
2021-01-11 00:00:00,Coinbase,32,1
2021-02-08 00:00:00,Coinbase,32,1
2021-10-04 00:00:00,Rocket Pool,0,0
2023-02-27 00:00:00,Rocket Pool,420656,13145.5
2025-06-30 00:00:00,Rocket Pool,658421.1466062788,20575.660831446214
2026-07-06 00:00:00,Rocket Pool,454975.36758502066,14217.980237031896
2024-01-15 00:00:00,StakeWise,13792,431
2026-09-07 00:00:00,StakeWise,340810.85724758613,10650.339288987067
2023-04-17 00:00:00,Upbit,137376,4293
2023-06-05 00:00:00,Upbit,209248,6539
2021-09-20 00:00:00,stakefish,258592,8081
2022-04-18 00:00:00,stakefish,277248,8664
2024-03-25 00:00:00,CoinSpot,137664,4302
2024-12-23 00:00:00,CoinSpot,137664,4302
2023-03-20 00:00:00,OKX,154529,4829.03125
2024-07-29 00:00:00,OKX,402881.12227662595,12590.03507114456
2025-04-28 00:00:00,OKX,516545.12227662595,16142.03507114456
2025-01-27 00:00:00,Figment,921952.015196235,28811.000474882345
2020-12-07 00:00:00,Kelp DAO,0,0
2021-10-04 00:00:00,Kelp DAO,0,0
2025-06-16 00:00:00,Kelp DAO,128992.500123027,4031.0156288445937
2023-04-24 00:00:00,Others,981190.5823423221,30662.205698197566
2026-05-11 00:00:00,Others,523997.07248753397,16374.908515235436
2023-02-06 00:00:00,ether.fi,0,0
2024-01-22 00:00:00,ether.fi,193349.00734596,6042.15647956125
2025-01-27 00:00:00,ether.fi,1764547.136376777,55142.09801177428
2022-05-09 00:00:00,Gate.io,32000,1000
2023-05-29 00:00:00,Gate.io,36544.131129146,1142.0040977858125
2020-12-14 00:00:00,Lido,4064,127
2021-06-07 00:00:00,Lido,489120,15285
2020-11-02 00:00:00,Blockdaemon,0,0
2023-03-06 00:00:00,Blockdaemon,160,5
2023-12-04 00:00:00,Blockdaemon,393728,12304
2025-09-01 00:00:00,Stader,157060.66793384202,4908.145872932563
2026-01-05 00:00:00,Stader,144131.69761959702,4504.115550612407
2022-12-26 00:00:00,Solo Stakers,380800,11900
2026-02-02 00:00:00,Kiln,659476.2753792311,20608.63360560097
2023-02-20 00:00:00,DARMA Capital,326112,10191
2023-04-24 00:00:00,DARMA Capital,326112,10191
2024-06-17 00:00:00,DARMA Capital,326112,10191
2026-03-23 00:00:00,DARMA Capital,234528,7329
2023-08-21 00:00:00,imToken,35840,1120
2025-04-07 00:00:00,imToken,70688,2209
2025-06-09 00:00:00,imToken,70112,2191
2026-06-15 00:00:00,imToken,56224,1757
2021-07-12 00:00:00,Bitstamp,12320,385
2021-09-13 00:00:00,Bitstamp,31968,999
2025-03-24 00:00:00,Bitstamp,206656,6458
2025-04-21 00:00:00,Bitstamp,210592.168374685,6581.005261708906
2021-04-05 00:00:00,Consensys,0,0
2022-11-21 00:00:00,Consensys,0,0
2023-07-17 00:00:00,Consensys,0,0
2024-03-18 00:00:00,Consensys,89856,2808
2025-03-03 00:00:00,Consensys,110688,3459
2021-09-27 00:00:00,Unidentified,1805504,56422
2022-01-03 00:00:00,Unidentified,1903552,59486
2022-02-21 00:00:00,Unidentified,1955424,61107
2022-10-03 00:00:00,Unidentified,2440885,76277.65625
2021-06-07 00:00:00,Kraken,742144,23192
2022-07-11 00:00:00,Kraken,1116704,34897
2021-11-29 00:00:00,Mantle,0,0
2022-07-25 00:00:00,Mantle,0,0
2023-12-25 00:00:00,Mantle,159904,4997
2021-03-08 00:00:00,Bitcoin Suisse,139616,4363
2021-04-26 00:00:00,Bitcoin Suisse,152576,4768
2024-07-08 00:00:00,Bitcoin Suisse,529271.852291453,16539.745384107908
2020-12-14 00:00:00,Binance,76608,2394
2021-08-16 00:00:00,Binance,858720,26835
2022-02-07 00:00:00,Binance,922720,28835
2023-04-03 00:00:00,Binance,1159840,36245
2023-05-22 00:00:00,Binance,1322912.17906345,41341.005595732815
2023-05-22 00:00:00,Liquid Collective,2240,70
2025-04-28 00:00:00,Liquid Collective,123200,3850
2025-12-08 00:00:00,Liquid Collective,340256.131566551,10633.004111454718
2026-09-07 00:00:00,Liquid Collective,319392.287525154,9981.008985161063
2024-07-15 00:00:00,Revolut,48480,1515
2025-06-30 00:00:00,Revolut,69280,2165
2021-09-20 00:00:00,Everstake,6400,200
2023-02-13 00:00:00,Everstake,6400,200
2024-05-27 00:00:00,Everstake,404576,12643
2024-07-29 00:00:00,Everstake,501056,15658
2022-01-24 00:00:00,P2P.org,0,0
2024-08-12 00:00:00,P2P.org,427680.152447009,13365.004763969031
2026-03-16 00:00:00,P2P.org,339174.68617649097,10599.208943015343
2023-01-16 00:00:00,Coinbase,2564096,80128
2020-12-14 00:00:00,Rocket Pool,0,0
2021-11-15 00:00:00,StakeWise,12032,376
2022-09-05 00:00:00,StakeWise,12192,381
2023-03-13 00:00:00,StakeWise,12192,381
2024-04-22 00:00:00,StakeWise,18720.000021535998,585.0000006729999
2024-09-09 00:00:00,StakeWise,44832.000021536,1401.000000673
2025-10-20 00:00:00,Upbit,385312,12041
2024-11-25 00:00:00,stakefish,494560.427226682,15455.013350833813
2025-07-21 00:00:00,stakefish,390432.77941778,12201.024356805625
2022-11-14 00:00:00,CoinSpot,127904,3997
2022-12-12 00:00:00,CoinSpot,127904,3997
2024-07-01 00:00:00,CoinSpot,137664,4302
2021-12-06 00:00:00,OKX,38977,1218.03125
2022-09-19 00:00:00,OKX,57569,1799.03125
2024-06-10 00:00:00,OKX,334593.12227662595,10456.03507114456
2025-01-06 00:00:00,OKX,450625.12227662595,14082.03507114456
2026-07-27 00:00:00,Figment,1419624.6810099508,44363.27128156096
