time,flow_type,amount
2024-04-24 00:00:00.000 UTC,Deposits,28314
2024-08-26 00:00:00.000 UTC,Deposits,42575
2024-10-26 00:00:00.000 UTC,Deposits,63642
2025-10-22 00:00:00.000 UTC,Deposits,64484.81795023
2026-04-06 00:00:00.000 UTC,Deposits,26215.215117704003
2026-04-14 00:00:00.000 UTC,Deposits,29534.091251092996
2024-11-11 00:00:00.000 UTC,Deposits,29992
2025-08-22 00:00:00.000 UTC,Deposits,40260.777700000006
2025-12-08 00:00:00.000 UTC,Deposits,36419.583742654
2024-04-20 00:00:00.000 UTC,Deposits,31441
2025-02-26 00:00:00.000 UTC,Deposits,30204
2025-05-09 00:00:00.000 UTC,Deposits,47297.03754043999
2025-06-13 00:00:00.000 UTC,Deposits,126330.556
2024-12-26 00:00:00.000 UTC,Deposits,35567
2024-04-14 00:00:00.000 UTC,Deposits,59908
2024-04-22 00:00:00.000 UTC,Deposits,61672
2025-02-03 00:00:00.000 UTC,Deposits,51920
2025-05-06 00:00:00.000 UTC,Deposits,122380
2025-07-03 00:00:00.000 UTC,Deposits,31987.459000000003
2025-10-19 00:00:00.000 UTC,Deposits,5693.003071982001
2024-04-01 00:00:00.000 UTC,Deposits,60515
2025-05-17 00:00:00.000 UTC,Deposits,18074.084625348998
2025-10-06 00:00:00.000 UTC,Deposits,127120.901
2026-02-17 00:00:00.000 UTC,Deposits,12023.170881663998
2026-08-18 00:00:00.000 UTC,Deposits,6872.290083209999
2025-09-04 00:00:00.000 UTC,Deposits,224617.7315
2025-09-09 00:00:00.000 UTC,Deposits,75435.0666
2025-09-26 00:00:00.000 UTC,Deposits,50718.469537209
2025-12-01 00:00:00.000 UTC,Deposits,37978.009224933005
2025-12-03 00:00:00.000 UTC,Deposits,18334.647466107
2026-02-22 00:00:00.000 UTC,Deposits,9229.923842331002
2024-09-17 00:00:00.000 UTC,Deposits,14057
2024-11-06 00:00:00.000 UTC,Deposits,49664
2025-01-28 00:00:00.000 UTC,Deposits,92797
2026-09-13 00:00:00.000 UTC,Deposits,3503.573794102
2024-05-29 00:00:00.000 UTC,Deposits,123506
2025-01-10 00:00:00.000 UTC,Deposits,25923
2025-03-04 00:00:00.000 UTC,Deposits,162276
2026-04-08 00:00:00.000 UTC,Deposits,36567.00259648399
2026-07-23 00:00:00.000 UTC,Deposits,62044.021302409994
2026-02-15 00:00:00.000 UTC,Deposits,13298.276054761
2026-06-24 00:00:00.000 UTC,Deposits,105327.236865315
2025-11-09 00:00:00.000 UTC,Deposits,5575.200000000001
2024-10-02 00:00:00.000 UTC,Deposits,87725
2024-09-19 00:00:00.000 UTC,Deposits,12058
2026-04-11 00:00:00.000 UTC,Deposits,21428.399557684
2025-08-17 00:00:00.000 UTC,Deposits,16124.539783598999
2026-06-29 00:00:00.000 UTC,Deposits,34332.359535379
2025-01-18 00:00:00.000 UTC,Deposits,33687
2025-04-21 00:00:00.000 UTC,Deposits,13957
2024-03-24 00:00:00.000 UTC,Deposits,24514
2024-04-06 00:00:00.000 UTC,Deposits,50052
2024-09-06 00:00:00.000 UTC,Deposits,25337
2025-08-30 00:00:00.000 UTC,Deposits,90577.6474
2026-06-21 00:00:00.000 UTC,Deposits,18801.080634297003
2026-07-07 00:00:00.000 UTC,Deposits,56927.304784362
2024-05-05 00:00:00.000 UTC,Deposits,29827
2025-03-17 00:00:00.000 UTC,Deposits,89041
2025-07-24 00:00:00.000 UTC,Deposits,27709.72
2025-10-27 00:00:00.000 UTC,Deposits,45521.36126261
2026-04-24 00:00:00.000 UTC,Deposits,263967.023536132
2026-09-16 00:00:00.000 UTC,Deposits,1956.9896342690001
2025-06-20 00:00:00.000 UTC,Deposits,47333.710999999996
2024-06-11 00:00:00.000 UTC,Deposits,82377
2025-04-02 00:00:00.000 UTC,Deposits,92494
2025-07-27 00:00:00.000 UTC,Deposits,88330.11000000002
2026-01-09 00:00:00.000 UTC,Deposits,40212.237342866996
2025-12-24 00:00:00.000 UTC,Deposits,82556.21844754698
2026-08-05 00:00:00.000 UTC,Deposits,86447.135431784
2026-02-28 00:00:00.000 UTC,Deposits,9711.429239
2024-10-18 00:00:00.000 UTC,Deposits,55482
2025-01-08 00:00:00.000 UTC,Deposits,125578
2024-12-07 00:00:00.000 UTC,Deposits,22510.744
2026-05-31 00:00:00.000 UTC,Deposits,16682.861212842
2026-07-04 00:00:00.000 UTC,Deposits,8383.553467335
2024-10-05 00:00:00.000 UTC,Deposits,45967
2024-11-19 00:00:00.000 UTC,Deposits,34168
2025-01-13 00:00:00.000 UTC,Deposits,102192
2025-04-15 00:00:00.000 UTC,Deposits,45385
2025-06-28 00:00:00.000 UTC,Deposits,33071.31
2024-08-27 00:00:00.000 UTC,Deposits,45584
2024-09-16 00:00:00.000 UTC,Deposits,25951
2024-09-29 00:00:00.000 UTC,Deposits,15100
2024-10-17 00:00:00.000 UTC,Deposits,53774
2024-12-04 00:00:00.000 UTC,Deposits,96154
2025-03-15 00:00:00.000 UTC,Deposits,13092
2025-07-12 00:00:00.000 UTC,Deposits,30387.1542
2025-04-12 00:00:00.000 UTC,Deposits,15024
2026-01-21 00:00:00.000 UTC,Deposits,87181.512767838
2026-05-01 00:00:00.000 UTC,Deposits,211044.42191038
2024-05-26 00:00:00.000 UTC,Deposits,13123
2024-07-02 00:00:00.000 UTC,Deposits,43227
2024-08-29 00:00:00.000 UTC,Deposits,81029
2025-02-24 00:00:00.000 UTC,Deposits,30444
2026-01-06 00:00:00.000 UTC,Deposits,183735.39548067
2026-04-03 00:00:00.000 UTC,Deposits,77640.914122314
2026-03-05 00:00:00.000 UTC,Deposits,11329.474369986
2026-09-03 00:00:00.000 UTC,Deposits,6472.81282976
2026-08-23 00:00:00.000 UTC,Deposits,1450.767950244
2024-08-05 00:00:00.000 UTC,Deposits,27654
2025-04-18 00:00:00.000 UTC,Deposits,32481
2025-11-20 00:00:00.000 UTC,Deposits,17632.412241550996
2026-05-23 00:00:00.000 UTC,Deposits,22269.243564374
2025-05-25 00:00:00.000 UTC,Deposits,10033.017562724
2024-05-13 00:00:00.000 UTC,Deposits,17059
2024-07-26 00:00:00.000 UTC,Deposits,55258
2025-02-19 00:00:00.000 UTC,Deposits,28397
2025-04-07 00:00:00.000 UTC,Deposits,31131
2025-08-14 00:00:00.000 UTC,Deposits,247914.215574266
2025-08-27 00:00:00.000 UTC,Deposits,219230.586496115
2024-04-27 00:00:00.000 UTC,Deposits,29437
2024-09-27 00:00:00.000 UTC,Deposits,71080
2025-02-11 00:00:00.000 UTC,Deposits,72668
2025-04-20 00:00:00.000 UTC,Deposits,16552
2025-05-01 00:00:00.000 UTC,Deposits,62304
2025-05-22 00:00:00.000 UTC,Deposits,88583.172853796
2026-04-16 00:00:00.000 UTC,Deposits,28182.313162927003
2025-02-16 00:00:00.000 UTC,Deposits,36202
2026-01-01 00:00:00.000 UTC,Deposits,61759.528510941986
2026-02-12 00:00:00.000 UTC,Deposits,30877.479287662005
2026-06-08 00:00:00.000 UTC,Deposits,65521.02409329801
2026-07-20 00:00:00.000 UTC,Deposits,44258.75924742901
2026-06-26 00:00:00.000 UTC,Deposits,234488.318748981
2025-01-26 00:00:00.000 UTC,Deposits,20518
2026-04-19 00:00:00.000 UTC,Deposits,11909.19751627
2024-09-22 00:00:00.000 UTC,Deposits,12129
2024-12-12 00:00:00.000 UTC,Deposits,24262
2025-03-01 00:00:00.000 UTC,Deposits,23232
2025-06-07 00:00:00.000 UTC,Deposits,75754.169
2025-09-25 00:00:00.000 UTC,Deposits,16290.009704985
2025-11-25 00:00:00.000 UTC,Deposits,29696.952352480002
2025-12-29 00:00:00.000 UTC,Deposits,190797.86474438
2024-06-08 00:00:00.000 UTC,Deposits,28607
2024-07-05 00:00:00.000 UTC,Deposits,42103
2024-07-23 00:00:00.000 UTC,Deposits,70269
2025-05-30 00:00:00.000 UTC,Deposits,63196.263328992995
2026-01-03 00:00:00.000 UTC,Deposits,72891.77643655699
2025-09-12 00:00:00.000 UTC,Deposits,22316.221100000002
2025-09-23 00:00:00.000 UTC,Deposits,23381.35
2026-01-11 00:00:00.000 UTC,Deposits,106009.501796729
2026-02-04 00:00:00.000 UTC,Deposits,21402.395236661003
2026-08-31 00:00:00.000 UTC,Deposits,2312.324173858
2024-09-03 00:00:00.000 UTC,Deposits,94668
2024-12-02 00:00:00.000 UTC,Deposits,81889
2024-12-28 00:00:00.000 UTC,Deposits,13929
2025-06-04 00:00:00.000 UTC,Deposits,107966.446
2025-07-11 00:00:00.000 UTC,Deposits,79959.4265
2025-09-07 00:00:00.000 UTC,Deposits,12482.8158
2025-07-19 00:00:00.000 UTC,Deposits,24212.547814779
2026-09-21 00:00:00.000 UTC,Deposits,4247.448386974001
2024-08-31 00:00:00.000 UTC,Deposits,39527
2025-11-28 00:00:00.000 UTC,Deposits,17987.95885794
2026-05-10 00:00:00.000 UTC,Deposits,10127.201350383
2024-06-29 00:00:00.000 UTC,Deposits,11709
2024-11-29 00:00:00.000 UTC,Deposits,36155
2026-02-07 00:00:00.000 UTC,Deposits,16640.663302213
2026-08-21 00:00:00.000 UTC,Deposits,17249.271898644
2025-03-20 00:00:00.000 UTC,Deposits,76504
2025-08-25 00:00:00.000 UTC,Deposits,281166.072
2026-05-02 00:00:00.000 UTC,Deposits,22037.139041130005
2024-04-19 00:00:00.000 UTC,Deposits,46339
2024-05-08 00:00:00.000 UTC,Deposits,32465
2024-07-18 00:00:00.000 UTC,Deposits,43874
2024-09-08 00:00:00.000 UTC,Deposits,15136
2024-11-05 00:00:00.000 UTC,Deposits,50072
2025-03-14 00:00:00.000 UTC,Deposits,36192
2026-04-27 00:00:00.000 UTC,Deposits,135891.815261307
2026-05-26 00:00:00.000 UTC,Deposits,22540.575287589003
2025-09-17 00:00:00.000 UTC,Deposits,8418.242567177
2024-04-11 00:00:00.000 UTC,Deposits,145590
2024-10-15 00:00:00.000 UTC,Deposits,62363
2024-12-15 00:00:00.000 UTC,Deposits,11353
2025-01-21 00:00:00.000 UTC,Deposits,103957
2025-02-21 00:00:00.000 UTC,Deposits,30101
2025-04-28 00:00:00.000 UTC,Deposits,28806
2025-08-04 00:00:00.000 UTC,Deposits,35786.491799999996
2025-10-14 00:00:00.000 UTC,Deposits,41143.399597102005
2026-07-17 00:00:00.000 UTC,Deposits,14265.682002992
2026-08-10 00:00:00.000 UTC,Deposits,27079.699568334006
2026-05-20 00:00:00.000 UTC,Deposits,24658.885205907
2024-06-16 00:00:00.000 UTC,Deposits,16998
2024-06-21 00:00:00.000 UTC,Deposits,42929
2025-10-09 00:00:00.000 UTC,Deposits,39850.99218148999
2026-02-20 00:00:00.000 UTC,Deposits,33418.46417312299
2025-11-04 00:00:00.000 UTC,Deposits,18878.29538049
2025-06-17 00:00:00.000 UTC,Deposits,83193.22200000001
2024-10-13 00:00:00.000 UTC,Deposits,12961
2025-11-01 00:00:00.000 UTC,Deposits,24284.721974475
2026-06-13 00:00:00.000 UTC,Deposits,15028.618728632
2024-09-11 00:00:00.000 UTC,Deposits,106902
2024-11-08 00:00:00.000 UTC,Deposits,44452
2026-09-08 00:00:00.000 UTC,Deposits,4410.6681457390005
2024-10-31 00:00:00.000 UTC,Deposits,58018
2025-08-01 00:00:00.000 UTC,Deposits,40319.33
2025-09-28 00:00:00.000 UTC,Deposits,84625.09059990298
2025-10-11 00:00:00.000 UTC,Deposits,35138.164529860005
2026-01-14 00:00:00.000 UTC,Deposits,360518.597940993
2026-01-30 00:00:00.000 UTC,Deposits,36880.722433888
2026-06-16 00:00:00.000 UTC,Deposits,22732.582252877
2024-04-30 00:00:00.000 UTC,Deposits,14337
2024-07-07 00:00:00.000 UTC,Deposits,18695
2024-08-21 00:00:00.000 UTC,Deposits,23480
2024-10-10 00:00:00.000 UTC,Deposits,18263
2024-11-16 00:00:00.000 UTC,Deposits,16896
2025-02-08 00:00:00.000 UTC,Deposits,33598
2025-08-09 00:00:00.000 UTC,Deposits,11617.55
2024-03-29 00:00:00.000 UTC,Deposits,88702
2026-01-22 00:00:00.000 UTC,Deposits,293625.26775544806
2026-03-18 00:00:00.000 UTC,Deposits,47430.860502986994
2026-03-13 00:00:00.000 UTC,Deposits,85152.02108228099
2025-11-02 00:00:00.000 UTC,Deposits,34655.954453025
2024-11-14 00:00:00.000 UTC,Deposits,52000
2025-09-14 00:00:00.000 UTC,Deposits,4719.0699
2026-06-27 00:00:00.000 UTC,Deposits,57792.01590391599
2024-05-15 00:00:00.000 UTC,Deposits,44462
2024-06-10 00:00:00.000 UTC,Deposits,40107
2024-07-21 00:00:00.000 UTC,Deposits,61922
2024-08-16 00:00:00.000 UTC,Deposits,48551
2024-09-01 00:00:00.000 UTC,Deposits,18076
2024-10-07 00:00:00.000 UTC,Deposits,56264
2025-02-17 00:00:00.000 UTC,Deposits,41909
2025-11-27 00:00:00.000 UTC,Deposits,30514.699363287
2026-09-19 00:00:00.000 UTC,Deposits,718.745111958
2026-05-17 00:00:00.000 UTC,Deposits,27999.153931287
2024-09-26 00:00:00.000 UTC,Deposits,29843
2024-12-01 00:00:00.000 UTC,Deposits,37977
2024-12-29 00:00:00.000 UTC,Deposits,18808
2025-03-24 00:00:00.000 UTC,Deposits,80279
2025-09-18 00:00:00.000 UTC,Deposits,14260.545378818
2025-11-05 00:00:00.000 UTC,Deposits,74303.347825857
2024-03-22 00:00:00.000 UTC,Deposits,59840
2024-05-11 00:00:00.000 UTC,Deposits,13106
2026-04-09 00:00:00.000 UTC,Deposits,192343.90478851396
2026-04-30 00:00:00.000 UTC,Deposits,231020.05963669202
2024-05-31 00:00:00.000 UTC,Deposits,65114
2025-03-22 00:00:00.000 UTC,Deposits,42108
2025-10-08 00:00:00.000 UTC,Deposits,946848.4757866501
2026-01-15 00:00:00.000 UTC,Deposits,48169.30376115599
2026-09-01 00:00:00.000 UTC,Deposits,25432.369596246004
2024-07-31 00:00:00.000 UTC,Deposits,56561
2024-12-05 00:00:00.000 UTC,Deposits,44381
2024-12-20 00:00:00.000 UTC,Deposits,31330
2024-08-18 00:00:00.000 UTC,Deposits,11986
2026-08-26 00:00:00.000 UTC,Deposits,1655.7974785330002
2024-06-01 00:00:00.000 UTC,Deposits,45144
2024-09-15 00:00:00.000 UTC,Deposits,22144
2026-03-04 00:00:00.000 UTC,Deposits,31496.361965098997
2026-01-17 00:00:00.000 UTC,Deposits,85201.09502330901
2026-03-25 00:00:00.000 UTC,Deposits,20716.661766223
2025-12-28 00:00:00.000 UTC,Deposits,78455.007632669
2026-02-08 00:00:00.000 UTC,Deposits,14249.409037758998
2026-02-24 00:00:00.000 UTC,Deposits,38963.915126456995
2024-09-23 00:00:00.000 UTC,Deposits,26688
2025-02-15 00:00:00.000 UTC,Deposits,41376
2025-05-13 00:00:00.000 UTC,Deposits,52917.607029627005
2025-01-23 00:00:00.000 UTC,Deposits,26793
2025-03-13 00:00:00.000 UTC,Deposits,89474
2025-07-16 00:00:00.000 UTC,Deposits,80551.912
2026-03-12 00:00:00.000 UTC,Deposits,19263.354799868997
2024-04-23 00:00:00.000 UTC,Deposits,41504
2024-05-30 00:00:00.000 UTC,Deposits,56136
2025-10-31 00:00:00.000 UTC,Deposits,164046.238666336
2026-08-01 00:00:00.000 UTC,Deposits,7452.334122293999
2025-01-05 00:00:00.000 UTC,Deposits,32698
2025-02-05 00:00:00.000 UTC,Deposits,51712
2025-07-29 00:00:00.000 UTC,Deposits,37586.6994
2025-08-24 00:00:00.000 UTC,Deposits,308671.01219120005
2025-09-16 00:00:00.000 UTC,Deposits,17745.82
2025-09-06 00:00:00.000 UTC,Deposits,9928.32
2025-11-07 00:00:00.000 UTC,Deposits,19221.11987935
2025-11-26 00:00:00.000 UTC,Deposits,14811.134502178
2025-12-14 00:00:00.000 UTC,Deposits,9615.439355229999
2025-09-19 00:00:00.000 UTC,Deposits,14862.83502448
2024-06-13 00:00:00.000 UTC,Deposits,96777
2025-04-17 00:00:00.000 UTC,Deposits,98782
2025-10-21 00:00:00.000 UTC,Deposits,42197.86607351
2026-07-22 00:00:00.000 UTC,Deposits,87366.17164860501
2025-12-11 00:00:00.000 UTC,Deposits,73416.891561351
2024-09-21 00:00:00.000 UTC,Deposits,15904
2024-06-03 00:00:00.000 UTC,Deposits,60056
2025-01-03 00:00:00.000 UTC,Deposits,34829
2024-07-01 00:00:00.000 UTC,Deposits,39602
2024-08-09 00:00:00.000 UTC,Deposits,42375
2024-11-20 00:00:00.000 UTC,Deposits,28662
2025-01-30 00:00:00.000 UTC,Deposits,38657
2024-05-25 00:00:00.000 UTC,Deposits,10652
2024-12-24 00:00:00.000 UTC,Deposits,40949
2026-09-12 00:00:00.000 UTC,Deposits,4568.002185732999
2026-08-22 00:00:00.000 UTC,Deposits,1595.6231952639998
2024-03-31 00:00:00.000 UTC,Deposits,47416
2024-10-04 00:00:00.000 UTC,Deposits,47582
2024-11-10 00:00:00.000 UTC,Deposits,20310
2025-01-04 00:00:00.000 UTC,Deposits,13860
2025-01-24 00:00:00.000 UTC,Deposits,53537
2025-03-02 00:00:00.000 UTC,Deposits,10400
2026-01-23 00:00:00.000 UTC,Deposits,133645.32992220798
2026-03-23 00:00:00.000 UTC,Deposits,20017.448155356
2026-08-11 00:00:00.000 UTC,Deposits,78092.09632026199
2024-06-22 00:00:00.000 UTC,Deposits,64976
2026-08-28 00:00:00.000 UTC,Deposits,3791.3354071279996
2025-07-07 00:00:00.000 UTC,Deposits,189368.853
2025-10-28 00:00:00.000 UTC,Deposits,71513.295492237
2024-11-25 00:00:00.000 UTC,Deposits,44369
2026-03-17 00:00:00.000 UTC,Deposits,54227.86862620099
2026-05-11 00:00:00.000 UTC,Deposits,35048.665759726005
2024-03-27 00:00:00.000 UTC,Deposits,192008
2024-05-24 00:00:00.000 UTC,Deposits,21431
2024-09-20 00:00:00.000 UTC,Deposits,32159
2024-11-04 00:00:00.000 UTC,Deposits,34469
2025-01-15 00:00:00.000 UTC,Deposits,29989
2025-06-02 00:00:00.000 UTC,Deposits,213961.889
2025-11-15 00:00:00.000 UTC,Deposits,16023.9
2026-06-22 00:00:00.000 UTC,Deposits,57013.16270528201
2024-11-17 00:00:00.000 UTC,Deposits,10159
2024-05-12 00:00:00.000 UTC,Deposits,28343
2024-09-13 00:00:00.000 UTC,Deposits,110875
2025-05-02 00:00:00.000 UTC,Deposits,27488
2026-02-02 00:00:00.000 UTC,Deposits,48664.340848664004
2026-07-27 00:00:00.000 UTC,Deposits,31103.261852330997
2024-04-07 00:00:00.000 UTC,Deposits,56046
2024-04-09 00:00:00.000 UTC,Deposits,90334
2025-07-08 00:00:00.000 UTC,Deposits,122984.4507
2025-11-23 00:00:00.000 UTC,Deposits,11899.924611209999
2025-08-16 00:00:00.000 UTC,Deposits,7708.379028529
2026-02-06 00:00:00.000 UTC,Deposits,82023.364700296
2026-03-02 00:00:00.000 UTC,Deposits,17202.720144785002
2026-08-25 00:00:00.000 UTC,Deposits,1093.5193571879997
2026-03-15 00:00:00.000 UTC,Deposits,6837.123174229
2025-01-12 00:00:00.000 UTC,Deposits,20335
2025-05-07 00:00:00.000 UTC,Deposits,37338.689099999996
2025-08-31 00:00:00.000 UTC,Deposits,8718.141211743
2025-11-24 00:00:00.000 UTC,Deposits,15064.71225881
2025-07-21 00:00:00.000 UTC,Deposits,82184.04
2025-08-03 00:00:00.000 UTC,Deposits,73100.55
2026-07-18 00:00:00.000 UTC,Deposits,11030.456826544001
2026-07-31 00:00:00.000 UTC,Deposits,67830.083165853
2025-01-02 00:00:00.000 UTC,Deposits,21462
2024-11-09 00:00:00.000 UTC,Deposits,26802
2026-01-04 00:00:00.000 UTC,Deposits,143271.370159688
2026-08-15 00:00:00.000 UTC,Deposits,1535.852479656
2024-04-12 00:00:00.000 UTC,Deposits,72556
2024-06-14 00:00:00.000 UTC,Deposits,56793
2026-04-25 00:00:00.000 UTC,Deposits,31100.047312181003
2026-06-14 00:00:00.000 UTC,Deposits,93661.714440853
2026-03-30 00:00:00.000 UTC,Deposits,225776.45746182598
2024-06-24 00:00:00.000 UTC,Deposits,42137
2026-02-14 00:00:00.000 UTC,Deposits,12818.093269119
2025-04-25 00:00:00.000 UTC,Deposits,24639
2025-06-06 00:00:00.000 UTC,Deposits,21692.46
2025-06-22 00:00:00.000 UTC,Deposits,53619.11
2025-06-27 00:00:00.000 UTC,Deposits,18497.547599999998
2024-06-06 00:00:00.000 UTC,Deposits,55716
2024-07-12 00:00:00.000 UTC,Deposits,59421
2025-04-29 00:00:00.000 UTC,Deposits,13656
2026-02-01 00:00:00.000 UTC,Deposits,109321.017777534
2026-09-02 00:00:00.000 UTC,Deposits,3530.370361965001
2025-10-01 00:00:00.000 UTC,Deposits,47364.81
2024-10-24 00:00:00.000 UTC,Deposits,56829
2025-01-29 00:00:00.000 UTC,Deposits,25666
2026-03-28 00:00:00.000 UTC,Deposits,6013.168629425
2024-08-03 00:00:00.000 UTC,Deposits,9051
2024-11-13 00:00:00.000 UTC,Deposits,30529
2025-02-01 00:00:00.000 UTC,Deposits,29856
2025-10-26 00:00:00.000 UTC,Deposits,21139.888468322
2025-12-04 00:00:00.000 UTC,Deposits,15182.611023907
2026-05-14 00:00:00.000 UTC,Deposits,100019.913417978
2026-06-20 00:00:00.000 UTC,Deposits,41519.677562873
2024-03-25 00:00:00.000 UTC,Deposits,57105
2024-06-15 00:00:00.000 UTC,Deposits,20257
2024-08-25 00:00:00.000 UTC,Deposits,24229
2024-10-09 00:00:00.000 UTC,Deposits,10305
2025-09-22 00:00:00.000 UTC,Deposits,9938.295063040001
2026-01-25 00:00:00.000 UTC,Deposits,95196.859932098
2026-03-07 00:00:00.000 UTC,Deposits,18770.960176075
2026-07-05 00:00:00.000 UTC,Deposits,14936.209781296999
2024-10-29 00:00:00.000 UTC,Deposits,107861
2024-12-21 00:00:00.000 UTC,Deposits,31186
2025-04-23 00:00:00.000 UTC,Deposits,39967
2026-08-12 00:00:00.000 UTC,Deposits,8780.915630927
2024-09-04 00:00:00.000 UTC,Deposits,37153
2025-03-27 00:00:00.000 UTC,Deposits,72576
2025-08-13 00:00:00.000 UTC,Deposits,116760.817708757
2025-12-25 00:00:00.000 UTC,Deposits,35071.928465918994
2024-11-02 00:00:00.000 UTC,Deposits,6374
2026-08-08 00:00:00.000 UTC,Deposits,15465.991755037001
2025-09-29 00:00:00.000 UTC,Deposits,62813.38402451
2024-05-09 00:00:00.000 UTC,Deposits,34746
2024-07-27 00:00:00.000 UTC,Deposits,53713
2024-10-06 00:00:00.000 UTC,Deposits,20162
2025-02-07 00:00:00.000 UTC,Deposits,27260
2026-08-27 00:00:00.000 UTC,Deposits,1722.27741377
2024-11-23 00:00:00.000 UTC,Deposits,115339
2025-03-19 00:00:00.000 UTC,Deposits,108514
2025-04-04 00:00:00.000 UTC,Deposits,28769
2025-10-13 00:00:00.000 UTC,Deposits,64824.01771132
2025-11-19 00:00:00.000 UTC,Deposits,32473.362389659
2026-03-19 00:00:00.000 UTC,Deposits,35831.360487241
2026-09-22 00:00:00.000 UTC,Deposits,665.0663329399999
2024-04-10 00:00:00.000 UTC,Deposits,100463
2025-06-03 00:00:00.000 UTC,Deposits,67428.887378864
2024-10-20 00:00:00.000 UTC,Deposits,25350
2025-05-24 00:00:00.000 UTC,Deposits,24894.96702931
2025-09-05 00:00:00.000 UTC,Deposits,19597.137695679998
2026-02-26 00:00:00.000 UTC,Deposits,10237.170155835998
2026-04-10 00:00:00.000 UTC,Deposits,21649.026867387
2024-07-30 00:00:00.000 UTC,Deposits,127459
2025-10-18 00:00:00.000 UTC,Deposits,11679.115368859999
2025-09-27 00:00:00.000 UTC,Deposits,7728.97609
2025-10-10 00:00:00.000 UTC,Deposits,84272.2
2026-03-01 00:00:00.000 UTC,Deposits,7126.0477009999995
2025-03-18 00:00:00.000 UTC,Deposits,86509
2025-05-15 00:00:00.000 UTC,Deposits,27466.19450000001
2026-03-06 00:00:00.000 UTC,Deposits,59374.26471546301
2026-06-30 00:00:00.000 UTC,Deposits,45591.774617031006
2026-07-03 00:00:00.000 UTC,Deposits,43105.467708479
2025-01-06 00:00:00.000 UTC,Deposits,27250
2026-08-09 00:00:00.000 UTC,Deposits,6186.179714731
2026-08-17 00:00:00.000 UTC,Deposits,2550.0550047859997
2024-06-27 00:00:00.000 UTC,Deposits,92672
2024-07-15 00:00:00.000 UTC,Deposits,54816
2024-08-15 00:00:00.000 UTC,Deposits,105019
2025-04-16 00:00:00.000 UTC,Deposits,77191.8143
2025-10-30 00:00:00.000 UTC,Deposits,160712.03875100001
2026-07-15 00:00:00.000 UTC,Deposits,21269.049752334002
2024-05-06 00:00:00.000 UTC,Deposits,11285
2026-05-05 00:00:00.000 UTC,Deposits,174002.739150791
2026-01-19 00:00:00.000 UTC,Deposits,219959.467395589
2025-12-19 00:00:00.000 UTC,Deposits,113261.81836149801
2024-08-10 00:00:00.000 UTC,Deposits,13717
2024-11-30 00:00:00.000 UTC,Deposits,72310
2025-09-01 00:00:00.000 UTC,Deposits,179328.7302
2026-07-10 00:00:00.000 UTC,Deposits,89373.42605329001
2026-07-25 00:00:00.000 UTC,Deposits,13052.919447815
2026-05-19 00:00:00.000 UTC,Deposits,14350.10298793
2024-07-03 00:00:00.000 UTC,Deposits,82270
2025-01-01 00:00:00.000 UTC,Deposits,17478
2025-02-20 00:00:00.000 UTC,Deposits,72213
2025-04-19 00:00:00.000 UTC,Deposits,17762
2025-05-31 00:00:00.000 UTC,Deposits,63408.337
2025-07-30 00:00:00.000 UTC,Deposits,15532.6266
2026-07-14 00:00:00.000 UTC,Deposits,121957.085127527
2026-01-08 00:00:00.000 UTC,Deposits,384126.69539760804
2024-05-07 00:00:00.000 UTC,Deposits,51887
2024-05-18 00:00:00.000 UTC,Deposits,19216
2025-03-28 00:00:00.000 UTC,Deposits,38731
2025-06-09 00:00:00.000 UTC,Deposits,64504.8656
2024-03-23 00:00:00.000 UTC,Deposits,40710
2024-06-25 00:00:00.000 UTC,Deposits,66202
2024-07-09 00:00:00.000 UTC,Deposits,49684
2025-01-11 00:00:00.000 UTC,Deposits,16082
2025-04-01 00:00:00.000 UTC,Deposits,32753
2025-07-04 00:00:00.000 UTC,Deposits,90880.894041
2025-07-31 00:00:00.000 UTC,Deposits,55575.051299427
2026-01-20 00:00:00.000 UTC,Deposits,103032.87428478299
2026-08-16 00:00:00.000 UTC,Deposits,2508.3788600530006
2026-04-18 00:00:00.000 UTC,Deposits,8627.008574065
2024-04-13 00:00:00.000 UTC,Deposits,42059
2024-05-20 00:00:00.000 UTC,Deposits,126724
2025-04-22 00:00:00.000 UTC,Deposits,130301
2025-07-25 00:00:00.000 UTC,Deposits,13478.885
2026-03-29 00:00:00.000 UTC,Deposits,24633.954136134
2026-04-29 00:00:00.000 UTC,Deposits,138625.831640026
2024-07-29 00:00:00.000 UTC,Deposits,109688
2024-08-22 00:00:00.000 UTC,Deposits,18856
2024-10-14 00:00:00.000 UTC,Deposits,37152
2024-12-03 00:00:00.000 UTC,Deposits,40469
2025-11-10 00:00:00.000 UTC,Deposits,8749.876426269999
2026-02-18 00:00:00.000 UTC,Deposits,18917.437721862
2026-09-06 00:00:00.000 UTC,Deposits,2284.9302
2026-03-24 00:00:00.000 UTC,Deposits,13161.756579298
2025-12-16 00:00:00.000 UTC,Deposits,22862.275257839
2024-05-16 00:00:00.000 UTC,Deposits,27489
2024-12-25 00:00:00.000 UTC,Deposits,108211
2025-01-07 00:00:00.000 UTC,Deposits,41288
2025-04-05 00:00:00.000 UTC,Deposits,12897
2024-10-08 00:00:00.000 UTC,Deposits,26847
2026-09-18 00:00:00.000 UTC,Deposits,2072.705337688
2026-08-20 00:00:00.000 UTC,Deposits,2569.1754804270004
2025-11-13 00:00:00.000 UTC,Deposits,29153.406585455
2026-03-09 00:00:00.000 UTC,Deposits,58589.03330797499
2026-06-25 00:00:00.000 UTC,Deposits,65144.14485341
2024-08-01 00:00:00.000 UTC,Deposits,53257
2025-04-24 00:00:00.000 UTC,Deposits,25795
2024-04-18 00:00:00.000 UTC,Deposits,25615
2024-06-02 00:00:00.000 UTC,Deposits,34622
2025-11-29 00:00:00.000 UTC,Deposits,17124.5164
2025-12-07 00:00:00.000 UTC,Deposits,21773.726801727
2025-12-06 00:00:00.000 UTC,Deposits,45022.71591967001
2026-06-06 00:00:00.000 UTC,Deposits,38405.13778793
2024-05-19 00:00:00.000 UTC,Deposits,30218
2024-07-10 00:00:00.000 UTC,Deposits,55620
2025-02-10 00:00:00.000 UTC,Deposits,15360
2025-09-11 00:00:00.000 UTC,Deposits,11302.0996
2024-03-30 00:00:00.000 UTC,Deposits,65465
2024-04-04 00:00:00.000 UTC,Deposits,65990
2024-08-07 00:00:00.000 UTC,Deposits,45958
2024-12-18 00:00:00.000 UTC,Deposits,129728
2024-12-23 00:00:00.000 UTC,Deposits,63575
2025-03-03 00:00:00.000 UTC,Deposits,42238
2026-06-01 00:00:00.000 UTC,Deposits,7881.903567233999
2026-09-07 00:00:00.000 UTC,Deposits,6799.5287428870015
2025-08-19 00:00:00.000 UTC,Deposits,35282.788100000005
2026-07-02 00:00:00.000 UTC,Deposits,29759.669706138004
2026-06-19 00:00:00.000 UTC,Deposits,39712.15258253101
2026-07-28 00:00:00.000 UTC,Deposits,38360.912641537005
2024-09-02 00:00:00.000 UTC,Deposits,29421
2024-09-28 00:00:00.000 UTC,Deposits,10974
2025-02-13 00:00:00.000 UTC,Deposits,54122
2025-08-06 00:00:00.000 UTC,Deposits,17108.079379722
2026-04-12 00:00:00.000 UTC,Deposits,36731.363480996
2026-04-17 00:00:00.000 UTC,Deposits,17326.522201932
2024-08-02 00:00:00.000 UTC,Deposits,23795
2025-08-23 00:00:00.000 UTC,Deposits,13343.282722253001
2026-02-05 00:00:00.000 UTC,Deposits,56994.80247682699
2024-10-28 00:00:00.000 UTC,Deposits,44282
2026-08-29 00:00:00.000 UTC,Deposits,1412.0361733199998
2025-06-23 00:00:00.000 UTC,Deposits,53925.81628967999
2025-12-09 00:00:00.000 UTC,Deposits,71910.169458244
2026-05-08 00:00:00.000 UTC,Deposits,66630.246954591
2025-02-12 00:00:00.000 UTC,Deposits,32059
2025-10-15 00:00:00.000 UTC,Deposits,42905.593064935994
2026-02-03 00:00:00.000 UTC,Deposits,53570.14086469201
2026-05-24 00:00:00.000 UTC,Deposits,15145.656929043
2024-06-05 00:00:00.000 UTC,Deposits,50584
2025-01-19 00:00:00.000 UTC,Deposits,42871
2025-08-10 00:00:00.000 UTC,Deposits,46865.61123565499
2025-08-20 00:00:00.000 UTC,Deposits,22914.5717
2024-08-14 00:00:00.000 UTC,Deposits,34617
2025-12-26 00:00:00.000 UTC,Deposits,90714.562630958
2026-03-31 00:00:00.000 UTC,Deposits,57740.087503731
2025-12-20 00:00:00.000 UTC,Deposits,20599.45325631
2026-01-10 00:00:00.000 UTC,Deposits,122786.997539624
2026-04-15 00:00:00.000 UTC,Deposits,90730.324443321
2026-04-28 00:00:00.000 UTC,Deposits,188343.38013038796
2026-05-06 00:00:00.000 UTC,Deposits,24781.789775855
2026-06-04 00:00:00.000 UTC,Deposits,25411.793590001
2026-07-19 00:00:00.000 UTC,Deposits,5000.623115972999
2025-05-10 00:00:00.000 UTC,Deposits,43298.55367000001
2024-10-03 00:00:00.000 UTC,Deposits,58246
2024-12-31 00:00:00.000 UTC,Deposits,104729
2025-03-11 00:00:00.000 UTC,Deposits,48470
2024-08-23 00:00:00.000 UTC,Deposits,22844
2024-05-22 00:00:00.000 UTC,Deposits,16297
2024-10-27 00:00:00.000 UTC,Deposits,31430
2024-11-28 00:00:00.000 UTC,Deposits,47000
2025-02-28 00:00:00.000 UTC,Deposits,36226
2025-03-10 00:00:00.000 UTC,Deposits,58768
2025-11-08 00:00:00.000 UTC,Deposits,7649.64104846
2026-04-07 00:00:00.000 UTC,Deposits,79149.332945933
2025-09-30 00:00:00.000 UTC,Deposits,39298.47759003999
2026-07-01 00:00:00.000 UTC,Deposits,21139.448142355
2026-09-14 00:00:00.000 UTC,Deposits,5715.523046633
2025-02-22 00:00:00.000 UTC,Deposits,46741
2025-03-07 00:00:00.000 UTC,Deposits,34259
2025-12-12 00:00:00.000 UTC,Deposits,34537.949092579
2024-05-01 00:00:00.000 UTC,Deposits,12514
2024-10-22 00:00:00.000 UTC,Deposits,85428
2025-11-21 00:00:00.000 UTC,Deposits,23715.426573736004
2024-05-17 00:00:00.000 UTC,Deposits,20598
2024-11-12 00:00:00.000 UTC,Deposits,31959
2025-01-09 00:00:00.000 UTC,Deposits,79147
2025-03-29 00:00:00.000 UTC,Deposits,28072
2025-06-16 00:00:00.000 UTC,Deposits,116777.065
2025-07-15 00:00:00.000 UTC,Deposits,67183.7
2025-08-21 00:00:00.000 UTC,Deposits,59225.7863
2026-02-11 00:00:00.000 UTC,Deposits,105441.04100872399
2024-09-07 00:00:00.000 UTC,Deposits,18075
2025-09-03 00:00:00.000 UTC,Deposits,32525.426300000003
2026-05-27 00:00:00.000 UTC,Deposits,20512.15012554
2026-06-12 00:00:00.000 UTC,Deposits,27231.062898944
2024-07-25 00:00:00.000 UTC,Deposits,35262
2025-04-08 00:00:00.000 UTC,Deposits,48485
2024-07-13 00:00:00.000 UTC,Deposits,34622
2024-06-07 00:00:00.000 UTC,Deposits,54102
2024-07-19 00:00:00.000 UTC,Deposits,115724
2024-11-07 00:00:00.000 UTC,Deposits,100650
2025-01-22 00:00:00.000 UTC,Deposits,33413
2025-03-16 00:00:00.000 UTC,Deposits,17730
2025-06-29 00:00:00.000 UTC,Deposits,34808.931
2025-08-26 00:00:00.000 UTC,Deposits,20162.3954
2026-03-22 00:00:00.000 UTC,Deposits,7563.527755097
2024-04-17 00:00:00.000 UTC,Deposits,53894
2024-11-27 00:00:00.000 UTC,Deposits,65778
2025-02-23 00:00:00.000 UTC,Deposits,26541
2025-03-06 00:00:00.000 UTC,Deposits,67126
2025-06-26 00:00:00.000 UTC,Deposits,13414.380000000001
2025-07-01 00:00:00.000 UTC,Deposits,62615.573249716
2026-02-09 00:00:00.000 UTC,Deposits,37014.18079073
2025-10-20 00:00:00.000 UTC,Deposits,38266.86753956
2026-09-15 00:00:00.000 UTC,Deposits,3109.9149463479994
2024-09-25 00:00:00.000 UTC,Deposits,62928
2024-12-06 00:00:00.000 UTC,Deposits,43113.123999999996
2025-07-17 00:00:00.000 UTC,Deposits,37990.121617635
2025-09-08 00:00:00.000 UTC,Deposits,14855.333623999999
2026-01-29 00:00:00.000 UTC,Deposits,551512.314933317
2026-05-30 00:00:00.000 UTC,Deposits,11430.055422098
2024-04-02 00:00:00.000 UTC,Deposits,69266
2024-07-22 00:00:00.000 UTC,Deposits,35159
2026-09-17 00:00:00.000 UTC,Deposits,1717.591188239
2024-06-19 00:00:00.000 UTC,Deposits,87521
2025-02-18 00:00:00.000 UTC,Deposits,54708
2025-03-08 00:00:00.000 UTC,Deposits,14368
2025-08-29 00:00:00.000 UTC,Deposits,75438.5399
2025-12-22 00:00:00.000 UTC,Deposits,35149.990831507996
2026-01-27 00:00:00.000 UTC,Deposits,85065.82868124
2026-04-22 00:00:00.000 UTC,Deposits,11756.140328171998
2026-07-12 00:00:00.000 UTC,Deposits,38076.383896127
2024-04-05 00:00:00.000 UTC,Deposits,40420
2024-12-11 00:00:00.000 UTC,Deposits,48347
2026-01-16 00:00:00.000 UTC,Deposits,85345.375256543
2025-07-26 00:00:00.000 UTC,Deposits,21535.190000000002
2026-08-04 00:00:00.000 UTC,Deposits,25160.005613109995
2026-03-11 00:00:00.000 UTC,Deposits,18993.024196365004
2025-02-04 00:00:00.000 UTC,Deposits,67021
2025-02-06 00:00:00.000 UTC,Deposits,31016
2026-04-13 00:00:00.000 UTC,Deposits,56191.320512287
2024-12-30 00:00:00.000 UTC,Deposits,23179
2026-05-12 00:00:00.000 UTC,Deposits,26535.582293192998
2024-08-17 00:00:00.000 UTC,Deposits,12295
2025-04-11 00:00:00.000 UTC,Deposits,27169
2025-06-24 00:00:00.000 UTC,Deposits,27254.69
2025-07-23 00:00:00.000 UTC,Deposits,25884.208604646
2024-07-08 00:00:00.000 UTC,Deposits,38489
2024-08-30 00:00:00.000 UTC,Deposits,62514
2026-01-02 00:00:00.000 UTC,Deposits,139502.341415003
2026-03-14 00:00:00.000 UTC,Deposits,9284.559798543
2026-04-23 00:00:00.000 UTC,Deposits,223217.92041436498
2026-09-04 00:00:00.000 UTC,Deposits,3129.473061959
2024-08-12 00:00:00.000 UTC,Deposits,58466
2024-10-19 00:00:00.000 UTC,Deposits,9993
2025-01-20 00:00:00.000 UTC,Deposits,40419
2025-06-11 00:00:00.000 UTC,Deposits,55884.520000000004
2026-01-28 00:00:00.000 UTC,Deposits,276391.541515448
2026-02-21 00:00:00.000 UTC,Deposits,12187.196460101
2026-07-21 00:00:00.000 UTC,Deposits,62142.453541106006
2024-09-18 00:00:00.000 UTC,Deposits,22022
2025-04-26 00:00:00.000 UTC,Deposits,15303
2026-05-29 00:00:00.000 UTC,Deposits,26419.539922329
2025-10-04 00:00:00.000 UTC,Deposits,9537.813
2026-02-19 00:00:00.000 UTC,Deposits,15343.266526463
2026-05-21 00:00:00.000 UTC,Deposits,10085.258720676
2026-06-11 00:00:00.000 UTC,Deposits,19011.840858475003
2024-05-14 00:00:00.000 UTC,Deposits,17844
2024-09-30 00:00:00.000 UTC,Deposits,37310
2025-06-10 00:00:00.000 UTC,Deposits,68617.955
2024-07-28 00:00:00.000 UTC,Deposits,28457
2024-12-10 00:00:00.000 UTC,Deposits,19640
2025-08-11 00:00:00.000 UTC,Deposits,48872.456331562
2025-10-12 00:00:00.000 UTC,Deposits,51343.53805083
2024-09-10 00:00:00.000 UTC,Deposits,12079
2025-12-27 00:00:00.000 UTC,Deposits,222104.001939357
2026-05-13 00:00:00.000 UTC,Deposits,14082.533289162
2025-10-25 00:00:00.000 UTC,Deposits,14959.630000000001
2024-11-03 00:00:00.000 UTC,Deposits,35365
2025-11-12 00:00:00.000 UTC,Deposits,28728.67962169
2026-09-20 00:00:00.000 UTC,Deposits,911.392594425
2024-05-27 00:00:00.000 UTC,Deposits,22657
2026-08-02 00:00:00.000 UTC,Deposits,5879.530375649
2025-12-13 00:00:00.000 UTC,Deposits,21883.117181509
2025-11-06 00:00:00.000 UTC,Deposits,99000.972479371
2026-07-09 00:00:00.000 UTC,Deposits,51924.35693253899
2024-05-02 00:00:00.000 UTC,Deposits,15405
2024-07-16 00:00:00.000 UTC,Deposits,55456
2025-08-12 00:00:00.000 UTC,Deposits,91174.81899999999
2025-11-11 00:00:00.000 UTC,Deposits,34660.827665701
2026-03-16 00:00:00.000 UTC,Deposits,61673.74916646099
2026-06-28 00:00:00.000 UTC,Deposits,18979.221996253997
2024-06-09 00:00:00.000 UTC,Deposits,38631
2024-05-04 00:00:00.000 UTC,Deposits,16163
2024-09-05 00:00:00.000 UTC,Deposits,33914
2025-07-06 00:00:00.000 UTC,Deposits,11383.6
2026-06-09 00:00:00.000 UTC,Deposits,14646.100109538
2025-06-18 00:00:00.000 UTC,Deposits,36091.010292060004
2026-01-12 00:00:00.000 UTC,Deposits,349840.657943843
2025-05-12 00:00:00.000 UTC,Deposits,130757.61600000001
2024-08-08 00:00:00.000 UTC,Deposits,33750
2024-10-16 00:00:00.000 UTC,Deposits,39039
2025-06-05 00:00:00.000 UTC,Deposits,47243.527
2024-09-12 00:00:00.000 UTC,Deposits,32981
2025-06-15 00:00:00.000 UTC,Deposits,13774.047
2025-07-09 00:00:00.000 UTC,Deposits,111335.4105
2025-07-14 00:00:00.000 UTC,Deposits,106872.099
2025-11-18 00:00:00.000 UTC,Deposits,79779.4666903
2025-12-17 00:00:00.000 UTC,Deposits,19879.35350038
2025-12-30 00:00:00.000 UTC,Deposits,152840.31991949803
2026-03-27 00:00:00.000 UTC,Deposits,78355.924131717
2025-07-28 00:00:00.000 UTC,Deposits,59559.229608868
2026-04-20 00:00:00.000 UTC,Deposits,10394.688837592
2025-01-14 00:00:00.000 UTC,Deposits,24989
2026-08-14 00:00:00.000 UTC,Deposits,2422.513464996
2024-08-28 00:00:00.000 UTC,Deposits,93959
2025-03-21 00:00:00.000 UTC,Deposits,65624
2025-10-02 00:00:00.000 UTC,Deposits,54186.0584199
2025-10-07 00:00:00.000 UTC,Deposits,360758.48176873
2025-04-03 00:00:00.000 UTC,Deposits,26718
2026-01-07 00:00:00.000 UTC,Deposits,86744.451590524
2026-08-03 00:00:00.000 UTC,Deposits,165598.858303964
2024-06-12 00:00:00.000 UTC,Deposits,59953
2025-04-30 00:00:00.000 UTC,Deposits,27232
2025-05-08 00:00:00.000 UTC,Deposits,31611.998671939993
2025-07-13 00:00:00.000 UTC,Deposits,15593.108567685
2026-02-16 00:00:00.000 UTC,Deposits,17754.515551064003
2026-07-26 00:00:00.000 UTC,Deposits,86561.32733565099
2026-08-07 00:00:00.000 UTC,Deposits,38741.966022521
2025-03-05 00:00:00.000 UTC,Deposits,46234
2025-04-06 00:00:00.000 UTC,Deposits,15360
2026-01-26 00:00:00.000 UTC,Deposits,249618.170882281
2026-07-13 00:00:00.000 UTC,Deposits,45888.503374540014
2024-05-28 00:00:00.000 UTC,Deposits,165265
2024-11-18 00:00:00.000 UTC,Deposits,29007
2024-11-26 00:00:00.000 UTC,Deposits,20408
2024-12-09 00:00:00.000 UTC,Deposits,16661
2025-10-23 00:00:00.000 UTC,Deposits,36530.406718302
2024-08-04 00:00:00.000 UTC,Deposits,6682
2024-11-01 00:00:00.000 UTC,Deposits,34205
2024-12-08 00:00:00.000 UTC,Deposits,11854
2025-08-05 00:00:00.000 UTC,Deposits,39030.481745439996
2026-03-20 00:00:00.000 UTC,Deposits,125095.59903460799
2026-06-17 00:00:00.000 UTC,Deposits,15478.852625123
2024-07-14 00:00:00.000 UTC,Deposits,6319
2026-07-08 00:00:00.000 UTC,Deposits,17076.494422754
2024-04-29 00:00:00.000 UTC,Deposits,20501
2024-06-18 00:00:00.000 UTC,Deposits,25376
2024-06-26 00:00:00.000 UTC,Deposits,34950
2024-12-16 00:00:00.000 UTC,Deposits,23701
2026-02-10 00:00:00.000 UTC,Deposits,163135.84899285302
2026-03-03 00:00:00.000 UTC,Deposits,23838.681257186
2026-04-05 00:00:00.000 UTC,Deposits,28921.286442313
2025-01-25 00:00:00.000 UTC,Deposits,51584
2025-04-14 00:00:00.000 UTC,Deposits,66720
2025-05-18 00:00:00.000 UTC,Deposits,44132.774657506
2025-05-26 00:00:00.000 UTC,Deposits,32861.78600000001
2026-05-03 00:00:00.000 UTC,Deposits,16414.840298559
2024-03-28 00:00:00.000 UTC,Deposits,75320
2024-04-28 00:00:00.000 UTC,Deposits,21900
2024-06-04 00:00:00.000 UTC,Deposits,68973
2025-07-22 00:00:00.000 UTC,Deposits,28863.309658059
2024-06-30 00:00:00.000 UTC,Deposits,12273
2024-11-24 00:00:00.000 UTC,Deposits,46886
2025-05-20 00:00:00.000 UTC,Deposits,50756.60914000001
2025-06-30 00:00:00.000 UTC,Deposits,21243.6
2026-05-15 00:00:00.000 UTC,Deposits,90536.94151242592
2026-07-30 00:00:00.000 UTC,Deposits,83767.357733156
2024-06-17 00:00:00.000 UTC,Deposits,80314
2024-11-22 00:00:00.000 UTC,Deposits,105785
2024-12-13 00:00:00.000 UTC,Deposits,34111
2025-04-10 00:00:00.000 UTC,Deposits,189724
2025-04-13 00:00:00.000 UTC,Deposits,12377
2026-09-05 00:00:00.000 UTC,Deposits,2166.628439083
2025-06-25 00:00:00.000 UTC,Deposits,23135.45
2025-12-21 00:00:00.000 UTC,Deposits,22183.632352357996
2026-02-25 00:00:00.000 UTC,Deposits,25974.217602142002
2026-02-27 00:00:00.000 UTC,Deposits,18203.590021837
2026-06-03 00:00:00.000 UTC,Deposits,24829.762352030993
2026-09-10 00:00:00.000 UTC,Deposits,10967.216041542999
2024-04-25 00:00:00.000 UTC,Deposits,47186
2024-09-09 00:00:00.000 UTC,Deposits,25115
2024-10-21 00:00:00.000 UTC,Deposits,51615
2025-01-16 00:00:00.000 UTC,Deposits,19562
2025-03-31 00:00:00.000 UTC,Deposits,41278
2025-09-13 00:00:00.000 UTC,Deposits,7602.423794371
2024-12-17 00:00:00.000 UTC,Deposits,72024
2025-04-09 00:00:00.000 UTC,Deposits,44277
2025-05-21 00:00:00.000 UTC,Deposits,67454.3983
2025-08-08 00:00:00.000 UTC,Deposits,67543.06
2026-02-23 00:00:00.000 UTC,Deposits,41134.942215286996
2025-08-28 00:00:00.000 UTC,Deposits,41138.6667
2026-04-01 00:00:00.000 UTC,Deposits,37216.347651396
2024-07-17 00:00:00.000 UTC,Deposits,67099
2024-10-12 00:00:00.000 UTC,Deposits,42594
2024-10-25 00:00:00.000 UTC,Deposits,41251
2025-05-03 00:00:00.000 UTC,Deposits,8740
2025-05-16 00:00:00.000 UTC,Deposits,40632.407933911
2026-06-02 00:00:00.000 UTC,Deposits,71456.520228192
2025-06-21 00:00:00.000 UTC,Deposits,102797
2025-07-18 00:00:00.000 UTC,Deposits,68874.20962631
2026-06-07 00:00:00.000 UTC,Deposits,26364.035990575
2024-10-01 00:00:00.000 UTC,Deposits,55175
2025-02-25 00:00:00.000 UTC,Deposits,50045
2025-06-08 00:00:00.000 UTC,Deposits,20387.75447
2025-12-15 00:00:00.000 UTC,Deposits,119339.92557632399
2026-04-02 00:00:00.000 UTC,Deposits,35581.39150781399
2025-11-14 00:00:00.000 UTC,Deposits,33919.17436119
2026-01-24 00:00:00.000 UTC,Deposits,20550.220320259003
2026-03-10 00:00:00.000 UTC,Deposits,26913.670393518
2026-05-07 00:00:00.000 UTC,Deposits,11536.447754487
2025-05-11 00:00:00.000 UTC,Deposits,30679.31025
2024-07-04 00:00:00.000 UTC,Deposits,45169
2024-08-13 00:00:00.000 UTC,Deposits,87137
2025-05-04 00:00:00.000 UTC,Deposits,13664
2025-10-17 00:00:00.000 UTC,Deposits,47140.83665073
2026-08-13 00:00:00.000 UTC,Deposits,5170.586629593001
2025-05-28 00:00:00.000 UTC,Deposits,99277.39169999296
2024-05-03 00:00:00.000 UTC,Deposits,30766
2024-05-21 00:00:00.000 UTC,Deposits,129477
2024-10-23 00:00:00.000 UTC,Deposits,59067
2025-03-23 00:00:00.000 UTC,Deposits,53620
2025-06-12 00:00:00.000 UTC,Deposits,18002.7965
2024-10-11 00:00:00.000 UTC,Deposits,36608
2025-03-26 00:00:00.000 UTC,Deposits,63442
2026-05-18 00:00:00.000 UTC,Deposits,14253.009364465002
2025-01-31 00:00:00.000 UTC,Deposits,49580
2025-09-24 00:00:00.000 UTC,Deposits,62034.13175
2024-07-20 00:00:00.000 UTC,Deposits,153332
2024-08-20 00:00:00.000 UTC,Deposits,25820
2025-05-23 00:00:00.000 UTC,Deposits,58008.229505244
2024-12-19 00:00:00.000 UTC,Deposits,39022
2025-07-05 00:00:00.000 UTC,Deposits,23829.32
2025-12-02 00:00:00.000 UTC,Deposits,64032.17658274201
2026-05-16 00:00:00.000 UTC,Deposits,93697.08508083798
2026-05-25 00:00:00.000 UTC,Deposits,11102.893544584
2025-09-21 00:00:00.000 UTC,Deposits,81426.476897243
2024-11-15 00:00:00.000 UTC,Deposits,33535
2025-02-02 00:00:00.000 UTC,Deposits,11553
2025-04-27 00:00:00.000 UTC,Deposits,11974
2025-05-29 00:00:00.000 UTC,Deposits,58258.930100000005
2026-04-04 00:00:00.000 UTC,Deposits,28007.6051
2025-10-05 00:00:00.000 UTC,Deposits,17117.181660696002
2025-08-18 00:00:00.000 UTC,Deposits,71269.708628467
2026-09-09 00:00:00.000 UTC,Deposits,2526.872308303
2024-04-15 00:00:00.000 UTC,Deposits,115557
2024-06-20 00:00:00.000 UTC,Deposits,73521
2026-08-30 00:00:00.000 UTC,Deposits,765.0908658839999
2025-08-07 00:00:00.000 UTC,Deposits,30098.98
2025-10-03 00:00:00.000 UTC,Deposits,69907.144054834
2026-06-15 00:00:00.000 UTC,Deposits,43838.765398223
2025-10-16 00:00:00.000 UTC,Deposits,111081.13398969501
2026-03-21 00:00:00.000 UTC,Deposits,9951.533854084999
2026-04-26 00:00:00.000 UTC,Deposits,34665.68494537
2026-09-11 00:00:00.000 UTC,Deposits,6310.253288988999
2024-12-22 00:00:00.000 UTC,Deposits,48918
2025-05-14 00:00:00.000 UTC,Deposits,42181.653999999995
2025-07-02 00:00:00.000 UTC,Deposits,41460.27224174001
2025-06-19 00:00:00.000 UTC,Deposits,37042.9728
2025-11-16 00:00:00.000 UTC,Deposits,20724.444
2026-01-18 00:00:00.000 UTC,Deposits,29573.909435016
2026-01-31 00:00:00.000 UTC,Deposits,49560.93686092999
2025-09-10 00:00:00.000 UTC,Deposits,16492.573400881996
2024-04-03 00:00:00.000 UTC,Deposits,87044
2024-05-23 00:00:00.000 UTC,Deposits,31205
2024-08-19 00:00:00.000 UTC,Deposits,82335
2025-08-15 00:00:00.000 UTC,Deposits,107557.38916918998
2025-11-17 00:00:00.000 UTC,Deposits,39169.136659150005
2026-05-28 00:00:00.000 UTC,Deposits,63672.85603959
2026-02-13 00:00:00.000 UTC,Deposits,28227.396170919
2026-05-09 00:00:00.000 UTC,Deposits,7422.045196724999
2024-07-11 00:00:00.000 UTC,Deposits,92578
2025-09-02 00:00:00.000 UTC,Deposits,13834.462373559998
2025-10-29 00:00:00.000 UTC,Deposits,160837.64836005
2025-12-10 00:00:00.000 UTC,Deposits,53630.109387118
2026-05-04 00:00:00.000 UTC,Deposits,210998.95823846103
2025-09-20 00:00:00.000 UTC,Deposits,11218.99
2024-05-10 00:00:00.000 UTC,Deposits,26525
2025-03-25 00:00:00.000 UTC,Deposits,85162
2026-06-10 00:00:00.000 UTC,Deposits,22135.374989737
2025-01-27 00:00:00.000 UTC,Deposits,67204
2025-06-01 00:00:00.000 UTC,Deposits,57810.68
2026-01-13 00:00:00.000 UTC,Deposits,141310.325489573
2026-07-16 00:00:00.000 UTC,Deposits,39214.605493258
2025-08-02 00:00:00.000 UTC,Deposits,7966.77
2024-04-21 00:00:00.000 UTC,Deposits,27219
2026-07-11 00:00:00.000 UTC,Deposits,17604.716827381002
2026-07-29 00:00:00.000 UTC,Deposits,86645.44061264899
2025-01-17 00:00:00.000 UTC,Deposits,35436
2025-07-10 00:00:00.000 UTC,Deposits,57001.2629
2025-12-18 00:00:00.000 UTC,Deposits,96275.16368637
2026-07-24 00:00:00.000 UTC,Deposits,25130.562546103
2026-08-06 00:00:00.000 UTC,Deposits,17770.548940934998
2026-03-08 00:00:00.000 UTC,Deposits,7573.219371147
2024-09-24 00:00:00.000 UTC,Deposits,59989
2025-09-15 00:00:00.000 UTC,Deposits,9860.254173559999
2025-12-05 00:00:00.000 UTC,Deposits,67129.763059977
2026-03-26 00:00:00.000 UTC,Deposits,28499.317997705006
2024-04-16 00:00:00.000 UTC,Deposits,36081
2025-02-09 00:00:00.000 UTC,Deposits,6819
2026-08-24 00:00:00.000 UTC,Deposits,11302.613380656998
2026-08-19 00:00:00.000 UTC,Deposits,3017.336527377
2025-02-27 00:00:00.000 UTC,Deposits,24339
2025-11-22 00:00:00.000 UTC,Deposits,34151.165395564
2024-06-23 00:00:00.000 UTC,Deposits,49619
2024-06-28 00:00:00.000 UTC,Deposits,41980
2024-08-24 00:00:00.000 UTC,Deposits,11748
2024-12-14 00:00:00.000 UTC,Deposits,17067
2026-07-06 00:00:00.000 UTC,Deposits,16501.473697701997
2025-06-14 00:00:00.000 UTC,Deposits,68128.114
2026-01-05 00:00:00.000 UTC,Deposits,261227.852180924
2024-04-26 00:00:00.000 UTC,Deposits,33415
2024-12-27 00:00:00.000 UTC,Deposits,24939
2025-05-19 00:00:00.000 UTC,Deposits,41679.736125999996
2025-12-23 00:00:00.000 UTC,Deposits,38208.589342689
2026-06-18 00:00:00.000 UTC,Deposits,21747.880946515
2024-03-26 00:00:00.000 UTC,Deposits,80463
2025-02-14 00:00:00.000 UTC,Deposits,57502
2025-03-30 00:00:00.000 UTC,Deposits,14165
2025-07-20 00:00:00.000 UTC,Deposits,19321.58136513
2025-12-31 00:00:00.000 UTC,Deposits,69103.50272769699
2025-10-24 00:00:00.000 UTC,Deposits,136762.34371554898
2024-08-06 00:00:00.000 UTC,Deposits,30591
2024-10-30 00:00:00.000 UTC,Deposits,159084
2025-05-27 00:00:00.000 UTC,Deposits,80011.57481866
2024-07-06 00:00:00.000 UTC,Deposits,12883
2024-04-08 00:00:00.000 UTC,Deposits,63201
2024-09-14 00:00:00.000 UTC,Deposits,7264
2025-03-12 00:00:00.000 UTC,Deposits,63426
2025-05-05 00:00:00.000 UTC,Deposits,39394
2025-11-03 00:00:00.000 UTC,Deposits,29878.723211919998
2026-04-21 00:00:00.000 UTC,Deposits,104552.42741729501
2025-03-09 00:00:00.000 UTC,Deposits,26770
2025-11-30 00:00:00.000 UTC,Deposits,8607.554
2026-06-05 00:00:00.000 UTC,Deposits,49148.43135343099
2026-06-23 00:00:00.000 UTC,Deposits,117929.53917471296
2024-07-24 00:00:00.000 UTC,Deposits,60835
2024-08-11 00:00:00.000 UTC,Deposits,14019
2024-11-21 00:00:00.000 UTC,Deposits,23619
2026-05-22 00:00:00.000 UTC,Deposits,20007.889465573
2025-06-07 00:00:00.000 UTC,Withdrawn Rewards,-2612.7238120980114
2025-07-04 00:00:00.000 UTC,Withdrawn Rewards,-2636.5804664430407
2025-07-30 00:00:00.000 UTC,Withdrawn Rewards,-2593.1749985850156
2026-04-09 00:00:00.000 UTC,Withdrawn Rewards,-2230.3092750720116
2024-10-03 00:00:00.000 UTC,Withdrawn Rewards,-2586.7497741100233
2024-11-30 00:00:00.000 UTC,Withdrawn Rewards,-2601.307950871011
2024-12-08 00:00:00.000 UTC,Withdrawn Rewards,-2604.0554156499843
2024-12-16 00:00:00.000 UTC,Withdrawn Rewards,-2600.5952414980143
2025-02-17 00:00:00.000 UTC,Withdrawn Rewards,-2566.2268382060342
2025-05-07 00:00:00.000 UTC,Withdrawn Rewards,-2541.2596547059825
2025-07-20 00:00:00.000 UTC,Withdrawn Rewards,-2600.9895219410278
2025-08-15 00:00:00.000 UTC,Withdrawn Rewards,-2649.4654340510456
2025-12-01 00:00:00.000 UTC,Withdrawn Rewards,-2358.61163313396
2024-11-17 00:00:00.000 UTC,Withdrawn Rewards,-2594.9943720309416
2025-12-30 00:00:00.000 UTC,Withdrawn Rewards,-2446.6433967420303
2026-05-24 00:00:00.000 UTC,Withdrawn Rewards,-2283.5722682089904
2026-06-22 00:00:00.000 UTC,Withdrawn Rewards,-2077.9694369589993
2026-07-08 00:00:00.000 UTC,Withdrawn Rewards,-2002.7630490329834
2024-11-09 00:00:00.000 UTC,Withdrawn Rewards,-2611.1032389460274
2025-08-23 00:00:00.000 UTC,Withdrawn Rewards,-2705.4742295420106
2025-09-29 00:00:00.000 UTC,Withdrawn Rewards,-2488.229074777036
2025-07-25 00:00:00.000 UTC,Withdrawn Rewards,-2677.103615800011
2026-03-01 00:00:00.000 UTC,Withdrawn Rewards,-2481.577598610001
2024-07-27 00:00:00.000 UTC,Withdrawn Rewards,-2533.5582392059528
2024-08-30 00:00:00.000 UTC,Withdrawn Rewards,-3042.248382398007
2024-11-14 00:00:00.000 UTC,Withdrawn Rewards,-2663.337898818978
2025-05-10 00:00:00.000 UTC,Withdrawn Rewards,-2588.5488555159727
2025-01-04 00:00:00.000 UTC,Withdrawn Rewards,-2570.853573335967
2026-06-03 00:00:00.000 UTC,Withdrawn Rewards,-2207.2296001180125
2026-09-11 00:00:00.000 UTC,Withdrawn Rewards,-2121.667068799996
2025-11-28 00:00:00.000 UTC,Withdrawn Rewards,-2388.052435222034
2026-05-19 00:00:00.000 UTC,Withdrawn Rewards,-2495.4390177350238
2024-04-03 00:00:00.000 UTC,Withdrawn Rewards,-2469.8918566699977
2024-04-16 00:00:00.000 UTC,Withdrawn Rewards,-2466.0840048229843
2024-06-21 00:00:00.000 UTC,Withdrawn Rewards,-2530.189348417979
2024-08-18 00:00:00.000 UTC,Withdrawn Rewards,-2569.5383544870488
2025-03-01 00:00:00.000 UTC,Withdrawn Rewards,-2565.4970493010155
2025-08-06 00:00:00.000 UTC,Withdrawn Rewards,-2582.1052397350095
2025-08-19 00:00:00.000 UTC,Withdrawn Rewards,-2638.136936888999
2026-02-09 00:00:00.000 UTC,Withdrawn Rewards,-2314.090969782031
2026-02-25 00:00:00.000 UTC,Withdrawn Rewards,-2296.9137064349998
2026-05-28 00:00:00.000 UTC,Withdrawn Rewards,-2124.9720842770157
2024-09-16 00:00:00.000 UTC,Withdrawn Rewards,-2579.7133008210317
2025-11-06 00:00:00.000 UTC,Withdrawn Rewards,-2460.175682540974
2026-03-10 00:00:00.000 UTC,Withdrawn Rewards,-2203.3338120000053
2025-08-14 00:00:00.000 UTC,Withdrawn Rewards,-2678.558435184007
2025-11-30 00:00:00.000 UTC,Withdrawn Rewards,-2476.5326684870165
2026-04-29 00:00:00.000 UTC,Withdrawn Rewards,-2211.3967008749946
2025-08-05 00:00:00.000 UTC,Withdrawn Rewards,-2653.8073385979637
2025-10-11 00:00:00.000 UTC,Withdrawn Rewards,-2485.4928583690016
2025-10-24 00:00:00.000 UTC,Withdrawn Rewards,-3146.932010590985
2026-04-03 00:00:00.000 UTC,Withdrawn Rewards,-2320.0667977849666
2026-04-16 00:00:00.000 UTC,Withdrawn Rewards,-2477.316678353016
2024-10-22 00:00:00.000 UTC,Withdrawn Rewards,-2607.548831417989
2025-04-22 00:00:00.000 UTC,Withdrawn Rewards,-2610.9115151200385
2025-06-16 00:00:00.000 UTC,Withdrawn Rewards,-2606.5540071680202
2025-03-30 00:00:00.000 UTC,Withdrawn Rewards,-2578.303278192983
2025-09-04 00:00:00.000 UTC,Withdrawn Rewards,-2561.686337470978
2025-06-09 00:00:00.000 UTC,Withdrawn Rewards,-2597.308796049959
2024-09-01 00:00:00.000 UTC,Withdrawn Rewards,-2577.8310403830183
2024-09-19 00:00:00.000 UTC,Withdrawn Rewards,-2605.8939455269765
2026-07-06 00:00:00.000 UTC,Withdrawn Rewards,-2381.446288630053
2026-08-24 00:00:00.000 UTC,Withdrawn Rewards,-2161.726976731994
2024-06-20 00:00:00.000 UTC,Withdrawn Rewards,-2531.8169240579773
2024-07-24 00:00:00.000 UTC,Withdrawn Rewards,-2569.068038862998
2025-11-10 00:00:00.000 UTC,Withdrawn Rewards,-2482.6252624949993
2025-11-26 00:00:00.000 UTC,Withdrawn Rewards,-2376.998461786011
2026-03-14 00:00:00.000 UTC,Withdrawn Rewards,-2211.6102173710015
2026-03-24 00:00:00.000 UTC,Withdrawn Rewards,-2250.212209738024
2026-05-14 00:00:00.000 UTC,Withdrawn Rewards,-3244.0585370290123
2026-08-04 00:00:00.000 UTC,Withdrawn Rewards,-2162.4397561819774
2024-08-04 00:00:00.000 UTC,Withdrawn Rewards,-2595.8614287369996
2024-11-08 00:00:00.000 UTC,Withdrawn Rewards,-2612.59593363201
2025-08-20 00:00:00.000 UTC,Withdrawn Rewards,-2584.139686299969
2025-08-25 00:00:00.000 UTC,Withdrawn Rewards,-2575.065900444972
2024-04-06 00:00:00.000 UTC,Withdrawn Rewards,-2458.584263914052
2024-10-20 00:00:00.000 UTC,Withdrawn Rewards,-2617.803819160004
2026-07-11 00:00:00.000 UTC,Withdrawn Rewards,-2148.2495452520207
2024-11-02 00:00:00.000 UTC,Withdrawn Rewards,-2593.54342126899
2024-12-22 00:00:00.000 UTC,Withdrawn Rewards,-2624.1559782280133
2025-01-17 00:00:00.000 UTC,Withdrawn Rewards,-2466.768381827036
2025-04-25 00:00:00.000 UTC,Withdrawn Rewards,-2609.8159075690187
2026-06-18 00:00:00.000 UTC,Withdrawn Rewards,-2089.1853551749955
2026-06-23 00:00:00.000 UTC,Withdrawn Rewards,-2076.9646562219614
2024-06-26 00:00:00.000 UTC,Withdrawn Rewards,-2352.8037576449783
2024-10-12 00:00:00.000 UTC,Withdrawn Rewards,-2588.660463076011
2024-12-06 00:00:00.000 UTC,Withdrawn Rewards,-2678.195428220036
2026-02-28 00:00:00.000 UTC,Withdrawn Rewards,-2272.7325663410006
2024-05-05 00:00:00.000 UTC,Withdrawn Rewards,-2637.823624667035
2026-08-09 00:00:00.000 UTC,Withdrawn Rewards,-2008.105007592023
2024-11-19 00:00:00.000 UTC,Withdrawn Rewards,-2631.4123847510255
2025-02-27 00:00:00.000 UTC,Withdrawn Rewards,-2558.8691682699973
2025-10-26 00:00:00.000 UTC,Withdrawn Rewards,-2468.569465287008
2025-11-03 00:00:00.000 UTC,Withdrawn Rewards,-2523.2505836639475
2025-07-28 00:00:00.000 UTC,Withdrawn Rewards,-2648.4918888319726
2026-08-22 00:00:00.000 UTC,Withdrawn Rewards,-2115.6318662709864
2024-06-18 00:00:00.000 UTC,Withdrawn Rewards,-2611.9011263179764
2025-06-14 00:00:00.000 UTC,Withdrawn Rewards,-2535.4455908379705
2026-01-26 00:00:00.000 UTC,Withdrawn Rewards,-2325.077202394982
2026-08-06 00:00:00.000 UTC,Withdrawn Rewards,-2101.210398563018
2024-04-10 00:00:00.000 UTC,Withdrawn Rewards,-2521.8627292619963
2024-10-08 00:00:00.000 UTC,Withdrawn Rewards,-2609.119625721006
2024-11-27 00:00:00.000 UTC,Withdrawn Rewards,-2585.939802828013
2025-01-06 00:00:00.000 UTC,Withdrawn Rewards,-2573.158372710975
2025-02-15 00:00:00.000 UTC,Withdrawn Rewards,-2609.1740160209943
2024-08-25 00:00:00.000 UTC,Withdrawn Rewards,-2571.36786017798
2025-10-04 00:00:00.000 UTC,Withdrawn Rewards,-2431.293591173994
2025-11-05 00:00:00.000 UTC,Withdrawn Rewards,-2362.095592373997
2025-11-18 00:00:00.000 UTC,Withdrawn Rewards,-2464.103519108963
2025-12-28 00:00:00.000 UTC,Withdrawn Rewards,-2345.6945993019867
2026-04-01 00:00:00.000 UTC,Withdrawn Rewards,-2145.531501061008
2025-11-13 00:00:00.000 UTC,Withdrawn Rewards,-2400.4745064510284
2026-08-16 00:00:00.000 UTC,Withdrawn Rewards,-2028.7722334709863
2024-03-27 00:00:00.000 UTC,Withdrawn Rewards,-2366.5327946419743
2024-07-03 00:00:00.000 UTC,Withdrawn Rewards,-2537.9599375320527
2024-08-11 00:00:00.000 UTC,Withdrawn Rewards,-2494.5623238189823
2024-09-17 00:00:00.000 UTC,Withdrawn Rewards,-2603.6284983919854
2024-09-25 00:00:00.000 UTC,Withdrawn Rewards,-2591.6686986109944
2025-04-10 00:00:00.000 UTC,Withdrawn Rewards,-2571.9244506189957
2025-09-02 00:00:00.000 UTC,Withdrawn Rewards,-2626.767605284025
2024-10-13 00:00:00.000 UTC,Withdrawn Rewards,-2566.8202835299717
2026-03-29 00:00:00.000 UTC,Withdrawn Rewards,-2218.664194014031
2025-11-08 00:00:00.000 UTC,Withdrawn Rewards,-2400.675050908016
2024-10-19 00:00:00.000 UTC,Withdrawn Rewards,-2603.3926120059427
2025-06-10 00:00:00.000 UTC,Withdrawn Rewards,-2578.8636830269966
2025-10-17 00:00:00.000 UTC,Withdrawn Rewards,-2596.1756203740206
2026-03-19 00:00:00.000 UTC,Withdrawn Rewards,-2169.6104172750015
2026-07-26 00:00:00.000 UTC,Withdrawn Rewards,-2021.114079037988
2026-07-13 00:00:00.000 UTC,Withdrawn Rewards,-2197.7085698080014
2024-04-13 00:00:00.000 UTC,Withdrawn Rewards,-2457.9561950460056
2024-07-17 00:00:00.000 UTC,Withdrawn Rewards,-2564.6990332329947
2024-08-21 00:00:00.000 UTC,Withdrawn Rewards,-2576.306595299009
2025-03-27 00:00:00.000 UTC,Withdrawn Rewards,-2569.4051660859946
2025-04-17 00:00:00.000 UTC,Withdrawn Rewards,-2582.825826714987
2025-07-13 00:00:00.000 UTC,Withdrawn Rewards,-2603.239564330989
2026-01-03 00:00:00.000 UTC,Withdrawn Rewards,-2582.7127390610467
2025-08-03 00:00:00.000 UTC,Withdrawn Rewards,-2624.983143099008
2025-08-30 00:00:00.000 UTC,Withdrawn Rewards,-2998.0424629109943
2025-11-27 00:00:00.000 UTC,Withdrawn Rewards,-2414.4116274070047
2026-01-16 00:00:00.000 UTC,Withdrawn Rewards,-2363.6917667739845
2026-07-22 00:00:00.000 UTC,Withdrawn Rewards,-2011.591279357036
2026-08-12 00:00:00.000 UTC,Withdrawn Rewards,-2274.8772678350065
2026-09-16 00:00:00.000 UTC,Withdrawn Rewards,-2049.0783846469603
2026-06-10 00:00:00.000 UTC,Withdrawn Rewards,-2114.1958464639993
2024-04-20 00:00:00.000 UTC,Withdrawn Rewards,-2482.4924725460123
2024-11-25 00:00:00.000 UTC,Withdrawn Rewards,-2605.6334086959496
2025-01-01 00:00:00.000 UTC,Withdrawn Rewards,-2599.914112347018
2026-01-23 00:00:00.000 UTC,Withdrawn Rewards,-2340.1248663140086
2026-08-27 00:00:00.000 UTC,Withdrawn Rewards,-2673.1148799880184
2025-04-11 00:00:00.000 UTC,Withdrawn Rewards,-2550.646519604961
2025-06-22 00:00:00.000 UTC,Withdrawn Rewards,-2567.7004357499304
2025-10-29 00:00:00.000 UTC,Withdrawn Rewards,-2400.1557921759704
2026-02-26 00:00:00.000 UTC,Withdrawn Rewards,-2282.494775169968
2025-12-18 00:00:00.000 UTC,Withdrawn Rewards,-2434.7529450739876
2026-08-19 00:00:00.000 UTC,Withdrawn Rewards,-2167.5414256919544
2024-09-29 00:00:00.000 UTC,Withdrawn Rewards,-2608.339727127957
2025-04-04 00:00:00.000 UTC,Withdrawn Rewards,-2606.0041287749773
2026-01-24 00:00:00.000 UTC,Withdrawn Rewards,-2326.8534784800136
2026-03-15 00:00:00.000 UTC,Withdrawn Rewards,-2222.9600547980162
2026-03-03 00:00:00.000 UTC,Withdrawn Rewards,-2293.2789255540006
2026-04-24 00:00:00.000 UTC,Withdrawn Rewards,-2149.9645813979705
2024-07-06 00:00:00.000 UTC,Withdrawn Rewards,-3032.5980160750355
2024-08-29 00:00:00.000 UTC,Withdrawn Rewards,-2415.557919036014
2024-11-26 00:00:00.000 UTC,Withdrawn Rewards,-2617.604654739018
2025-09-18 00:00:00.000 UTC,Withdrawn Rewards,-3001.525421748995
2024-10-02 00:00:00.000 UTC,Withdrawn Rewards,-2603.769066737964
2025-05-27 00:00:00.000 UTC,Withdrawn Rewards,-2568.2242616919857
2025-11-17 00:00:00.000 UTC,Withdrawn Rewards,-2354.078214047965
2025-12-13 00:00:00.000 UTC,Withdrawn Rewards,-2337.087156905991
2026-02-13 00:00:00.000 UTC,Withdrawn Rewards,-2361.978412132982
2026-05-31 00:00:00.000 UTC,Withdrawn Rewards,-2082.9199807360146
2026-09-19 00:00:00.000 UTC,Withdrawn Rewards,-2314.694113382006
2024-08-01 00:00:00.000 UTC,Withdrawn Rewards,-2524.2740333610345
2025-02-12 00:00:00.000 UTC,Withdrawn Rewards,-2542.0175084150223
2025-06-01 00:00:00.000 UTC,Withdrawn Rewards,-2592.131940654039
2025-06-27 00:00:00.000 UTC,Withdrawn Rewards,-2616.4365413950677
2025-12-08 00:00:00.000 UTC,Withdrawn Rewards,-2385.778512996975
2026-07-19 00:00:00.000 UTC,Withdrawn Rewards,-2229.260809738005
2025-07-23 00:00:00.000 UTC,Withdrawn Rewards,-2648.0565841459893
2026-08-01 00:00:00.000 UTC,Withdrawn Rewards,-2258.1462825669955
2024-06-28 00:00:00.000 UTC,Withdrawn Rewards,-2560.452171559006
2024-09-04 00:00:00.000 UTC,Withdrawn Rewards,-2577.0065682989666
2025-05-15 00:00:00.000 UTC,Withdrawn Rewards,-2572.8801327250267
2026-04-30 00:00:00.000 UTC,Withdrawn Rewards,-2154.734694715018
2026-06-14 00:00:00.000 UTC,Withdrawn Rewards,-2078.674558128996
2026-09-17 00:00:00.000 UTC,Withdrawn Rewards,-2081.303451031998
2024-03-30 00:00:00.000 UTC,Withdrawn Rewards,-2371.75615354298
2024-09-12 00:00:00.000 UTC,Withdrawn Rewards,-2589.4703418560275
2025-03-05 00:00:00.000 UTC,Withdrawn Rewards,-2876.8634273690136
2025-07-17 00:00:00.000 UTC,Withdrawn Rewards,-2622.8512261369615
2025-05-23 00:00:00.000 UTC,Withdrawn Rewards,-2605.2439321940096
2025-08-02 00:00:00.000 UTC,Withdrawn Rewards,-2587.438308278997
2025-09-07 00:00:00.000 UTC,Withdrawn Rewards,-2578.9790617209806
2024-05-28 00:00:00.000 UTC,Withdrawn Rewards,-2490.5184401930237
2024-09-27 00:00:00.000 UTC,Withdrawn Rewards,-2673.058923322012
2024-04-30 00:00:00.000 UTC,Withdrawn Rewards,-2487.1442706610283
2025-03-07 00:00:00.000 UTC,Withdrawn Rewards,-2557.714961646027
2025-05-08 00:00:00.000 UTC,Withdrawn Rewards,-2553.6456097220075
2025-09-28 00:00:00.000 UTC,Withdrawn Rewards,-2531.67664638901
2026-01-31 00:00:00.000 UTC,Withdrawn Rewards,-2363.8604882199797
2024-05-11 00:00:00.000 UTC,Withdrawn Rewards,-2491.103451132989
2024-05-24 00:00:00.000 UTC,Withdrawn Rewards,-2707.461648711026
2024-06-06 00:00:00.000 UTC,Withdrawn Rewards,-2495.3964077759865
2024-07-16 00:00:00.000 UTC,Withdrawn Rewards,-2563.4065980290165
2026-06-20 00:00:00.000 UTC,Withdrawn Rewards,-2334.1545352100193
2026-07-29 00:00:00.000 UTC,Withdrawn Rewards,-2355.6984988809895
2024-04-26 00:00:00.000 UTC,Withdrawn Rewards,-2651.519305685022
2025-07-18 00:00:00.000 UTC,Withdrawn Rewards,-2626.765777265019
2025-09-05 00:00:00.000 UTC,Withdrawn Rewards,-2559.644156076002
2026-04-26 00:00:00.000 UTC,Withdrawn Rewards,-2527.1445356150393
2026-06-15 00:00:00.000 UTC,Withdrawn Rewards,-2031.7393610510007
2024-06-10 00:00:00.000 UTC,Withdrawn Rewards,-2532.065572068967
2024-06-13 00:00:00.000 UTC,Withdrawn Rewards,-2511.577583785979
2024-06-15 00:00:00.000 UTC,Withdrawn Rewards,-2508.354856742047
2024-06-23 00:00:00.000 UTC,Withdrawn Rewards,-2517.428057132009
2025-01-25 00:00:00.000 UTC,Withdrawn Rewards,-2572.565298443013
2025-03-15 00:00:00.000 UTC,Withdrawn Rewards,-2602.632409035955
2024-04-19 00:00:00.000 UTC,Withdrawn Rewards,-2486.954724221006
2024-10-28 00:00:00.000 UTC,Withdrawn Rewards,-2616.242356058998
2024-11-13 00:00:00.000 UTC,Withdrawn Rewards,-2785.011325804003
2025-05-03 00:00:00.000 UTC,Withdrawn Rewards,-2578.7889714239786
2025-08-27 00:00:00.000 UTC,Withdrawn Rewards,-2637.7373884129697
2026-02-17 00:00:00.000 UTC,Withdrawn Rewards,-2316.7291722890154
2026-04-13 00:00:00.000 UTC,Withdrawn Rewards,-2295.1615986299753
2026-07-12 00:00:00.000 UTC,Withdrawn Rewards,-2130.4910913899685
2025-09-20 00:00:00.000 UTC,Withdrawn Rewards,-2568.932293264035
2026-08-31 00:00:00.000 UTC,Withdrawn Rewards,-2005.5709482919926
2025-07-02 00:00:00.000 UTC,Withdrawn Rewards,-2602.2371943240123
2026-02-11 00:00:00.000 UTC,Withdrawn Rewards,-2274.7874132729908
2026-04-04 00:00:00.000 UTC,Withdrawn Rewards,-2173.115310490008
2024-04-07 00:00:00.000 UTC,Withdrawn Rewards,-2441.3344983419943
2024-07-11 00:00:00.000 UTC,Withdrawn Rewards,-2541.1928216789906
2025-06-13 00:00:00.000 UTC,Withdrawn Rewards,-2556.3380621880497
2025-06-21 00:00:00.000 UTC,Withdrawn Rewards,-2576.764406191028
2024-12-03 00:00:00.000 UTC,Withdrawn Rewards,-2625.601769345003
2026-08-14 00:00:00.000 UTC,Withdrawn Rewards,-2101.782479133045
2024-05-18 00:00:00.000 UTC,Withdrawn Rewards,-2493.038440538017
2024-05-31 00:00:00.000 UTC,Withdrawn Rewards,-2622.1665962350053
2024-07-28 00:00:00.000 UTC,Withdrawn Rewards,-2529.2209557290466
2024-10-23 00:00:00.000 UTC,Withdrawn Rewards,-2611.3414817939915
2024-09-21 00:00:00.000 UTC,Withdrawn Rewards,-2612.6552475600056
2025-11-14 00:00:00.000 UTC,Withdrawn Rewards,-2366.398832613027
2025-03-18 00:00:00.000 UTC,Withdrawn Rewards,-2540.163238464992
2025-09-23 00:00:00.000 UTC,Withdrawn Rewards,-2459.4264220400237
2026-01-13 00:00:00.000 UTC,Withdrawn Rewards,-2340.1420836569964
2026-08-17 00:00:00.000 UTC,Withdrawn Rewards,-2005.0624590770087
2024-09-13 00:00:00.000 UTC,Withdrawn Rewards,-2585.702511356038
2025-04-14 00:00:00.000 UTC,Withdrawn Rewards,-2586.0219320629803
2026-07-21 00:00:00.000 UTC,Withdrawn Rewards,-2195.7555965479987
2026-08-29 00:00:00.000 UTC,Withdrawn Rewards,-2121.547155299985
2024-08-24 00:00:00.000 UTC,Withdrawn Rewards,-2572.1602906130074
2025-09-03 00:00:00.000 UTC,Withdrawn Rewards,-2587.172925286987
2026-08-30 00:00:00.000 UTC,Withdrawn Rewards,-1986.73061835397
2024-04-21 00:00:00.000 UTC,Withdrawn Rewards,-2479.7918159969918
2025-03-02 00:00:00.000 UTC,Withdrawn Rewards,-2554.163028867985
2025-12-26 00:00:00.000 UTC,Withdrawn Rewards,-2473.8194776350383
2026-07-14 00:00:00.000 UTC,Withdrawn Rewards,-2092.1290997619944
2026-09-14 00:00:00.000 UTC,Withdrawn Rewards,-2019.2560152829944
2025-10-12 00:00:00.000 UTC,Withdrawn Rewards,-2466.350494128007
2024-09-30 00:00:00.000 UTC,Withdrawn Rewards,-2603.479444433013
2025-02-19 00:00:00.000 UTC,Withdrawn Rewards,-2571.988740089011
2025-10-01 00:00:00.000 UTC,Withdrawn Rewards,-2472.033702902976
2026-05-06 00:00:00.000 UTC,Withdrawn Rewards,-2721.2966254130274
2024-10-09 00:00:00.000 UTC,Withdrawn Rewards,-2613.9511984199726
2026-06-11 00:00:00.000 UTC,Withdrawn Rewards,-2222.230626838997
2026-08-21 00:00:00.000 UTC,Withdrawn Rewards,-2134.016613481989
2024-05-03 00:00:00.000 UTC,Withdrawn Rewards,-2466.4853737010144
2024-08-16 00:00:00.000 UTC,Withdrawn Rewards,-2559.360662967986
2025-05-05 00:00:00.000 UTC,Withdrawn Rewards,-2574.1703622359682
2026-02-02 00:00:00.000 UTC,Withdrawn Rewards,-2316.5574518310013
2024-08-27 00:00:00.000 UTC,Withdrawn Rewards,-2560.712274186029
2025-12-12 00:00:00.000 UTC,Withdrawn Rewards,-2346.9834237340388
2026-09-09 00:00:00.000 UTC,Withdrawn Rewards,-1990.5848572669713
2024-04-18 00:00:00.000 UTC,Withdrawn Rewards,-2518.167087689972
2024-05-08 00:00:00.000 UTC,Withdrawn Rewards,-2503.1379055709936
2024-07-08 00:00:00.000 UTC,Withdrawn Rewards,-2528.0117414689953
2024-12-19 00:00:00.000 UTC,Withdrawn Rewards,-2579.4636742970247
2025-06-11 00:00:00.000 UTC,Withdrawn Rewards,-2551.9896463299933
2025-06-29 00:00:00.000 UTC,Withdrawn Rewards,-2578.5706641640336
2024-05-13 00:00:00.000 UTC,Withdrawn Rewards,-2474.3877057140057
2024-08-06 00:00:00.000 UTC,Withdrawn Rewards,-2559.652430823007
2024-11-21 00:00:00.000 UTC,Withdrawn Rewards,-2587.324873509993
2025-10-06 00:00:00.000 UTC,Withdrawn Rewards,-2496.8985325290178
2024-09-14 00:00:00.000 UTC,Withdrawn Rewards,-2583.760501761036
2025-10-16 00:00:00.000 UTC,Withdrawn Rewards,-3037.572175879029
2026-06-13 00:00:00.000 UTC,Withdrawn Rewards,-2389.474665646
2025-12-24 00:00:00.000 UTC,Withdrawn Rewards,-2864.598638021008
2026-03-18 00:00:00.000 UTC,Withdrawn Rewards,-2288.0140373690006
2026-05-15 00:00:00.000 UTC,Withdrawn Rewards,-2423.236862571993
2025-03-17 00:00:00.000 UTC,Withdrawn Rewards,-2569.370720580943
2024-06-07 00:00:00.000 UTC,Withdrawn Rewards,-2501.3266718109894
2024-11-15 00:00:00.000 UTC,Withdrawn Rewards,-2618.4778267899974
2025-01-11 00:00:00.000 UTC,Withdrawn Rewards,-2563.748728093016
2026-01-20 00:00:00.000 UTC,Withdrawn Rewards,-2360.20821610398
2025-11-20 00:00:00.000 UTC,Withdrawn Rewards,-2387.768333361993
2026-01-28 00:00:00.000 UTC,Withdrawn Rewards,-2847.1050430600535
2026-02-15 00:00:00.000 UTC,Withdrawn Rewards,-2283.0989680840203
2024-08-03 00:00:00.000 UTC,Withdrawn Rewards,-2613.7870424030057
2024-07-21 00:00:00.000 UTC,Withdrawn Rewards,-2542.235478840024
2024-12-27 00:00:00.000 UTC,Withdrawn Rewards,-2594.265984235003
2025-06-19 00:00:00.000 UTC,Withdrawn Rewards,-2553.4285262760036
2025-11-23 00:00:00.000 UTC,Withdrawn Rewards,-2368.727748683032
2026-04-19 00:00:00.000 UTC,Withdrawn Rewards,-3447.9943812561723
2026-04-14 00:00:00.000 UTC,Withdrawn Rewards,-2560.931498170944
2025-10-14 00:00:00.000 UTC,Withdrawn Rewards,-2458.516360094983
2025-11-16 00:00:00.000 UTC,Withdrawn Rewards,-2348.3597525279974
2026-03-08 00:00:00.000 UTC,Withdrawn Rewards,-2233.459674477977
2026-03-16 00:00:00.000 UTC,Withdrawn Rewards,-2175.7345475460106
2026-03-21 00:00:00.000 UTC,Withdrawn Rewards,-2241.3825606760056
2024-06-25 00:00:00.000 UTC,Withdrawn Rewards,-2450.9844528320255
2026-05-16 00:00:00.000 UTC,Withdrawn Rewards,-2251.036801213999
2026-09-22 00:00:00.000 UTC,Withdrawn Rewards,-923.7097118729996
2024-04-09 00:00:00.000 UTC,Withdrawn Rewards,-2653.849725669982
2024-10-27 00:00:00.000 UTC,Withdrawn Rewards,-2605.9394615719825
2025-02-07 00:00:00.000 UTC,Withdrawn Rewards,-2609.7539258910133
2025-03-13 00:00:00.000 UTC,Withdrawn Rewards,-2559.457602535029
2025-08-21 00:00:00.000 UTC,Withdrawn Rewards,-3499.4298381209637
2025-04-05 00:00:00.000 UTC,Withdrawn Rewards,-2588.585662489939
2025-08-31 00:00:00.000 UTC,Withdrawn Rewards,-3328.2723674220174
2026-04-28 00:00:00.000 UTC,Withdrawn Rewards,-2222.9296050900266
2024-08-02 00:00:00.000 UTC,Withdrawn Rewards,-2523.3020782140397
2024-12-12 00:00:00.000 UTC,Withdrawn Rewards,-2710.2611088000504
2025-02-21 00:00:00.000 UTC,Withdrawn Rewards,-2546.158957213039
2026-09-18 00:00:00.000 UTC,Withdrawn Rewards,-2413.87456218001
2025-03-25 00:00:00.000 UTC,Withdrawn Rewards,-2578.568832968998
2026-09-01 00:00:00.000 UTC,Withdrawn Rewards,-2216.7505725399383
2026-02-23 00:00:00.000 UTC,Withdrawn Rewards,-2319.7959194770356
2026-03-22 00:00:00.000 UTC,Withdrawn Rewards,-2295.756948805991
2024-12-29 00:00:00.000 UTC,Withdrawn Rewards,-2583.778511745027
2024-07-09 00:00:00.000 UTC,Withdrawn Rewards,-2537.418518162006
2024-07-22 00:00:00.000 UTC,Withdrawn Rewards,-2530.074473119019
2025-06-28 00:00:00.000 UTC,Withdrawn Rewards,-2567.101172472977
2024-04-05 00:00:00.000 UTC,Withdrawn Rewards,-2461.8272915380157
2024-04-17 00:00:00.000 UTC,Withdrawn Rewards,-2975.8255633309736
2024-04-23 00:00:00.000 UTC,Withdrawn Rewards,-2460.3460957099787
2025-01-13 00:00:00.000 UTC,Withdrawn Rewards,-2575.8531743430217
2025-03-08 00:00:00.000 UTC,Withdrawn Rewards,-2557.34024831708
2026-07-07 00:00:00.000 UTC,Withdrawn Rewards,-2027.6836419170077
2024-04-11 00:00:00.000 UTC,Withdrawn Rewards,-2480.6345563650416
2024-10-07 00:00:00.000 UTC,Withdrawn Rewards,-2647.1033388749606
2024-10-15 00:00:00.000 UTC,Withdrawn Rewards,-2533.962257682003
2025-01-23 00:00:00.000 UTC,Withdrawn Rewards,-2565.0906607829415
2025-06-30 00:00:00.000 UTC,Withdrawn Rewards,-2581.8914913559843
2025-08-22 00:00:00.000 UTC,Withdrawn Rewards,-2734.2749480589923
2025-12-21 00:00:00.000 UTC,Withdrawn Rewards,-2459.7607675920426
2026-07-25 00:00:00.000 UTC,Withdrawn Rewards,-2558.0984255700346
2025-12-05 00:00:00.000 UTC,Withdrawn Rewards,-2317.1654682579847
2026-03-31 00:00:00.000 UTC,Withdrawn Rewards,-2205.7201179919816
2026-04-08 00:00:00.000 UTC,Withdrawn Rewards,-2310.3881510300153
2026-05-04 00:00:00.000 UTC,Withdrawn Rewards,-2294.949627687993
2026-08-18 00:00:00.000 UTC,Withdrawn Rewards,-2323.196956775046
2026-08-15 00:00:00.000 UTC,Withdrawn Rewards,-2055.765161251021
2024-07-01 00:00:00.000 UTC,Withdrawn Rewards,-2529.9563797510077
2024-10-25 00:00:00.000 UTC,Withdrawn Rewards,-2556.2835854150057
2025-02-03 00:00:00.000 UTC,Withdrawn Rewards,-2577.3084770270216
2025-10-08 00:00:00.000 UTC,Withdrawn Rewards,-2479.1044432690305
2024-07-19 00:00:00.000 UTC,Withdrawn Rewards,-2545.6575891260404
2024-08-19 00:00:00.000 UTC,Withdrawn Rewards,-2555.0819680189943
2025-03-12 00:00:00.000 UTC,Withdrawn Rewards,-2548.4106315330705
2025-09-10 00:00:00.000 UTC,Withdrawn Rewards,-2565.5885392589835
2026-01-18 00:00:00.000 UTC,Withdrawn Rewards,-2399.6590201240033
2026-04-15 00:00:00.000 UTC,Withdrawn Rewards,-2202.160167057023
2026-05-03 00:00:00.000 UTC,Withdrawn Rewards,-2095.1922373120083
2025-12-07 00:00:00.000 UTC,Withdrawn Rewards,-3925.8095026138826
2024-08-17 00:00:00.000 UTC,Withdrawn Rewards,-2553.6614121539983
2025-05-02 00:00:00.000 UTC,Withdrawn Rewards,-2586.916602645975
2025-07-31 00:00:00.000 UTC,Withdrawn Rewards,-2577.262854827001
2025-07-15 00:00:00.000 UTC,Withdrawn Rewards,-2711.0695787020086
2024-09-11 00:00:00.000 UTC,Withdrawn Rewards,-2609.1888387819995
2024-11-24 00:00:00.000 UTC,Withdrawn Rewards,-2628.759282893024
2025-01-30 00:00:00.000 UTC,Withdrawn Rewards,-2604.394589080034
2024-05-23 00:00:00.000 UTC,Withdrawn Rewards,-2614.216486320981
2024-07-20 00:00:00.000 UTC,Withdrawn Rewards,-2527.036259805013
2025-03-06 00:00:00.000 UTC,Withdrawn Rewards,-2558.7971338680145
2025-04-12 00:00:00.000 UTC,Withdrawn Rewards,-2612.0071398680316
2025-05-22 00:00:00.000 UTC,Withdrawn Rewards,-2552.406481918021
2026-01-27 00:00:00.000 UTC,Withdrawn Rewards,-2524.7587820140243
2024-05-10 00:00:00.000 UTC,Withdrawn Rewards,-2489.3154730469655
2026-03-02 00:00:00.000 UTC,Withdrawn Rewards,-2366.775394186988
2026-05-07 00:00:00.000 UTC,Withdrawn Rewards,-2167.3606466180254
2026-06-26 00:00:00.000 UTC,Withdrawn Rewards,-2342.7588577909796
2026-08-02 00:00:00.000 UTC,Withdrawn Rewards,-2052.9364137670027
2024-04-08 00:00:00.000 UTC,Withdrawn Rewards,-2735.627916583006
2024-09-06 00:00:00.000 UTC,Withdrawn Rewards,-2567.9455101989834
2025-11-11 00:00:00.000 UTC,Withdrawn Rewards,-2676.3020677790014
2025-11-25 00:00:00.000 UTC,Withdrawn Rewards,-2379.851077302045
2026-05-17 00:00:00.000 UTC,Withdrawn Rewards,-2162.6533528400428
2025-04-07 00:00:00.000 UTC,Withdrawn Rewards,-2580.4751534510388
2024-06-24 00:00:00.000 UTC,Withdrawn Rewards,-2505.327498692044
2024-09-24 00:00:00.000 UTC,Withdrawn Rewards,-2610.3902701640136
2025-06-17 00:00:00.000 UTC,Withdrawn Rewards,-2591.1541199889903
2025-09-17 00:00:00.000 UTC,Withdrawn Rewards,-2575.0036728619707
2026-04-21 00:00:00.000 UTC,Withdrawn Rewards,-2216.6078688059565
2026-06-12 00:00:00.000 UTC,Withdrawn Rewards,-2279.00873827901
2024-06-17 00:00:00.000 UTC,Withdrawn Rewards,-2360.5421090940017
2024-09-07 00:00:00.000 UTC,Withdrawn Rewards,-2573.1903794910404
2025-02-28 00:00:00.000 UTC,Withdrawn Rewards,-2590.3126201200394
2025-03-10 00:00:00.000 UTC,Withdrawn Rewards,-2553.450766965013
2025-06-08 00:00:00.000 UTC,Withdrawn Rewards,-2610.2957369870487
2025-08-12 00:00:00.000 UTC,Withdrawn Rewards,-2762.987889546988
2025-08-18 00:00:00.000 UTC,Withdrawn Rewards,-2612.830317419971
2025-12-20 00:00:00.000 UTC,Withdrawn Rewards,-2442.017712640022
2025-05-17 00:00:00.000 UTC,Withdrawn Rewards,-2554.6100254719922
2025-08-08 00:00:00.000 UTC,Withdrawn Rewards,-2595.720660764015
2024-05-26 00:00:00.000 UTC,Withdrawn Rewards,-2504.0491114820006
2025-09-15 00:00:00.000 UTC,Withdrawn Rewards,-2523.894415028027
2024-03-26 00:00:00.000 UTC,Withdrawn Rewards,-2444.741992152023
2024-10-04 00:00:00.000 UTC,Withdrawn Rewards,-2603.439070714993
2024-11-29 00:00:00.000 UTC,Withdrawn Rewards,-2608.2918253739917
2024-12-01 00:00:00.000 UTC,Withdrawn Rewards,-2508.3094504719934
2025-01-07 00:00:00.000 UTC,Withdrawn Rewards,-2574.2363775559515
2025-05-16 00:00:00.000 UTC,Withdrawn Rewards,-2514.695174042018
2025-05-24 00:00:00.000 UTC,Withdrawn Rewards,-2590.0126122440065
2025-07-24 00:00:00.000 UTC,Withdrawn Rewards,-2695.0343853349764
2025-07-29 00:00:00.000 UTC,Withdrawn Rewards,-2592.983267767013
2024-06-05 00:00:00.000 UTC,Withdrawn Rewards,-2492.1725016670157
2024-12-17 00:00:00.000 UTC,Withdrawn Rewards,-2572.376905754984
2025-04-20 00:00:00.000 UTC,Withdrawn Rewards,-2605.416198985008
2025-07-10 00:00:00.000 UTC,Withdrawn Rewards,-2587.5368246159624
2024-10-10 00:00:00.000 UTC,Withdrawn Rewards,-2628.444785412015
2024-11-16 00:00:00.000 UTC,Withdrawn Rewards,-2620.972009989986
2026-06-05 00:00:00.000 UTC,Withdrawn Rewards,-2528.2038621409893
2024-10-30 00:00:00.000 UTC,Withdrawn Rewards,-2604.85302202202
2026-02-04 00:00:00.000 UTC,Withdrawn Rewards,-2465.168445558995
2024-05-02 00:00:00.000 UTC,Withdrawn Rewards,-2469.618976526989
2026-09-05 00:00:00.000 UTC,Withdrawn Rewards,-2001.6608608210083
2024-04-27 00:00:00.000 UTC,Withdrawn Rewards,-2503.885702363028
2024-10-18 00:00:00.000 UTC,Withdrawn Rewards,-2617.9668462779955
2024-12-25 00:00:00.000 UTC,Withdrawn Rewards,-2578.438738146986
2025-06-06 00:00:00.000 UTC,Withdrawn Rewards,-2576.011724226011
2025-07-26 00:00:00.000 UTC,Withdrawn Rewards,-2617.254660049958
2026-05-11 00:00:00.000 UTC,Withdrawn Rewards,-2716.055741434933
2025-05-20 00:00:00.000 UTC,Withdrawn Rewards,-2590.212114936009
2025-01-14 00:00:00.000 UTC,Withdrawn Rewards,-2551.273625193008
2025-05-12 00:00:00.000 UTC,Withdrawn Rewards,-2549.067784052992
2026-09-12 00:00:00.000 UTC,Withdrawn Rewards,-2309.7172503739703
2024-07-14 00:00:00.000 UTC,Withdrawn Rewards,-2481.1086937390096
2025-11-04 00:00:00.000 UTC,Withdrawn Rewards,-2453.60347180697
2024-07-04 00:00:00.000 UTC,Withdrawn Rewards,-2463.9896643029874
2024-12-28 00:00:00.000 UTC,Withdrawn Rewards,-2569.2148741160067
2025-06-12 00:00:00.000 UTC,Withdrawn Rewards,-2580.781421533039
2025-10-19 00:00:00.000 UTC,Withdrawn Rewards,-2419.0047220010197
2026-07-20 00:00:00.000 UTC,Withdrawn Rewards,-2207.650008674011
2024-05-25 00:00:00.000 UTC,Withdrawn Rewards,-2521.7382518650024
2025-02-01 00:00:00.000 UTC,Withdrawn Rewards,-2603.322462141015
2025-03-23 00:00:00.000 UTC,Withdrawn Rewards,-2475.5322777440074
2025-03-26 00:00:00.000 UTC,Withdrawn Rewards,-2592.7253673929554
2025-09-26 00:00:00.000 UTC,Withdrawn Rewards,-2495.4722905839762
2026-07-03 00:00:00.000 UTC,Withdrawn Rewards,-2046.7090269480166
2026-02-21 00:00:00.000 UTC,Withdrawn Rewards,-3426.545858667014
2026-07-16 00:00:00.000 UTC,Withdrawn Rewards,-2052.4585699599847
2024-12-30 00:00:00.000 UTC,Withdrawn Rewards,-2956.204531694033
2026-02-08 00:00:00.000 UTC,Withdrawn Rewards,-2286.51761200999
2024-12-14 00:00:00.000 UTC,Withdrawn Rewards,-2610.769451265965
2025-02-06 00:00:00.000 UTC,Withdrawn Rewards,-2610.8560615019974
2026-04-27 00:00:00.000 UTC,Withdrawn Rewards,-2263.706768564993
2026-06-28 00:00:00.000 UTC,Withdrawn Rewards,-2441.5816596600507
2026-09-03 00:00:00.000 UTC,Withdrawn Rewards,-2380.9450588080053
2026-05-26 00:00:00.000 UTC,Withdrawn Rewards,-2158.239929965021
2025-07-16 00:00:00.000 UTC,Withdrawn Rewards,-2667.818583486
2025-09-09 00:00:00.000 UTC,Withdrawn Rewards,-2771.157172758046
2026-01-29 00:00:00.000 UTC,Withdrawn Rewards,-2362.778233145005
2026-05-10 00:00:00.000 UTC,Withdrawn Rewards,-2129.2600421270286
2026-05-23 00:00:00.000 UTC,Withdrawn Rewards,-2245.5051033229956
2026-07-30 00:00:00.000 UTC,Withdrawn Rewards,-2426.6244400979385
2026-08-07 00:00:00.000 UTC,Withdrawn Rewards,-2067.2314663320017
2025-09-22 00:00:00.000 UTC,Withdrawn Rewards,-2488.3021580140085
2026-02-20 00:00:00.000 UTC,Withdrawn Rewards,-2330.721645243999
2024-05-29 00:00:00.000 UTC,Withdrawn Rewards,-2481.4318474140023
2024-07-12 00:00:00.000 UTC,Withdrawn Rewards,-2530.6691640260265
2024-07-25 00:00:00.000 UTC,Withdrawn Rewards,-2545.765169611029
2024-11-18 00:00:00.000 UTC,Withdrawn Rewards,-2616.187444011993
2025-04-30 00:00:00.000 UTC,Withdrawn Rewards,-2712.8458455329933
2026-02-06 00:00:00.000 UTC,Withdrawn Rewards,-2452.070304846031
2026-05-22 00:00:00.000 UTC,Withdrawn Rewards,-2366.6144105329954
2025-12-11 00:00:00.000 UTC,Withdrawn Rewards,-2351.6746509199766
2024-11-11 00:00:00.000 UTC,Withdrawn Rewards,-2587.736430123993
2025-03-20 00:00:00.000 UTC,Withdrawn Rewards,-2549.633044860016
2025-04-02 00:00:00.000 UTC,Withdrawn Rewards,-2784.850162428987
2025-07-05 00:00:00.000 UTC,Withdrawn Rewards,-2625.612479868015
2025-08-07 00:00:00.000 UTC,Withdrawn Rewards,-2587.8473698499624
2025-12-23 00:00:00.000 UTC,Withdrawn Rewards,-2432.8020701699666
2025-05-29 00:00:00.000 UTC,Withdrawn Rewards,-2643.6493997560137
2025-09-08 00:00:00.000 UTC,Withdrawn Rewards,-2603.8195083820237
2026-02-24 00:00:00.000 UTC,Withdrawn Rewards,-2355.1311423040465
2024-06-04 00:00:00.000 UTC,Withdrawn Rewards,-2486.6809855610154
2024-08-09 00:00:00.000 UTC,Withdrawn Rewards,-2539.4360541469873
2024-08-14 00:00:00.000 UTC,Withdrawn Rewards,-2585.621081206002
2024-08-22 00:00:00.000 UTC,Withdrawn Rewards,-2569.353707947992
2025-02-09 00:00:00.000 UTC,Withdrawn Rewards,-2538.49350884
2025-09-21 00:00:00.000 UTC,Withdrawn Rewards,-2522.4822459610277
2024-09-26 00:00:00.000 UTC,Withdrawn Rewards,-2496.944241704992
2025-04-28 00:00:00.000 UTC,Withdrawn Rewards,-2598.0512246640133
2025-06-20 00:00:00.000 UTC,Withdrawn Rewards,-2636.2295668340157
2025-07-03 00:00:00.000 UTC,Withdrawn Rewards,-2600.9118309280584
2025-11-09 00:00:00.000 UTC,Withdrawn Rewards,-2523.5864742109725
2026-08-20 00:00:00.000 UTC,Withdrawn Rewards,-2208.7382556169728
2026-03-26 00:00:00.000 UTC,Withdrawn Rewards,-2315.128563391038
2024-07-31 00:00:00.000 UTC,Withdrawn Rewards,-2538.842275314998
2024-08-31 00:00:00.000 UTC,Withdrawn Rewards,-2593.864656238006
2024-12-20 00:00:00.000 UTC,Withdrawn Rewards,-2513.1468059629983
2025-04-09 00:00:00.000 UTC,Withdrawn Rewards,-2576.643944078992
2025-01-12 00:00:00.000 UTC,Withdrawn Rewards,-2591.249005968989
2025-01-22 00:00:00.000 UTC,Withdrawn Rewards,-2577.416278233947
2025-03-04 00:00:00.000 UTC,Withdrawn Rewards,-2539.4216200589904
2025-04-23 00:00:00.000 UTC,Withdrawn Rewards,-2603.716644919003
2026-02-16 00:00:00.000 UTC,Withdrawn Rewards,-2275.8955993780137
2026-04-18 00:00:00.000 UTC,Withdrawn Rewards,-3033.2573547230854
2026-07-27 00:00:00.000 UTC,Withdrawn Rewards,-2332.212105201942
2024-05-21 00:00:00.000 UTC,Withdrawn Rewards,-2486.855437472975
2024-06-08 00:00:00.000 UTC,Withdrawn Rewards,-2459.4956269620197
2024-06-11 00:00:00.000 UTC,Withdrawn Rewards,-2546.3434734449897
2024-08-13 00:00:00.000 UTC,Withdrawn Rewards,-2612.9347657820044
2024-12-15 00:00:00.000 UTC,Withdrawn Rewards,-2595.8617948689835
2025-02-05 00:00:00.000 UTC,Withdrawn Rewards,-2538.736874692971
2025-02-16 00:00:00.000 UTC,Withdrawn Rewards,-2599.5804296589904
2025-05-19 00:00:00.000 UTC,Withdrawn Rewards,-2684.560591362988
2025-06-25 00:00:00.000 UTC,Withdrawn Rewards,-2864.7270810620425
2024-12-07 00:00:00.000 UTC,Withdrawn Rewards,-2595.1267373209894
2024-12-21 00:00:00.000 UTC,Withdrawn Rewards,-2837.3915865599943
2025-05-28 00:00:00.000 UTC,Withdrawn Rewards,-2890.966924663966
2025-08-13 00:00:00.000 UTC,Withdrawn Rewards,-2650.3936867110006
2025-10-31 00:00:00.000 UTC,Withdrawn Rewards,-2396.289204848032
2026-02-10 00:00:00.000 UTC,Withdrawn Rewards,-2344.182980546977
2026-01-02 00:00:00.000 UTC,Withdrawn Rewards,-2585.081506127036
2026-01-10 00:00:00.000 UTC,Withdrawn Rewards,-2440.7329804620153
2026-08-03 00:00:00.000 UTC,Withdrawn Rewards,-2282.7813073850057
2024-03-22 00:00:00.000 UTC,Withdrawn Rewards,-2705.7908170049514
2024-05-19 00:00:00.000 UTC,Withdrawn Rewards,-2448.385655424036
2024-06-12 00:00:00.000 UTC,Withdrawn Rewards,-2533.942555731008
2024-07-29 00:00:00.000 UTC,Withdrawn Rewards,-2529.135073436006
2024-09-20 00:00:00.000 UTC,Withdrawn Rewards,-2586.694257037047
2025-02-04 00:00:00.000 UTC,Withdrawn Rewards,-2579.31547917399
2026-01-15 00:00:00.000 UTC,Withdrawn Rewards,-2366.0742605530145
2026-02-05 00:00:00.000 UTC,Withdrawn Rewards,-3373.630164860964
2024-03-23 00:00:00.000 UTC,Withdrawn Rewards,-2574.4684034930037
2025-03-19 00:00:00.000 UTC,Withdrawn Rewards,-2514.8059600069982
2025-08-16 00:00:00.000 UTC,Withdrawn Rewards,-2556.5717672540263
2025-12-16 00:00:00.000 UTC,Withdrawn Rewards,-2365.822024066033
2026-05-02 00:00:00.000 UTC,Withdrawn Rewards,-2552.8114494189945
2025-10-13 00:00:00.000 UTC,Withdrawn Rewards,-2456.1723147430034
2026-06-21 00:00:00.000 UTC,Withdrawn Rewards,-2165.7245189050195
2024-05-22 00:00:00.000 UTC,Withdrawn Rewards,-2606.1551674859634
2025-02-25 00:00:00.000 UTC,Withdrawn Rewards,-2563.2214596180056
2025-04-24 00:00:00.000 UTC,Withdrawn Rewards,-2590.605025630001
2025-08-10 00:00:00.000 UTC,Withdrawn Rewards,-2593.102444507934
2025-09-16 00:00:00.000 UTC,Withdrawn Rewards,-2507.842724503032
2026-03-06 00:00:00.000 UTC,Withdrawn Rewards,-2230.6010128560197
2026-03-09 00:00:00.000 UTC,Withdrawn Rewards,-2343.1171560020366
2026-04-17 00:00:00.000 UTC,Withdrawn Rewards,-2102.6795795799917
2026-06-30 00:00:00.000 UTC,Withdrawn Rewards,-2003.0217882160002
2024-03-29 00:00:00.000 UTC,Withdrawn Rewards,-2422.5261370540065
2025-01-09 00:00:00.000 UTC,Withdrawn Rewards,-2622.1169209680056
2025-02-22 00:00:00.000 UTC,Withdrawn Rewards,-2565.268559983013
2025-05-14 00:00:00.000 UTC,Withdrawn Rewards,-2556.0740946780297
2025-08-28 00:00:00.000 UTC,Withdrawn Rewards,-2572.3959740530054
2025-12-31 00:00:00.000 UTC,Withdrawn Rewards,-2591.202738622999
2026-07-01 00:00:00.000 UTC,Withdrawn Rewards,-2341.2357925820065
2026-01-05 00:00:00.000 UTC,Withdrawn Rewards,-2484.5958374830097
2026-03-11 00:00:00.000 UTC,Withdrawn Rewards,-2292.269712853992
2026-06-01 00:00:00.000 UTC,Withdrawn Rewards,-2530.80311093103
2026-08-11 00:00:00.000 UTC,Withdrawn Rewards,-2161.9440861400426
2026-02-18 00:00:00.000 UTC,Withdrawn Rewards,-2302.7764687600243
2026-04-11 00:00:00.000 UTC,Withdrawn Rewards,-2202.7322609590033
2024-03-24 00:00:00.000 UTC,Withdrawn Rewards,-2483.4083825060093
2024-06-02 00:00:00.000 UTC,Withdrawn Rewards,-2535.800470950031
2024-06-03 00:00:00.000 UTC,Withdrawn Rewards,-2506.5931521279945
2025-01-24 00:00:00.000 UTC,Withdrawn Rewards,-2573.2116183959993
2025-05-30 00:00:00.000 UTC,Withdrawn Rewards,-2704.97508533598
2026-02-03 00:00:00.000 UTC,Withdrawn Rewards,-2342.0618144499936
2025-08-26 00:00:00.000 UTC,Withdrawn Rewards,-2591.177994030989
2025-12-10 00:00:00.000 UTC,Withdrawn Rewards,-2377.857971398998
2026-05-09 00:00:00.000 UTC,Withdrawn Rewards,-2545.9042888219806
2024-04-15 00:00:00.000 UTC,Withdrawn Rewards,-2460.444276849987
2025-04-13 00:00:00.000 UTC,Withdrawn Rewards,-2615.8419973950213
2026-08-08 00:00:00.000 UTC,Withdrawn Rewards,-2156.588401675029
2026-04-06 00:00:00.000 UTC,Withdrawn Rewards,-2230.4465395319908
2026-07-24 00:00:00.000 UTC,Withdrawn Rewards,-2088.5763554380273
2026-01-21 00:00:00.000 UTC,Withdrawn Rewards,-2376.462487420975
2024-04-01 00:00:00.000 UTC,Withdrawn Rewards,-2812.4367117680113
2024-09-09 00:00:00.000 UTC,Withdrawn Rewards,-2612.1902397190283
2024-12-09 00:00:00.000 UTC,Withdrawn Rewards,-2592.3282017449965
2025-02-14 00:00:00.000 UTC,Withdrawn Rewards,-2571.9015550249896
2025-03-28 00:00:00.000 UTC,Withdrawn Rewards,-2576.824863834987
2026-01-08 00:00:00.000 UTC,Withdrawn Rewards,-2440.222905037949
2024-09-22 00:00:00.000 UTC,Withdrawn Rewards,-2596.492057734998
2026-09-06 00:00:00.000 UTC,Withdrawn Rewards,-2055.092413173004
2024-04-24 00:00:00.000 UTC,Withdrawn Rewards,-2450.380847597998
2025-11-22 00:00:00.000 UTC,Withdrawn Rewards,-2410.403313352009
2024-05-27 00:00:00.000 UTC,Withdrawn Rewards,-2508.4261809369677
2024-11-01 00:00:00.000 UTC,Withdrawn Rewards,-2608.9884002470067
2025-06-26 00:00:00.000 UTC,Withdrawn Rewards,-2679.860807315041
2025-12-25 00:00:00.000 UTC,Withdrawn Rewards,-2541.5718126119796
2026-06-09 00:00:00.000 UTC,Withdrawn Rewards,-2162.5166592749947
2026-07-09 00:00:00.000 UTC,Withdrawn Rewards,-2163.719827024004
2026-05-12 00:00:00.000 UTC,Withdrawn Rewards,-2769.8661895919354
2025-10-27 00:00:00.000 UTC,Withdrawn Rewards,-2437.32038534901
2025-12-03 00:00:00.000 UTC,Withdrawn Rewards,-2369.9466836710108
2026-06-08 00:00:00.000 UTC,Withdrawn Rewards,-2064.6413144969893
2024-03-31 00:00:00.000 UTC,Withdrawn Rewards,-3420.2556186920665
2024-05-20 00:00:00.000 UTC,Withdrawn Rewards,-2448.5592303059934
2025-01-10 00:00:00.000 UTC,Withdrawn Rewards,-2589.6685162439608
2025-11-19 00:00:00.000 UTC,Withdrawn Rewards,-3938.013410157033
2024-09-08 00:00:00.000 UTC,Withdrawn Rewards,-2479.076425900026
2024-12-04 00:00:00.000 UTC,Withdrawn Rewards,-2639.1860108419237
2025-03-14 00:00:00.000 UTC,Withdrawn Rewards,-2477.9481270930396
2025-04-15 00:00:00.000 UTC,Withdrawn Rewards,-2590.131165192996
2025-11-01 00:00:00.000 UTC,Withdrawn Rewards,-2527.137083476985
2026-01-19 00:00:00.000 UTC,Withdrawn Rewards,-3271.116322484959
2025-10-21 00:00:00.000 UTC,Withdrawn Rewards,-2390.4701900029804
2026-02-01 00:00:00.000 UTC,Withdrawn Rewards,-2338.826003108997
2024-11-04 00:00:00.000 UTC,Withdrawn Rewards,-2713.47804766994
2025-01-19 00:00:00.000 UTC,Withdrawn Rewards,-2609.32969650101
2025-04-08 00:00:00.000 UTC,Withdrawn Rewards,-2597.5162738300296
2026-01-07 00:00:00.000 UTC,Withdrawn Rewards,-2350.1013629790164
2025-12-17 00:00:00.000 UTC,Withdrawn Rewards,-2585.119747280969
2024-05-14 00:00:00.000 UTC,Withdrawn Rewards,-2570.5049768830118
2025-01-27 00:00:00.000 UTC,Withdrawn Rewards,-2537.202903078008
2025-07-12 00:00:00.000 UTC,Withdrawn Rewards,-2592.6443520609882
2025-10-25 00:00:00.000 UTC,Withdrawn Rewards,-3130.238273295993
2024-07-07 00:00:00.000 UTC,Withdrawn Rewards,-2559.491107051049
2024-11-05 00:00:00.000 UTC,Withdrawn Rewards,-2617.0581173259907
2025-03-09 00:00:00.000 UTC,Withdrawn Rewards,-2535.7778707650073
2025-03-22 00:00:00.000 UTC,Withdrawn Rewards,-2554.86250279204
2025-06-04 00:00:00.000 UTC,Withdrawn Rewards,-2554.2100595900297
2025-10-03 00:00:00.000 UTC,Withdrawn Rewards,-2476.9328586259962
2026-05-20 00:00:00.000 UTC,Withdrawn Rewards,-2296.839720281956
2026-07-04 00:00:00.000 UTC,Withdrawn Rewards,-2466.6007419690022
2026-07-17 00:00:00.000 UTC,Withdrawn Rewards,-2067.7778031000257
2024-07-15 00:00:00.000 UTC,Withdrawn Rewards,-2893.883377048053
2024-09-23 00:00:00.000 UTC,Withdrawn Rewards,-2586.8405926840164
2025-02-26 00:00:00.000 UTC,Withdrawn Rewards,-2563.545496067975
2025-05-18 00:00:00.000 UTC,Withdrawn Rewards,-2469.29037659402
2026-01-09 00:00:00.000 UTC,Withdrawn Rewards,-2467.696690736962
2026-07-10 00:00:00.000 UTC,Withdrawn Rewards,-1999.2100168960085
2025-04-03 00:00:00.000 UTC,Withdrawn Rewards,-2612.2047024580106
2024-03-25 00:00:00.000 UTC,Withdrawn Rewards,-2492.847891689035
2024-09-02 00:00:00.000 UTC,Withdrawn Rewards,-2596.495814045032
2024-09-15 00:00:00.000 UTC,Withdrawn Rewards,-2580.249961909959
2025-04-16 00:00:00.000 UTC,Withdrawn Rewards,-2567.979974267011
2025-03-03 00:00:00.000 UTC,Withdrawn Rewards,-2560.9784628380226
2025-03-11 00:00:00.000 UTC,Withdrawn Rewards,-2564.127559165992
2025-04-29 00:00:00.000 UTC,Withdrawn Rewards,-2496.5923077729926
2025-06-05 00:00:00.000 UTC,Withdrawn Rewards,-2551.288712488998
2025-10-15 00:00:00.000 UTC,Withdrawn Rewards,-3555.490130547013
2025-10-20 00:00:00.000 UTC,Withdrawn Rewards,-2450.393819043029
2024-10-06 00:00:00.000 UTC,Withdrawn Rewards,-2481.662703230985
2025-10-07 00:00:00.000 UTC,Withdrawn Rewards,-2887.1698247309755
2026-09-10 00:00:00.000 UTC,Withdrawn Rewards,-2420.4140836460087
2026-07-15 00:00:00.000 UTC,Withdrawn Rewards,-2022.7991466429949
2026-05-13 00:00:00.000 UTC,Withdrawn Rewards,-2496.5518612679507
2024-06-14 00:00:00.000 UTC,Withdrawn Rewards,-2512.66248579805
2024-07-10 00:00:00.000 UTC,Withdrawn Rewards,-2525.004325380002
2024-12-13 00:00:00.000 UTC,Withdrawn Rewards,-2644.478588247959
2025-07-09 00:00:00.000 UTC,Withdrawn Rewards,-2624.160269912002
2026-07-28 00:00:00.000 UTC,Withdrawn Rewards,-2797.154290998954
2025-01-05 00:00:00.000 UTC,Withdrawn Rewards,-2574.8417341669874
2025-11-15 00:00:00.000 UTC,Withdrawn Rewards,-2371.7430994480096
2026-06-27 00:00:00.000 UTC,Withdrawn Rewards,-2215.8731768169605
2024-06-27 00:00:00.000 UTC,Withdrawn Rewards,-3162.99803217196
2025-09-19 00:00:00.000 UTC,Withdrawn Rewards,-2832.2164718230574
2024-10-11 00:00:00.000 UTC,Withdrawn Rewards,-2599.4727492820084
2024-11-12 00:00:00.000 UTC,Withdrawn Rewards,-2567.29455661598
2025-11-02 00:00:00.000 UTC,Withdrawn Rewards,-2730.7213886459567
2026-01-17 00:00:00.000 UTC,Withdrawn Rewards,-2359.8441523269735
2025-10-02 00:00:00.000 UTC,Withdrawn Rewards,-2486.941635871974
2026-01-22 00:00:00.000 UTC,Withdrawn Rewards,-2319.0154699509985
2026-08-28 00:00:00.000 UTC,Withdrawn Rewards,-2237.6456343940154
2026-03-30 00:00:00.000 UTC,Withdrawn Rewards,-2218.1884905270335
2026-05-08 00:00:00.000 UTC,Withdrawn Rewards,-2109.2981514040007
2026-06-17 00:00:00.000 UTC,Withdrawn Rewards,-2210.2634927510385
2024-08-26 00:00:00.000 UTC,Withdrawn Rewards,-2565.6168289270204
2024-11-03 00:00:00.000 UTC,Withdrawn Rewards,-2423.6409873909924
2025-02-23 00:00:00.000 UTC,Withdrawn Rewards,-2414.4681317519744
2025-06-02 00:00:00.000 UTC,Withdrawn Rewards,-2590.380384097997
2025-10-10 00:00:00.000 UTC,Withdrawn Rewards,-2450.6481511870106
2025-12-14 00:00:00.000 UTC,Withdrawn Rewards,-2435.792252198003
2025-12-27 00:00:00.000 UTC,Withdrawn Rewards,-2441.8123916149966
2026-03-12 00:00:00.000 UTC,Withdrawn Rewards,-2308.007674380984
2026-08-25 00:00:00.000 UTC,Withdrawn Rewards,-2067.075247246989
2024-04-25 00:00:00.000 UTC,Withdrawn Rewards,-2426.776780868007
2024-06-01 00:00:00.000 UTC,Withdrawn Rewards,-2573.346863865929
2024-07-23 00:00:00.000 UTC,Withdrawn Rewards,-2509.4173194480068
2024-08-28 00:00:00.000 UTC,Withdrawn Rewards,-2555.4987517249797
2025-02-13 00:00:00.000 UTC,Withdrawn Rewards,-2551.5662353850107
2025-10-28 00:00:00.000 UTC,Withdrawn Rewards,-2448.4613490350084
2026-05-21 00:00:00.000 UTC,Withdrawn Rewards,-2413.682578933009
2024-08-05 00:00:00.000 UTC,Withdrawn Rewards,-2562.18260291906
2024-08-23 00:00:00.000 UTC,Withdrawn Rewards,-2577.642966834975
2025-01-18 00:00:00.000 UTC,Withdrawn Rewards,-2668.6798306360206
2025-01-26 00:00:00.000 UTC,Withdrawn Rewards,-2571.7155423390195
2025-05-26 00:00:00.000 UTC,Withdrawn Rewards,-2511.5747178339993
2025-08-01 00:00:00.000 UTC,Withdrawn Rewards,-2627.9730246370104
2025-11-07 00:00:00.000 UTC,Withdrawn Rewards,-2353.2926656579825
2025-12-22 00:00:00.000 UTC,Withdrawn Rewards,-2429.751043676941
2026-01-04 00:00:00.000 UTC,Withdrawn Rewards,-2428.149711522976
2026-08-23 00:00:00.000 UTC,Withdrawn Rewards,-2093.682682540009
2024-05-30 00:00:00.000 UTC,Withdrawn Rewards,-2486.142114417995
2024-08-10 00:00:00.000 UTC,Withdrawn Rewards,-2546.400706274994
2025-01-31 00:00:00.000 UTC,Withdrawn Rewards,-2592.4400751730077
2026-08-10 00:00:00.000 UTC,Withdrawn Rewards,-2056.7158735649705
2024-04-02 00:00:00.000 UTC,Withdrawn Rewards,-2443.1866024679907
2024-05-09 00:00:00.000 UTC,Withdrawn Rewards,-2484.786094390963
2024-09-28 00:00:00.000 UTC,Withdrawn Rewards,-2614.289468677988
2025-03-29 00:00:00.000 UTC,Withdrawn Rewards,-2580.8671620989567
2025-05-31 00:00:00.000 UTC,Withdrawn Rewards,-2734.9108113300217
2025-08-11 00:00:00.000 UTC,Withdrawn Rewards,-2573.568916138004
2024-03-28 00:00:00.000 UTC,Withdrawn Rewards,-2396.0602689839843
2024-11-23 00:00:00.000 UTC,Withdrawn Rewards,-2633.551910025011
2024-12-31 00:00:00.000 UTC,Withdrawn Rewards,-2586.352455067052
2025-01-28 00:00:00.000 UTC,Withdrawn Rewards,-2559.7767074580047
2025-01-29 00:00:00.000 UTC,Withdrawn Rewards,-2564.8913477930137
2025-02-02 00:00:00.000 UTC,Withdrawn Rewards,-2585.0923924110393
2025-05-06 00:00:00.000 UTC,Withdrawn Rewards,-2578.543351681982
2025-09-30 00:00:00.000 UTC,Withdrawn Rewards,-2532.503390751956
2026-03-05 00:00:00.000 UTC,Withdrawn Rewards,-2233.0461142889944
2026-03-07 00:00:00.000 UTC,Withdrawn Rewards,-2292.910937078967
2024-10-24 00:00:00.000 UTC,Withdrawn Rewards,-2580.1326980169983
2025-04-21 00:00:00.000 UTC,Withdrawn Rewards,-2623.501354194021
2025-07-11 00:00:00.000 UTC,Withdrawn Rewards,-2585.0869478630166
2025-12-04 00:00:00.000 UTC,Withdrawn Rewards,-2220.7317783490025
2026-04-12 00:00:00.000 UTC,Withdrawn Rewards,-2747.430930368985
2026-04-25 00:00:00.000 UTC,Withdrawn Rewards,-2179.6509165210036
2024-08-12 00:00:00.000 UTC,Withdrawn Rewards,-2577.029285374983
2025-05-25 00:00:00.000 UTC,Withdrawn Rewards,-2618.2333321210067
2025-08-17 00:00:00.000 UTC,Withdrawn Rewards,-2605.311757264963
2026-04-05 00:00:00.000 UTC,Withdrawn Rewards,-2326.5077497300163
2026-06-29 00:00:00.000 UTC,Withdrawn Rewards,-2046.924012905991
2026-09-21 00:00:00.000 UTC,Withdrawn Rewards,-2059.229651700006
2025-01-21 00:00:00.000 UTC,Withdrawn Rewards,-2594.172645231999
2025-04-26 00:00:00.000 UTC,Withdrawn Rewards,-2602.7717888320003
2025-09-25 00:00:00.000 UTC,Withdrawn Rewards,-2474.7228956890062
2026-03-13 00:00:00.000 UTC,Withdrawn Rewards,-2277.969381445013
2026-09-08 00:00:00.000 UTC,Withdrawn Rewards,-2019.0962971119902
2024-11-10 00:00:00.000 UTC,Withdrawn Rewards,-2614.9792942220197
2025-10-22 00:00:00.000 UTC,Withdrawn Rewards,-2362.3109323540034
2026-03-20 00:00:00.000 UTC,Withdrawn Rewards,-2371.741229571975
2026-03-25 00:00:00.000 UTC,Withdrawn Rewards,-2328.4314288099968
2026-06-07 00:00:00.000 UTC,Withdrawn Rewards,-2163.7753844810263
2024-06-29 00:00:00.000 UTC,Withdrawn Rewards,-2545.545918947954
2024-10-17 00:00:00.000 UTC,Withdrawn Rewards,-2649.52006745797
2025-06-15 00:00:00.000 UTC,Withdrawn Rewards,-2515.450598836994
2025-11-24 00:00:00.000 UTC,Withdrawn Rewards,-2438.1859780070276
2026-09-02 00:00:00.000 UTC,Withdrawn Rewards,-2051.0524936620122
2026-05-25 00:00:00.000 UTC,Withdrawn Rewards,-2188.8793193480046
2024-05-15 00:00:00.000 UTC,Withdrawn Rewards,-2533.5525192950463
2024-07-18 00:00:00.000 UTC,Withdrawn Rewards,-2549.9342394419955
2024-10-05 00:00:00.000 UTC,Withdrawn Rewards,-2591.362567249995
2025-01-02 00:00:00.000 UTC,Withdrawn Rewards,-2606.6371525369955
2025-01-16 00:00:00.000 UTC,Withdrawn Rewards,-2574.9665954769785
2026-06-02 00:00:00.000 UTC,Withdrawn Rewards,-2370.5593354829707
2024-07-05 00:00:00.000 UTC,Withdrawn Rewards,-2399.0124156009992
2024-07-30 00:00:00.000 UTC,Withdrawn Rewards,-2520.2811019599794
2024-10-31 00:00:00.000 UTC,Withdrawn Rewards,-2593.161462446999
2025-05-01 00:00:00.000 UTC,Withdrawn Rewards,-2606.474385097944
2025-07-08 00:00:00.000 UTC,Withdrawn Rewards,-2607.608840950007
2026-02-07 00:00:00.000 UTC,Withdrawn Rewards,-2362.1222489890483
2024-06-16 00:00:00.000 UTC,Withdrawn Rewards,-2479.5460921930116
2025-06-03 00:00:00.000 UTC,Withdrawn Rewards,-2571.6801799319883
2025-10-09 00:00:00.000 UTC,Withdrawn Rewards,-2438.0919595209693
2025-10-18 00:00:00.000 UTC,Withdrawn Rewards,-2467.364604848986
2025-12-15 00:00:00.000 UTC,Withdrawn Rewards,-3254.37805734402
2024-04-14 00:00:00.000 UTC,Withdrawn Rewards,-2445.4789053530226
2024-05-04 00:00:00.000 UTC,Withdrawn Rewards,-2335.440741185031
2025-01-20 00:00:00.000 UTC,Withdrawn Rewards,-2612.5288249860087
2025-04-27 00:00:00.000 UTC,Withdrawn Rewards,-2579.0043411919855
2026-09-13 00:00:00.000 UTC,Withdrawn Rewards,-2381.5006217190094
2025-12-02 00:00:00.000 UTC,Withdrawn Rewards,-2425.323688667006
2026-04-02 00:00:00.000 UTC,Withdrawn Rewards,-2529.849597298011
2026-05-01 00:00:00.000 UTC,Withdrawn Rewards,-2574.5556675050493
2024-09-10 00:00:00.000 UTC,Withdrawn Rewards,-2587.191340148971
2025-05-11 00:00:00.000 UTC,Withdrawn Rewards,-2571.343859988001
2025-07-14 00:00:00.000 UTC,Withdrawn Rewards,-2645.764947813987
2026-04-23 00:00:00.000 UTC,Withdrawn Rewards,-2189.2140015469904
2024-12-02 00:00:00.000 UTC,Withdrawn Rewards,-2721.00626865998
2025-02-24 00:00:00.000 UTC,Withdrawn Rewards,-2640.876396982971
2026-01-06 00:00:00.000 UTC,Withdrawn Rewards,-2531.3377884559263
2024-05-07 00:00:00.000 UTC,Withdrawn Rewards,-2509.8902160079942
2024-07-26 00:00:00.000 UTC,Withdrawn Rewards,-2535.201020421979
2024-12-18 00:00:00.000 UTC,Withdrawn Rewards,-2568.2844707570252
2026-08-13 00:00:00.000 UTC,Withdrawn Rewards,-2427.1678872659772
2025-10-05 00:00:00.000 UTC,Withdrawn Rewards,-2499.6195013519878
2025-12-06 00:00:00.000 UTC,Withdrawn Rewards,-2362.939994217009
2025-02-11 00:00:00.000 UTC,Withdrawn Rewards,-2558.197056558996
2025-05-09 00:00:00.000 UTC,Withdrawn Rewards,-2634.8868580850026
2025-09-27 00:00:00.000 UTC,Withdrawn Rewards,-2997.123133716015
2025-09-12 00:00:00.000 UTC,Withdrawn Rewards,-2500.055079413983
2026-09-07 00:00:00.000 UTC,Withdrawn Rewards,-2036.1119671900003
2024-08-15 00:00:00.000 UTC,Withdrawn Rewards,-2605.1297698920475
2025-02-18 00:00:00.000 UTC,Withdrawn Rewards,-2574.7529127509706
2025-06-18 00:00:00.000 UTC,Withdrawn Rewards,-2585.4890953560534
2025-08-24 00:00:00.000 UTC,Withdrawn Rewards,-2753.3345332069875
2025-09-24 00:00:00.000 UTC,Withdrawn Rewards,-2481.1229379400247
2024-09-03 00:00:00.000 UTC,Withdrawn Rewards,-2588.1229153849754
2025-01-08 00:00:00.000 UTC,Withdrawn Rewards,-2623.7481651299818
2025-01-15 00:00:00.000 UTC,Withdrawn Rewards,-2580.887624262
2025-04-18 00:00:00.000 UTC,Withdrawn Rewards,-2594.5818765149993
2025-06-23 00:00:00.000 UTC,Withdrawn Rewards,-2550.9228683960378
2025-07-21 00:00:00.000 UTC,Withdrawn Rewards,-2588.027492960974
2025-12-19 00:00:00.000 UTC,Withdrawn Rewards,-2478.2720542089987
2025-12-29 00:00:00.000 UTC,Withdrawn Rewards,-2422.3650020010045
2026-01-11 00:00:00.000 UTC,Withdrawn Rewards,-2620.8585912179688
2026-02-19 00:00:00.000 UTC,Withdrawn Rewards,-2298.356908948991
2026-03-23 00:00:00.000 UTC,Withdrawn Rewards,-2211.0235658320175
2026-06-16 00:00:00.000 UTC,Withdrawn Rewards,-2310.2293790930285
2025-02-08 00:00:00.000 UTC,Withdrawn Rewards,-2563.256898187987
2025-03-16 00:00:00.000 UTC,Withdrawn Rewards,-2586.6329348270065
2025-11-21 00:00:00.000 UTC,Withdrawn Rewards,-2479.759175042995
2025-12-09 00:00:00.000 UTC,Withdrawn Rewards,-2412.0554308310216
2026-01-12 00:00:00.000 UTC,Withdrawn Rewards,-2389.4032112030463
2026-02-27 00:00:00.000 UTC,Withdrawn Rewards,-2379.1337212950066
2026-05-30 00:00:00.000 UTC,Withdrawn Rewards,-2076.0265388289936
2024-05-17 00:00:00.000 UTC,Withdrawn Rewards,-2493.870947298006
2024-08-08 00:00:00.000 UTC,Withdrawn Rewards,-2526.366404185952
2025-05-04 00:00:00.000 UTC,Withdrawn Rewards,-2576.762906790031
2024-04-22 00:00:00.000 UTC,Withdrawn Rewards,-2469.1128189150204
2025-05-21 00:00:00.000 UTC,Withdrawn Rewards,-2587.3645542530144
2024-11-22 00:00:00.000 UTC,Withdrawn Rewards,-2650.4807212010046
2026-01-14 00:00:00.000 UTC,Withdrawn Rewards,-2350.2708906400176
2026-05-27 00:00:00.000 UTC,Withdrawn Rewards,-2385.8902703759873
2026-07-18 00:00:00.000 UTC,Withdrawn Rewards,-2122.091336248043
2026-07-23 00:00:00.000 UTC,Withdrawn Rewards,-2051.9847383089727
2025-09-14 00:00:00.000 UTC,Withdrawn Rewards,-2520.0216006620385
2025-02-10 00:00:00.000 UTC,Withdrawn Rewards,-2571.736452575977
2025-07-06 00:00:00.000 UTC,Withdrawn Rewards,-2601.3219292299873
2025-09-06 00:00:00.000 UTC,Withdrawn Rewards,-2574.3190039830088
2024-08-07 00:00:00.000 UTC,Withdrawn Rewards,-2557.446924137054
2025-07-19 00:00:00.000 UTC,Withdrawn Rewards,-2614.310065979003
2024-06-09 00:00:00.000 UTC,Withdrawn Rewards,-2662.520634825944
2025-04-19 00:00:00.000 UTC,Withdrawn Rewards,-2583.5414012760107
2025-07-27 00:00:00.000 UTC,Withdrawn Rewards,-2679.86039760599
2024-12-26 00:00:00.000 UTC,Withdrawn Rewards,-2583.0700422109894
2026-02-12 00:00:00.000 UTC,Withdrawn Rewards,-2347.8757271959767
2024-05-12 00:00:00.000 UTC,Withdrawn Rewards,-2485.9837945190234
2024-12-10 00:00:00.000 UTC,Withdrawn Rewards,-2572.909296170001
2026-01-01 00:00:00.000 UTC,Withdrawn Rewards,-2554.4867761110254
2026-04-07 00:00:00.000 UTC,Withdrawn Rewards,-2301.6507319990246
2026-07-02 00:00:00.000 UTC,Withdrawn Rewards,-2050.9322538059723
2026-02-22 00:00:00.000 UTC,Withdrawn Rewards,-2568.2594882549092
2025-08-04 00:00:00.000 UTC,Withdrawn Rewards,-2658.203509609968
2026-04-22 00:00:00.000 UTC,Withdrawn Rewards,-2213.5686441060234
2024-11-28 00:00:00.000 UTC,Withdrawn Rewards,-2569.4149372659936
2026-03-17 00:00:00.000 UTC,Withdrawn Rewards,-2267.0982305000052
2026-04-20 00:00:00.000 UTC,Withdrawn Rewards,-2285.5240133619773
2026-06-19 00:00:00.000 UTC,Withdrawn Rewards,-2496.346516802973
2025-04-01 00:00:00.000 UTC,Withdrawn Rewards,-2380.1206807549743
2024-04-29 00:00:00.000 UTC,Withdrawn Rewards,-2473.553709223005
2024-07-13 00:00:00.000 UTC,Withdrawn Rewards,-2415.7300816880097
2024-10-26 00:00:00.000 UTC,Withdrawn Rewards,-2764.1920573040275
2026-03-04 00:00:00.000 UTC,Withdrawn Rewards,-2306.4089338950243
2026-03-28 00:00:00.000 UTC,Withdrawn Rewards,-2255.122715339002
2026-04-10 00:00:00.000 UTC,Withdrawn Rewards,-2177.9014272740174
2026-05-05 00:00:00.000 UTC,Withdrawn Rewards,-2266.445656693006
2026-06-24 00:00:00.000 UTC,Withdrawn Rewards,-2069.7242776640073
2026-07-05 00:00:00.000 UTC,Withdrawn Rewards,-2241.4579565099775
2025-04-06 00:00:00.000 UTC,Withdrawn Rewards,-2584.4528705799826
2025-05-13 00:00:00.000 UTC,Withdrawn Rewards,-2556.1730546849726
2025-08-29 00:00:00.000 UTC,Withdrawn Rewards,-2601.08699815199
2026-01-30 00:00:00.000 UTC,Withdrawn Rewards,-2320.69231876696
2026-02-14 00:00:00.000 UTC,Withdrawn Rewards,-2468.6917098430267
2025-09-11 00:00:00.000 UTC,Withdrawn Rewards,-2542.622956641988
2024-06-22 00:00:00.000 UTC,Withdrawn Rewards,-2515.4410832469925
2024-07-02 00:00:00.000 UTC,Withdrawn Rewards,-2532.898319701997
2024-12-05 00:00:00.000 UTC,Withdrawn Rewards,-2593.453580354985
2024-04-04 00:00:00.000 UTC,Withdrawn Rewards,-2457.1306963020324
2024-10-16 00:00:00.000 UTC,Withdrawn Rewards,-2781.620500936992
2024-12-23 00:00:00.000 UTC,Withdrawn Rewards,-2610.8879334719854
2025-03-21 00:00:00.000 UTC,Withdrawn Rewards,-2554.278295374995
2025-03-24 00:00:00.000 UTC,Withdrawn Rewards,-2691.2944439080125
2025-08-09 00:00:00.000 UTC,Withdrawn Rewards,-2651.660087117965
2026-07-31 00:00:00.000 UTC,Withdrawn Rewards,-2123.928720987006
2026-08-05 00:00:00.000 UTC,Withdrawn Rewards,-3222.483873137153
2026-09-15 00:00:00.000 UTC,Withdrawn Rewards,-2308.186006403959
2026-08-26 00:00:00.000 UTC,Withdrawn Rewards,-3442.774693262071
2024-09-05 00:00:00.000 UTC,Withdrawn Rewards,-2556.147721798002
2024-09-18 00:00:00.000 UTC,Withdrawn Rewards,-2670.41494588501
2024-10-01 00:00:00.000 UTC,Withdrawn Rewards,-2590.068170867053
2025-07-22 00:00:00.000 UTC,Withdrawn Rewards,-2583.260325295013
2025-10-30 00:00:00.000 UTC,Withdrawn Rewards,-2467.986989962005
2024-06-19 00:00:00.000 UTC,Withdrawn Rewards,-2545.7825252289795
2024-10-29 00:00:00.000 UTC,Withdrawn Rewards,-2594.8046002240035
2024-11-20 00:00:00.000 UTC,Withdrawn Rewards,-2621.020146265979
2024-12-11 00:00:00.000 UTC,Withdrawn Rewards,-3168.912810344002
2025-07-01 00:00:00.000 UTC,Withdrawn Rewards,-2562.2283122850426
2025-09-01 00:00:00.000 UTC,Withdrawn Rewards,-2863.4249427330146
2026-05-18 00:00:00.000 UTC,Withdrawn Rewards,-2148.277989704003
2026-05-29 00:00:00.000 UTC,Withdrawn Rewards,-2159.3608248549835
2024-05-01 00:00:00.000 UTC,Withdrawn Rewards,-2465.099652555036
2024-08-20 00:00:00.000 UTC,Withdrawn Rewards,-2504.6657933219767
2025-11-12 00:00:00.000 UTC,Withdrawn Rewards,-2468.956930382995
2024-11-07 00:00:00.000 UTC,Withdrawn Rewards,-2617.621861887
2024-10-14 00:00:00.000 UTC,Withdrawn Rewards,-2616.4930884339956
2026-01-25 00:00:00.000 UTC,Withdrawn Rewards,-2359.1056426500077
2026-06-04 00:00:00.000 UTC,Withdrawn Rewards,-2178.6266733910156
2026-09-20 00:00:00.000 UTC,Withdrawn Rewards,-2415.77578253697
2026-06-25 00:00:00.000 UTC,Withdrawn Rewards,-2202.585288580022
2024-04-12 00:00:00.000 UTC,Withdrawn Rewards,-2466.802100803023
2024-05-16 00:00:00.000 UTC,Withdrawn Rewards,-2512.761928638996
2024-12-24 00:00:00.000 UTC,Withdrawn Rewards,-2594.063258686
2025-01-03 00:00:00.000 UTC,Withdrawn Rewards,-2587.3291825439705
2025-07-07 00:00:00.000 UTC,Withdrawn Rewards,-2630.9804100560204
2025-10-23 00:00:00.000 UTC,Withdrawn Rewards,-2461.641584677966
2026-03-27 00:00:00.000 UTC,Withdrawn Rewards,-2299.8509545499687
2026-06-06 00:00:00.000 UTC,Withdrawn Rewards,-2579.9402308510134
2024-05-06 00:00:00.000 UTC,Withdrawn Rewards,-2509.9597564100227
2024-06-30 00:00:00.000 UTC,Withdrawn Rewards,-2535.304744659979
2025-02-20 00:00:00.000 UTC,Withdrawn Rewards,-2557.827778786015
2025-09-13 00:00:00.000 UTC,Withdrawn Rewards,-2505.7351198409997
2026-09-04 00:00:00.000 UTC,Withdrawn Rewards,-2246.9298641840446
2024-04-28 00:00:00.000 UTC,Withdrawn Rewards,-2500.646917436952
2024-10-21 00:00:00.000 UTC,Withdrawn Rewards,-2611.5126321829407
2024-11-06 00:00:00.000 UTC,Withdrawn Rewards,-2611.033962651033
2025-03-31 00:00:00.000 UTC,Withdrawn Rewards,-2565.2758161569445
2025-06-24 00:00:00.000 UTC,Withdrawn Rewards,-2565.0269945609903
2025-11-29 00:00:00.000 UTC,Withdrawn Rewards,-2543.299299787018
2024-03-22 00:00:00.000 UTC,Net Flow,27571.049572340053
2024-03-23 00:00:00.000 UTC,Net Flow,37354.58762185405
2024-03-24 00:00:00.000 UTC,Net Flow,-50438.82008514897
2024-03-25 00:00:00.000 UTC,Net Flow,-11506.667976838005
2024-03-26 00:00:00.000 UTC,Net Flow,19855.67417948098
2024-03-27 00:00:00.000 UTC,Net Flow,148025.17270983
2024-03-28 00:00:00.000 UTC,Net Flow,175317.112440846
2024-03-29 00:00:00.000 UTC,Net Flow,208156.61665865296
2024-03-30 00:00:00.000 UTC,Net Flow,179921.86050510997
2024-03-31 00:00:00.000 UTC,Net Flow,203224.3818042069
2024-04-01 00:00:00.000 UTC,Net Flow,200707.1468051019
2024-04-02 00:00:00.000 UTC,Net Flow,123146.29012616092
2024-04-03 00:00:00.000 UTC,Net Flow,159112.4064300339
2024-04-04 00:00:00.000 UTC,Net Flow,133941.28836453386
2024-04-05 00:00:00.000 UTC,Net Flow,120539.46107299585
2024-04-06 00:00:00.000 UTC,Net Flow,121425.82723674175
2024-04-07 00:00:00.000 UTC,Net Flow,128350.95571412577
2024-04-08 00:00:00.000 UTC,Net Flow,262817.76131374075
2024-04-09 00:00:00.000 UTC,Net Flow,210286.03878603881
2024-04-10 00:00:00.000 UTC,Net Flow,188448.85527225284
2024-04-11 00:00:00.000 UTC,Net Flow,151260.78919345277
2024-04-12 00:00:00.000 UTC,Net Flow,168970.30448953874
2024-04-13 00:00:00.000 UTC,Net Flow,141331.85948807874
2024-04-14 00:00:00.000 UTC,Net Flow,175733.4291810057
2024-04-15 00:00:00.000 UTC,Net Flow,252407.4636050588
2024-04-16 00:00:00.000 UTC,Net Flow,276059.6417500838
2024-04-17 00:00:00.000 UTC,Net Flow,380987.35799431585
2024-04-18 00:00:00.000 UTC,Net Flow,288374.07460275287
2024-04-19 00:00:00.000 UTC,Net Flow,310037.29696256394
2024-04-20 00:00:00.000 UTC,Net Flow,326478.6840588959
2024-04-21 00:00:00.000 UTC,Net Flow,285288.52447656996
2024-04-22 00:00:00.000 UTC,Net Flow,299654.745130757
2024-04-23 00:00:00.000 UTC,Net Flow,262425.001142435
2024-04-24 00:00:00.000 UTC,Net Flow,264352.19071422797
2024-04-25 00:00:00.000 UTC,Net Flow,290082.25552529795
2024-04-26 00:00:00.000 UTC,Net Flow,216040.32695911097
2024-04-27 00:00:00.000 UTC,Net Flow,192116.02970823698
2024-04-28 00:00:00.000 UTC,Net Flow,196619.37079411704
2024-04-29 00:00:00.000 UTC,Net Flow,198336.17674998706
2024-04-30 00:00:00.000 UTC,Net Flow,91361.69397854402
2024-05-01 00:00:00.000 UTC,Net Flow,37331.65118006897
2024-05-02 00:00:00.000 UTC,Net Flow,1204.172638250955
2024-05-03 00:00:00.000 UTC,Net Flow,48838.91072048491
2024-05-04 00:00:00.000 UTC,Net Flow,49026.01980429588
2024-05-05 00:00:00.000 UTC,Net Flow,47735.70563191486
2024-05-06 00:00:00.000 UTC,Net Flow,55483.655981168835
2024-05-07 00:00:00.000 UTC,Net Flow,36090.006252707855
2024-05-08 00:00:00.000 UTC,Net Flow,47360.214442846845
2024-05-09 00:00:00.000 UTC,Net Flow,43709.80919605388
2024-05-10 00:00:00.000 UTC,Net Flow,19114.28052641592
2024-05-11 00:00:00.000 UTC,Net Flow,4629.673189920955
2024-05-12 00:00:00.000 UTC,Net Flow,1057.6570279539592
2024-05-13 00:00:00.000 UTC,Net Flow,-7501.961837866096
2024-05-14 00:00:00.000 UTC,Net Flow,-10000.086310003104
2024-05-15 00:00:00.000 UTC,Net Flow,20017.48242510588
2024-05-16 00:00:00.000 UTC,Net Flow,41728.82014902192
2024-05-17 00:00:00.000 UTC,Net Flow,49009.568178250905
2024-05-18 00:00:00.000 UTC,Net Flow,68187.1839917069
2024-05-19 00:00:00.000 UTC,Net Flow,-57233.74135018009
2024-05-20 00:00:00.000 UTC,Net Flow,-115443.28302159606
2024-05-21 00:00:00.000 UTC,Net Flow,-9516.344962083007
2024-05-22 00:00:00.000 UTC,Net Flow,-44753.441148977974
2024-05-23 00:00:00.000 UTC,Net Flow,-57740.49919910496
2024-05-24 00:00:00.000 UTC,Net Flow,-49805.99802382202
2024-05-25 00:00:00.000 UTC,Net Flow,-88495.42879549206
2024-05-26 00:00:00.000 UTC,Net Flow,-130315.03325594007
2024-05-27 00:00:00.000 UTC,Net Flow,-166551.49904069802
2024-05-28 00:00:00.000 UTC,Net Flow,-61177.79891729803
2024-05-29 00:00:00.000 UTC,Net Flow,13309.274212170974
2024-05-30 00:00:00.000 UTC,Net Flow,32643.490410937025
2024-05-31 00:00:00.000 UTC,Net Flow,55407.087719967014
2024-06-01 00:00:00.000 UTC,Net Flow,89441.70615023808
2024-06-02 00:00:00.000 UTC,Net Flow,89058.72198769706
2024-06-03 00:00:00.000 UTC,Net Flow,257270.0785690401
2024-06-04 00:00:00.000 UTC,Net Flow,310584.8092720021
2024-06-05 00:00:00.000 UTC,Net Flow,228358.87453271105
2024-06-06 00:00:00.000 UTC,Net Flow,276495.58927864704
2024-06-07 00:00:00.000 UTC,Net Flow,313841.458562534
2024-06-08 00:00:00.000 UTC,Net Flow,331409.248210092
2024-06-09 00:00:00.000 UTC,Net Flow,378031.4641133321
2024-06-10 00:00:00.000 UTC,Net Flow,440923.3383150722
2024-06-11 00:00:00.000 UTC,Net Flow,514749.31901212415
2024-06-12 00:00:00.000 UTC,Net Flow,431409.8949627852
2024-06-13 00:00:00.000 UTC,Net Flow,404362.8353785182
2024-06-14 00:00:00.000 UTC,Net Flow,402465.34842095815
2024-06-15 00:00:00.000 UTC,Net Flow,385082.36390902114
2024-06-16 00:00:00.000 UTC,Net Flow,276838.07033385505
2024-06-17 00:00:00.000 UTC,Net Flow,298641.3727760421
2024-06-18 00:00:00.000 UTC,Net Flow,259535.9448612711
2024-06-19 00:00:00.000 UTC,Net Flow,328426.2290556781
2024-06-20 00:00:00.000 UTC,Net Flow,350075.2035190642
2024-06-21 00:00:00.000 UTC,Net Flow,356517.1581589812
2024-06-22 00:00:00.000 UTC,Net Flow,355249.23469805217
2024-06-23 00:00:00.000 UTC,Net Flow,365995.3019124702
2024-06-24 00:00:00.000 UTC,Net Flow,351866.4944982431
2024-06-25 00:00:00.000 UTC,Net Flow,226746.34375525202
2024-06-26 00:00:00.000 UTC,Net Flow,104025.12708489603
2024-06-27 00:00:00.000 UTC,Net Flow,166644.1533624041
2024-06-28 00:00:00.000 UTC,Net Flow,150070.24733851105
2024-06-29 00:00:00.000 UTC,Net Flow,112889.44638682115
2024-06-30 00:00:00.000 UTC,Net Flow,119150.29077370721
2024-07-01 00:00:00.000 UTC,Net Flow,215527.8804861492
2024-07-02 00:00:00.000 UTC,Net Flow,210876.4770788012
2024-07-03 00:00:00.000 UTC,Net Flow,273124.4804085751
2024-07-04 00:00:00.000 UTC,Net Flow,100292.83812339409
2024-07-05 00:00:00.000 UTC,Net Flow,59919.641421171065
2024-07-06 00:00:00.000 UTC,Net Flow,13596.303626801013
2024-07-07 00:00:00.000 UTC,Net Flow,-46936.733804162046
2024-07-08 00:00:00.000 UTC,Net Flow,-68221.26891651904
2024-07-09 00:00:00.000 UTC,Net Flow,-40674.359935989
2024-07-10 00:00:00.000 UTC,Net Flow,66589.73860499403
2024-07-11 00:00:00.000 UTC,Net Flow,203357.10604145302
2024-07-12 00:00:00.000 UTC,Net Flow,134545.35308945097
2024-07-13 00:00:00.000 UTC,Net Flow,-85915.260528518
2024-07-14 00:00:00.000 UTC,Net Flow,-139848.69704787305
2024-07-15 00:00:00.000 UTC,Net Flow,-106622.68132455813
2024-07-16 00:00:00.000 UTC,Net Flow,-87602.08454342614
2024-07-17 00:00:00.000 UTC,Net Flow,-65392.83674404814
2024-07-18 00:00:00.000 UTC,Net Flow,-93848.99101607109
2024-07-19 00:00:00.000 UTC,Net Flow,99920.27666202886
2024-07-20 00:00:00.000 UTC,Net Flow,236941.25281782483
2024-07-21 00:00:00.000 UTC,Net Flow,295429.6007742838
2024-07-22 00:00:00.000 UTC,Net Flow,330226.8270323009
2024-07-23 00:00:00.000 UTC,Net Flow,375370.43595693685
2024-07-24 00:00:00.000 UTC,Net Flow,382202.07505454886
2024-07-25 00:00:00.000 UTC,Net Flow,401855.2455901638
2024-07-26 00:00:00.000 UTC,Net Flow,339933.2372770838
2024-07-27 00:00:00.000 UTC,Net Flow,352110.3535768399
2024-07-28 00:00:00.000 UTC,Net Flow,539943.2692292308
2024-07-29 00:00:00.000 UTC,Net Flow,683744.0362134288
2024-07-30 00:00:00.000 UTC,Net Flow,770007.2355358929
2024-07-31 00:00:00.000 UTC,Net Flow,780896.7585221969
2024-08-01 00:00:00.000 UTC,Net Flow,733591.1957654529
2024-08-02 00:00:00.000 UTC,Net Flow,686851.2401852718
2024-08-03 00:00:00.000 UTC,Net Flow,593678.1088915839
2024-08-04 00:00:00.000 UTC,Net Flow,448623.2837226519
2024-08-05 00:00:00.000 UTC,Net Flow,412671.28030606185
2024-08-06 00:00:00.000 UTC,Net Flow,409065.75046784984
2024-08-07 00:00:00.000 UTC,Net Flow,379393.6577885658
2024-08-08 00:00:00.000 UTC,Net Flow,249439.28263694383
2024-08-09 00:00:00.000 UTC,Net Flow,224078.56195903086
2024-08-10 00:00:00.000 UTC,Net Flow,193822.37931797185
2024-08-11 00:00:00.000 UTC,Net Flow,119128.55582941083
2024-08-12 00:00:00.000 UTC,Net Flow,132065.6219651879
2024-08-13 00:00:00.000 UTC,Net Flow,102550.9327379709
2024-08-14 00:00:00.000 UTC,Net Flow,-2292.5986443541333
2024-08-15 00:00:00.000 UTC,Net Flow,33747.10819806882
2024-08-16 00:00:00.000 UTC,Net Flow,64396.960812168865
2024-08-17 00:00:00.000 UTC,Net Flow,35490.40437419491
2024-08-18 00:00:00.000 UTC,Net Flow,8325.653062110869
2024-08-19 00:00:00.000 UTC,Net Flow,70996.79547865788
2024-08-20 00:00:00.000 UTC,Net Flow,65412.36719153296
2024-08-21 00:00:00.000 UTC,Net Flow,52716.660777431964
2024-08-22 00:00:00.000 UTC,Net Flow,32290.753993621023
2024-08-23 00:00:00.000 UTC,Net Flow,123765.265598958
2024-08-24 00:00:00.000 UTC,Net Flow,127538.10461246296
2024-08-25 00:00:00.000 UTC,Net Flow,153193.12041376598
2024-08-26 00:00:00.000 UTC,Net Flow,211532.87993766996
2024-08-27 00:00:00.000 UTC,Net Flow,195403.2759927119
2024-08-28 00:00:00.000 UTC,Net Flow,199498.56602702892
2024-08-29 00:00:00.000 UTC,Net Flow,188352.72287391388
2024-08-30 00:00:00.000 UTC,Net Flow,138211.98115976295
2024-08-31 00:00:00.000 UTC,Net Flow,103970.03224143092
2024-09-01 00:00:00.000 UTC,Net Flow,138174.64745864487
2024-09-02 00:00:00.000 UTC,Net Flow,173214.6899990869
2024-09-03 00:00:00.000 UTC,Net Flow,197193.2860958919
2024-09-04 00:00:00.000 UTC,Net Flow,215429.89041763693
2024-09-05 00:00:00.000 UTC,Net Flow,193820.0402538379
2024-09-06 00:00:00.000 UTC,Net Flow,173166.44845158694
2024-09-07 00:00:00.000 UTC,Net Flow,171921.93427220787
2024-09-08 00:00:00.000 UTC,Net Flow,162890.45488694985
2024-09-09 00:00:00.000 UTC,Net Flow,165816.0772208868
2024-09-10 00:00:00.000 UTC,Net Flow,128130.50270966484
2024-09-11 00:00:00.000 UTC,Net Flow,220407.9471012159
2024-09-12 00:00:00.000 UTC,Net Flow,156294.15596224685
2024-09-13 00:00:00.000 UTC,Net Flow,234993.91768521184
2024-09-14 00:00:00.000 UTC,Net Flow,168585.2058556948
2024-09-15 00:00:00.000 UTC,Net Flow,161263.26547508486
2024-09-16 00:00:00.000 UTC,Net Flow,168432.38321464686
2024-09-17 00:00:00.000 UTC,Net Flow,164837.68180488693
2024-09-18 00:00:00.000 UTC,Net Flow,83085.63833006789
2024-09-19 00:00:00.000 UTC,Net Flow,49065.75095283988
2024-09-20 00:00:00.000 UTC,Net Flow,59728.204417600835
2024-09-21 00:00:00.000 UTC,Net Flow,89834.50324592681
2024-09-22 00:00:00.000 UTC,Net Flow,87449.34602473085
2024-09-23 00:00:00.000 UTC,Net Flow,89613.63004634687
2024-09-24 00:00:00.000 UTC,Net Flow,124904.98530242388
2024-09-25 00:00:00.000 UTC,Net Flow,157413.63503622886
2024-09-26 00:00:00.000 UTC,Net Flow,78770.92221944587
2024-09-27 00:00:00.000 UTC,Net Flow,126640.39857961789
2024-09-28 00:00:00.000 UTC,Net Flow,35479.14515204095
2024-09-29 00:00:00.000 UTC,Net Flow,49050.38873847303
2024-09-30 00:00:00.000 UTC,Net Flow,83297.15925594998
2024-10-01 00:00:00.000 UTC,Net Flow,123486.93409916398
2024-10-02 00:00:00.000 UTC,Net Flow,184770.38906799897
2024-10-03 00:00:00.000 UTC,Net Flow,194837.81725835396
2024-10-04 00:00:00.000 UTC,Net Flow,245788.30064498293
2024-10-05 00:00:00.000 UTC,Net Flow,278599.77311224997
2024-10-06 00:00:00.000 UTC,Net Flow,242252.780308923
2024-10-07 00:00:00.000 UTC,Net Flow,244225.49037892203
2024-10-08 00:00:00.000 UTC,Net Flow,212234.16315748502
2024-10-09 00:00:00.000 UTC,Net Flow,129298.62294490906
2024-10-10 00:00:00.000 UTC,Net Flow,124148.73500491303
2024-10-11 00:00:00.000 UTC,Net Flow,100635.21421321001
2024-10-12 00:00:00.000 UTC,Net Flow,-24822.627045844987
2024-10-13 00:00:00.000 UTC,Net Flow,-111780.49139044198
2024-10-14 00:00:00.000 UTC,Net Flow,-67656.64242124603
2024-10-15 00:00:00.000 UTC,Net Flow,-79846.125234495
2024-10-16 00:00:00.000 UTC,Net Flow,-118250.38863511995
2024-10-17 00:00:00.000 UTC,Net Flow,-142007.13345125897
2024-10-18 00:00:00.000 UTC,Net Flow,-150626.36012386493
2024-10-19 00:00:00.000 UTC,Net Flow,-241111.34217697286
2024-10-20 00:00:00.000 UTC,Net Flow,-267354.9087719429
2024-10-21 00:00:00.000 UTC,Net Flow,-234143.61152274383
2024-10-22 00:00:00.000 UTC,Net Flow,-167564.52878858487
2024-10-23 00:00:00.000 UTC,Net Flow,-97394.74898865784
2024-10-24 00:00:00.000 UTC,Net Flow,-53364.95120393487
2024-10-25 00:00:00.000 UTC,Net Flow,-69536.80524300986
2024-10-26 00:00:00.000 UTC,Net Flow,-26891.365209344876
2024-10-27 00:00:00.000 UTC,Net Flow,18311.38904643215
2024-10-28 00:00:00.000 UTC,Net Flow,135598.96697390312
2024-10-29 00:00:00.000 UTC,Net Flow,126041.65313161112
2024-10-30 00:00:00.000 UTC,Net Flow,251203.7624707711
2024-10-31 00:00:00.000 UTC,Net Flow,256095.8028665561
2024-11-01 00:00:00.000 UTC,Net Flow,243991.30153741807
2024-11-02 00:00:00.000 UTC,Net Flow,224859.72298860407
2024-11-03 00:00:00.000 UTC,Net Flow,213419.80107274305
2024-11-04 00:00:00.000 UTC,Net Flow,208011.1114098131
2024-11-05 00:00:00.000 UTC,Net Flow,232767.59360879305
2024-11-06 00:00:00.000 UTC,Net Flow,171432.08120939397
2024-11-07 00:00:00.000 UTC,Net Flow,217488.79917330097
2024-11-08 00:00:00.000 UTC,Net Flow,224951.33593768597
2024-11-09 00:00:00.000 UTC,Net Flow,233072.07841898192
2024-11-10 00:00:00.000 UTC,Net Flow,181538.13810352294
2024-11-11 00:00:00.000 UTC,Net Flow,186198.32793863892
2024-11-12 00:00:00.000 UTC,Net Flow,110788.30028870695
2024-11-13 00:00:00.000 UTC,Net Flow,46520.38743476695
2024-11-14 00:00:00.000 UTC,Net Flow,-48942.02481488201
2024-11-15 00:00:00.000 UTC,Net Flow,-76714.25642577102
2024-11-16 00:00:00.000 UTC,Net Flow,-136851.240035514
2024-11-17 00:00:00.000 UTC,Net Flow,-189291.69098627596
2024-11-18 00:00:00.000 UTC,Net Flow,-142114.56390242098
2024-11-19 00:00:00.000 UTC,Net Flow,-123901.49823950205
2024-11-20 00:00:00.000 UTC,Net Flow,-164004.64556400102
2024-11-21 00:00:00.000 UTC,Net Flow,-227977.76319767098
2024-11-22 00:00:00.000 UTC,Net Flow,-287611.599638778
2024-11-23 00:00:00.000 UTC,Net Flow,-289577.55468087003
2024-11-24 00:00:00.000 UTC,Net Flow,-261351.76296340203
2024-11-25 00:00:00.000 UTC,Net Flow,-284835.88210867095
2024-11-26 00:00:00.000 UTC,Net Flow,-272561.455725989
2024-11-27 00:00:00.000 UTC,Net Flow,-249545.12552282604
2024-11-28 00:00:00.000 UTC,Net Flow,-245244.66990867304
2024-11-29 00:00:00.000 UTC,Net Flow,-293802.6965658761
2024-11-30 00:00:00.000 UTC,Net Flow,-247522.6114434111
2024-12-01 00:00:00.000 UTC,Net Flow,-208792.78103290108
2025-08-15 00:00:00.000 UTC,Net Flow,22579.796213293812
2025-08-16 00:00:00.000 UTC,Net Flow,-103527.69501788923
2025-08-17 00:00:00.000 UTC,Net Flow,-62812.3469836992
2025-08-18 00:00:00.000 UTC,Net Flow,-11595.19738535316
2025-08-19 00:00:00.000 UTC,Net Flow,-39919.04920483719
2025-08-20 00:00:00.000 UTC,Net Flow,-17570.564150940183
2025-08-21 00:00:00.000 UTC,Net Flow,70701.96791694085
2025-08-22 00:00:00.000 UTC,Net Flow,73308.13224964781
2025-08-23 00:00:00.000 UTC,Net Flow,2879.1396290608227
2025-08-24 00:00:00.000 UTC,Net Flow,274346.70669006376
2025-08-25 00:00:00.000 UTC,Net Flow,549355.4989984718
2025-08-26 00:00:00.000 UTC,Net Flow,512001.56548828084
2025-08-27 00:00:00.000 UTC,Net Flow,658326.5922661378
2025-08-28 00:00:00.000 UTC,Net Flow,555773.7483846898
2025-08-29 00:00:00.000 UTC,Net Flow,355599.5476199349
2025-08-30 00:00:00.000 UTC,Net Flow,413367.555155006
2025-08-31 00:00:00.000 UTC,Net Flow,505253.83508213307
2025-09-01 00:00:00.000 UTC,Net Flow,641383.815774747
2025-09-02 00:00:00.000 UTC,Net Flow,569683.0521754089
2025-09-03 00:00:00.000 UTC,Net Flow,514658.82527657796
2025-09-04 00:00:00.000 UTC,Net Flow,702208.698026015
2025-09-05 00:00:00.000 UTC,Net Flow,653673.8228897299
2025-09-06 00:00:00.000 UTC,Net Flow,644584.5269228899
2025-09-07 00:00:00.000 UTC,Net Flow,620258.0169425198
2025-09-08 00:00:00.000 UTC,Net Flow,351359.8534001448
2025-09-09 00:00:00.000 UTC,Net Flow,136165.77925215173
2025-09-10 00:00:00.000 UTC,Net Flow,106121.7885371447
2025-09-11 00:00:00.000 UTC,Net Flow,-97873.43735374835
2025-09-12 00:00:00.000 UTC,Net Flow,-137839.62482038132
2025-09-13 00:00:00.000 UTC,Net Flow,-237612.3254013803
2025-09-14 00:00:00.000 UTC,Net Flow,-350165.88203913136
2025-09-15 00:00:00.000 UTC,Net Flow,-356665.6679519064
2025-09-16 00:00:00.000 UTC,Net Flow,-508004.99593367643
2025-09-17 00:00:00.000 UTC,Net Flow,-495449.8845071904
2025-09-18 00:00:00.000 UTC,Net Flow,-429129.6242751764
2025-09-19 00:00:00.000 UTC,Net Flow,-637331.1024414755
2025-09-20 00:00:00.000 UTC,Net Flow,-632063.8053017135
2025-09-21 00:00:00.000 UTC,Net Flow,-578219.8081042086
2025-09-22 00:00:00.000 UTC,Net Flow,-587837.8584950045
2025-09-23 00:00:00.000 UTC,Net Flow,-654687.4490326624
2025-09-24 00:00:00.000 UTC,Net Flow,-630358.3721721644
2025-09-25 00:00:00.000 UTC,Net Flow,-575622.3227751903
2025-09-26 00:00:00.000 UTC,Net Flow,-493470.94874537433
2025-09-27 00:00:00.000 UTC,Net Flow,-438251.20248391636
2025-09-28 00:00:00.000 UTC,Net Flow,-413382.5461891963
2025-09-29 00:00:00.000 UTC,Net Flow,-378360.4395388013
2025-09-30 00:00:00.000 UTC,Net Flow,-341892.8250980452
2025-10-01 00:00:00.000 UTC,Net Flow,-314830.0260764452
2025-10-02 00:00:00.000 UTC,Net Flow,-276302.1481867322
2025-10-03 00:00:00.000 UTC,Net Flow,-220588.62148681819
2025-10-04 00:00:00.000 UTC,Net Flow,-271080.9286748301
2025-10-05 00:00:00.000 UTC,Net Flow,-295610.3571948521
2025-10-06 00:00:00.000 UTC,Net Flow,-250850.35292090307
2025-10-07 00:00:00.000 UTC,Net Flow,156463.17267561296
2025-10-08 00:00:00.000 UTC,Net Flow,1160902.620441034
2025-10-09 00:00:00.000 UTC,Net Flow,1019370.5118509431
2025-10-10 00:00:00.000 UTC,Net Flow,1012784.77689046
2025-10-11 00:00:00.000 UTC,Net Flow,950910.451315326
2025-10-12 00:00:00.000 UTC,Net Flow,991663.726589984
2025-10-13 00:00:00.000 UTC,Net Flow,1096578.157444927
2025-10-14 00:00:00.000 UTC,Net Flow,1146169.885732201
2025-10-15 00:00:00.000 UTC,Net Flow,1085842.0144673018
2025-10-16 00:00:00.000 UTC,Net Flow,1192384.8609800916
2025-10-17 00:00:00.000 UTC,Net Flow,1207950.4052264197
2025-10-18 00:00:00.000 UTC,Net Flow,1130307.9447942227
2025-10-19 00:00:00.000 UTC,Net Flow,1151691.4237353776
2025-10-20 00:00:00.000 UTC,Net Flow,1189882.4048689345
2025-10-21 00:00:00.000 UTC,Net Flow,1055689.7982849707
2025-10-22 00:00:00.000 UTC,Net Flow,669636.9933588477
2025-10-23 00:00:00.000 UTC,Net Flow,-274423.6128509093
2025-10-24 00:00:00.000 UTC,Net Flow,-75148.68843589432
2025-10-25 00:00:00.000 UTC,Net Flow,-53522.035137768304
2025-10-26 00:00:00.000 UTC,Net Flow,-12399.32585609131
2025-10-27 00:00:00.000 UTC,Net Flow,-12336.472535532317
2025-10-28 00:00:00.000 UTC,Net Flow,-205959.48378890732
2025-10-29 00:00:00.000 UTC,Net Flow,-139450.85335395933
2025-10-30 00:00:00.000 UTC,Net Flow,32371.095472689703
2025-10-31 00:00:00.000 UTC,Net Flow,39877.42212429071
2025-11-01 00:00:00.000 UTC,Net Flow,-4331.204015067255
2025-11-02 00:00:00.000 UTC,Net Flow,19604.90138101078
2025-11-03 00:00:00.000 UTC,Net Flow,107846.67669170785
2025-11-04 00:00:00.000 UTC,Net Flow,92039.9201554509
2025-11-05 00:00:00.000 UTC,Net Flow,131731.4701678679
2025-11-06 00:00:00.000 UTC,Net Flow,144247.576970397
2025-11-07 00:00:00.000 UTC,Net Flow,125414.63905046496
2025-11-08 00:00:00.000 UTC,Net Flow,13879.856501592938
2025-11-09 00:00:00.000 UTC,Net Flow,-48148.735119557045
2025-11-10 00:00:00.000 UTC,Net Flow,-73192.86490895004
2025-11-11 00:00:00.000 UTC,Net Flow,-195811.614366351
2025-11-12 00:00:00.000 UTC,Net Flow,-33682.41210329499
2025-11-13 00:00:00.000 UTC,Net Flow,-103386.99369624603
2025-11-14 00:00:00.000 UTC,Net Flow,-205086.26992870707
2025-11-15 00:00:00.000 UTC,Net Flow,-323048.06248964305
2025-11-16 00:00:00.000 UTC,Net Flow,-329648.0131331691
2025-11-17 00:00:00.000 UTC,Net Flow,-306108.8108481561
2025-11-18 00:00:00.000 UTC,Net Flow,-246005.22133764313
2025-11-19 00:00:00.000 UTC,Net Flow,-632295.6591147851
2025-11-20 00:00:00.000 UTC,Net Flow,-591205.8811943221
2025-11-21 00:00:00.000 UTC,Net Flow,-576224.1556879242
2025-11-22 00:00:00.000 UTC,Net Flow,-514663.2137416843
2025-11-23 00:00:00.000 UTC,Net Flow,-534253.0589672693
2025-11-24 00:00:00.000 UTC,Net Flow,-494693.9600190533
2025-11-25 00:00:00.000 UTC,Net Flow,-489260.10990765033
2025-11-26 00:00:00.000 UTC,Net Flow,-423083.0807576114
2025-11-27 00:00:00.000 UTC,Net Flow,-444576.8294279894
2025-11-28 00:00:00.000 UTC,Net Flow,-451793.79322146234
2025-11-29 00:00:00.000 UTC,Net Flow,-463708.8030927823
2025-11-30 00:00:00.000 UTC,Net Flow,-562802.9331760544
2025-12-01 00:00:00.000 UTC,Net Flow,-657751.6198317274
2025-12-02 00:00:00.000 UTC,Net Flow,-668991.2094223234
2025-12-03 00:00:00.000 UTC,Net Flow,-803205.8718110785
2025-12-04 00:00:00.000 UTC,Net Flow,-395035.2969246625
2025-12-05 00:00:00.000 UTC,Net Flow,-375931.4231493305
2025-12-06 00:00:00.000 UTC,Net Flow,-346027.9865506805
2025-12-07 00:00:00.000 UTC,Net Flow,-583279.9112729384
2025-12-08 00:00:00.000 UTC,Net Flow,-575446.7501443543
2025-12-09 00:00:00.000 UTC,Net Flow,-493863.8811083223
2025-12-10 00:00:00.000 UTC,Net Flow,-490628.69537918724
2025-12-11 00:00:00.000 UTC,Net Flow,-380893.7970233192
2025-12-12 00:00:00.000 UTC,Net Flow,-334627.1190903542
2025-12-13 00:00:00.000 UTC,Net Flow,-357369.05735128216
2025-12-14 00:00:00.000 UTC,Net Flow,-375682.8422601672
2025-12-15 00:00:00.000 UTC,Net Flow,-285887.79776220716
2025-12-16 00:00:00.000 UTC,Net Flow,-169714.63068633922
2025-12-17 00:00:00.000 UTC,Net Flow,-168043.21898346016
2025-12-18 00:00:00.000 UTC,Net Flow,-29015.448147925126
2025-12-19 00:00:00.000 UTC,Net Flow,-127321.82570655414
2025-12-20 00:00:00.000 UTC,Net Flow,-164088.9835516742
2025-12-21 00:00:00.000 UTC,Net Flow,-208827.38883302824
2025-12-22 00:00:00.000 UTC,Net Flow,12380.579800331729
2025-12-23 00:00:00.000 UTC,Net Flow,-2475.988504580273
2025-12-24 00:00:00.000 UTC,Net Flow,-114753.95020509126
2025-12-25 00:00:00.000 UTC,Net Flow,-93661.29018272324
2025-12-26 00:00:00.000 UTC,Net Flow,-114656.96937225935
2025-12-27 00:00:00.000 UTC,Net Flow,45198.52849570569
2025-12-28 00:00:00.000 UTC,Net Flow,-85995.84843179717
2025-12-29 00:00:00.000 UTC,Net Flow,103490.49277824983
2025-12-30 00:00:00.000 UTC,Net Flow,233122.2050089758
2025-12-31 00:00:00.000 UTC,Net Flow,229289.81899142283
2026-01-01 00:00:00.000 UTC,Net Flow,274176.27710589673
2026-01-02 00:00:00.000 UTC,Net Flow,281862.7503315187
2026-01-03 00:00:00.000 UTC,Net Flow,426459.6625790937
2026-01-04 00:00:00.000 UTC,Net Flow,541977.6887542089
2026-01-05 00:00:00.000 UTC,Net Flow,695754.186272163
2026-01-06 00:00:00.000 UTC,Net Flow,765357.430893343
2026-01-07 00:00:00.000 UTC,Net Flow,844716.9178930669
2026-01-08 00:00:00.000 UTC,Net Flow,1237784.341403385
2026-01-09 00:00:00.000 UTC,Net Flow,1241195.941042721
2026-01-10 00:00:00.000 UTC,Net Flow,1296656.8833303791
2026-01-11 00:00:00.000 UTC,Net Flow,1198345.566699732
2026-01-12 00:00:00.000 UTC,Net Flow,1682693.467105246
2026-01-13 00:00:00.000 UTC,Net Flow,1644165.341433585
2026-01-14 00:00:00.000 UTC,Net Flow,1799813.384429707
2026-01-15 00:00:00.000 UTC,Net Flow,1827480.435280196
2026-01-16 00:00:00.000 UTC,Net Flow,1856216.785178297
2026-01-17 00:00:00.000 UTC,Net Flow,1828999.103246026
2026-01-18 00:00:00.000 UTC,Net Flow,1801336.976079934
2026-01-19 00:00:00.000 UTC,Net Flow,1899554.1291405722
2026-01-20 00:00:00.000 UTC,Net Flow,1852632.8552028113
2026-01-21 00:00:00.000 UTC,Net Flow,1871153.3837333743
2026-01-22 00:00:00.000 UTC,Net Flow,2049488.7214418442
2026-01-23 00:00:00.000 UTC,Net Flow,1825200.144110166
2026-01-24 00:00:00.000 UTC,Net Flow,1797007.127285271
2026-01-25 00:00:00.000 UTC,Net Flow,1783142.17845083
2026-01-26 00:00:00.000 UTC,Net Flow,1938364.125224553
2026-01-27 00:00:00.000 UTC,Net Flow,1675155.4923641551
2026-01-28 00:00:00.000 UTC,Net Flow,1807203.984502372
2026-01-29 00:00:00.000 UTC,Net Flow,2068903.1526590409
2026-01-30 00:00:00.000 UTC,Net Flow,2066716.072717465
2026-01-31 00:00:00.000 UTC,Net Flow,1982771.536185071
2026-02-01 00:00:00.000 UTC,Net Flow,2022272.4650481741
2026-02-02 00:00:00.000 UTC,Net Flow,2019173.966457148
2026-02-03 00:00:00.000 UTC,Net Flow,1848173.426525038
2026-02-04 00:00:00.000 UTC,Net Flow,1769246.0590918479
2026-02-05 00:00:00.000 UTC,Net Flow,1722570.3692104467
2026-02-06 00:00:00.000 UTC,Net Flow,1577802.6118187346
2026-02-07 00:00:00.000 UTC,Net Flow,1468186.6868837925
2026-02-08 00:00:00.000 UTC,Net Flow,1414384.4902268995
2026-02-09 00:00:00.000 UTC,Net Flow,1326900.3925103995
2026-02-10 00:00:00.000 UTC,Net Flow,1214734.9648428194
2026-02-11 00:00:00.000 UTC,Net Flow,1193242.2977960543
2026-02-12 00:00:00.000 UTC,Net Flow,953909.6429196363
2026-02-13 00:00:00.000 UTC,Net Flow,412187.0661328454
2026-02-14 00:00:00.000 UTC,Net Flow,322152.3624883823
2026-02-15 00:00:00.000 UTC,Net Flow,323058.3880284313
2026-02-16 00:00:00.000 UTC,Net Flow,176447.66091483328
2026-02-17 00:00:00.000 UTC,Net Flow,140318.27848513226
2026-02-18 00:00:00.000 UTC,Net Flow,80488.86068799223
2026-02-19 00:00:00.000 UTC,Net Flow,71236.65039520424
2026-02-20 00:00:00.000 UTC,Net Flow,45959.652540310206
2026-02-21 00:00:00.000 UTC,Net Flow,-109432.67190761177
2026-02-22 00:00:00.000 UTC,Net Flow,-131760.66472893162
2026-02-23 00:00:00.000 UTC,Net Flow,-52555.66866102968
2026-02-24 00:00:00.000 UTC,Net Flow,-21920.276917407708
2026-02-25 00:00:00.000 UTC,Net Flow,-150739.72537453572
2026-02-26 00:00:00.000 UTC,Net Flow,-212074.2196929927
2026-02-27 00:00:00.000 UTC,Net Flow,-229813.5015743967
2026-02-28 00:00:00.000 UTC,Net Flow,-248144.22281370373
2026-03-01 00:00:00.000 UTC,Net Flow,-186287.0122673177
2026-03-02 00:00:00.000 UTC,Net Flow,-202226.9459843947
2026-03-03 00:00:00.000 UTC,Net Flow,-258601.00831358967
2026-03-04 00:00:00.000 UTC,Net Flow,-211405.50565043068
2026-03-05 00:00:00.000 UTC,Net Flow,-221250.58241524166
2026-03-06 00:00:00.000 UTC,Net Flow,-198687.9352109487
2026-03-07 00:00:00.000 UTC,Net Flow,-298525.7844584347
2026-03-08 00:00:00.000 UTC,Net Flow,-209580.55731652465
2026-03-09 00:00:00.000 UTC,Net Flow,-146932.1501704958
2026-03-10 00:00:00.000 UTC,Net Flow,-139960.14284110875
2026-03-11 00:00:00.000 UTC,Net Flow,-191610.5630358347
2026-03-12 00:00:00.000 UTC,Net Flow,-184515.4334655247
2026-03-13 00:00:00.000 UTC,Net Flow,-105905.14086940675
2026-03-14 00:00:00.000 UTC,Net Flow,-111530.91115062774
2026-03-15 00:00:00.000 UTC,Net Flow,-95305.16772285575
2026-03-16 00:00:00.000 UTC,Net Flow,-50349.80956489077
2026-03-17 00:00:00.000 UTC,Net Flow,17991.720374730226
2026-03-18 00:00:00.000 UTC,Net Flow,154901.22578995622
2026-03-19 00:00:00.000 UTC,Net Flow,133810.60083271825
2026-03-20 00:00:00.000 UTC,Net Flow,271531.72839679127
2026-03-21 00:00:00.000 UTC,Net Flow,246580.0450535933
2026-03-22 00:00:00.000 UTC,Net Flow,314921.9637438522
2026-03-23 00:00:00.000 UTC,Net Flow,321468.7829810272
2026-03-24 00:00:00.000 UTC,Net Flow,270549.58707544423
2026-03-25 00:00:00.000 UTC,Net Flow,245322.72065233922
2026-03-26 00:00:00.000 UTC,Net Flow,286580.5030648092
2026-03-27 00:00:00.000 UTC,Net Flow,340384.6835152872
2026-03-28 00:00:00.000 UTC,Net Flow,261941.8639681862
2026-03-29 00:00:00.000 UTC,Net Flow,281028.2278374932
2026-03-30 00:00:00.000 UTC,Net Flow,499706.09641270415
2026-03-31 00:00:00.000 UTC,Net Flow,504282.2373357762
2026-04-01 00:00:00.000 UTC,Net Flow,491712.27968595224
2026-04-02 00:00:00.000 UTC,Net Flow,484293.0238694562
2026-04-03 00:00:00.000 UTC,Net Flow,546138.6057532722
2026-04-04 00:00:00.000 UTC,Net Flow,401756.25418622716
2026-04-05 00:00:00.000 UTC,Net Flow,421919.0525194011
2026-04-06 00:00:00.000 UTC,Net Flow,464669.9498963192
2026-04-07 00:00:00.000 UTC,Net Flow,524767.0531764092
2026-04-08 00:00:00.000 UTC,Net Flow,550831.9081495132
2026-04-09 00:00:00.000 UTC,Net Flow,737112.0335045421
2026-04-10 00:00:00.000 UTC,Net Flow,694430.9695103412
2026-04-11 00:00:00.000 UTC,Net Flow,626993.1092311001
2026-04-12 00:00:00.000 UTC,Net Flow,663171.0024170162
2026-04-13 00:00:00.000 UTC,Net Flow,704925.9637110872
2026-04-14 00:00:00.000 UTC,Net Flow,517064.14863160334
2026-04-15 00:00:00.000 UTC,Net Flow,534118.1573658803
2026-04-16 00:00:00.000 UTC,Net Flow,523543.0481121093
2026-04-17 00:00:00.000 UTC,Net Flow,504628.2724760993
2026-04-18 00:00:00.000 UTC,Net Flow,312437.24962718424
2026-04-19 00:00:00.000 UTC,Net Flow,195812.77895765204
2026-04-20 00:00:00.000 UTC,Net Flow,146447.1895086521
2026-04-21 00:00:00.000 UTC,Net Flow,203420.20412365816
2026-04-22 00:00:00.000 UTC,Net Flow,137107.09359379014
2026-04-23 00:00:00.000 UTC,Net Flow,284263.18556115415
2026-04-24 00:00:00.000 UTC,Net Flow,299236.2620176212
2026-04-25 00:00:00.000 UTC,Net Flow,323021.5461631482
2026-04-26 00:00:00.000 UTC,Net Flow,327783.62987388216
2026-04-27 00:00:00.000 UTC,Net Flow,372450.61285469716
2026-04-28 00:00:00.000 UTC,Net Flow,381718.85038408515
2026-04-29 00:00:00.000 UTC,Net Flow,440553.6280660781
2026-04-30 00:00:00.000 UTC,Net Flow,515266.7887317912
2026-05-01 00:00:00.000 UTC,Net Flow,571368.9480781022
2026-05-02 00:00:00.000 UTC,Net Flow,465452.3993754612
2026-05-03 00:00:00.000 UTC,Net Flow,472162.1634771213
2026-05-04 00:00:00.000 UTC,Net Flow,819622.2822721075
2026-05-05 00:00:00.000 UTC,Net Flow,1013201.3865226225
2026-05-06 00:00:00.000 UTC,Net Flow,813987.4735659364
2026-05-07 00:00:00.000 UTC,Net Flow,723158.1755867514
2026-05-08 00:00:00.000 UTC,Net Flow,576570.4202586014
2026-05-09 00:00:00.000 UTC,Net Flow,243529.03700444047
2026-05-10 00:00:00.000 UTC,Net Flow,168238.56872705644
2026-05-11 00:00:00.000 UTC,Net Flow,136083.61296418257
2026-05-12 00:00:00.000 UTC,Net Flow,75074.7844202486
2026-05-13 00:00:00.000 UTC,Net Flow,9738.580601774693
2026-05-14 00:00:00.000 UTC,Net Flow,-47277.066674994334
2026-05-15 00:00:00.000 UTC,Net Flow,-117361.11192142441
2026-05-16 00:00:00.000 UTC,Net Flow,-145477.0185809743
2026-05-17 00:00:00.000 UTC,Net Flow,-53396.45024224135
2026-05-18 00:00:00.000 UTC,Net Flow,27113.75889383466
2026-05-19 00:00:00.000 UTC,Net Flow,-173275.60106808838
2026-05-20 00:00:00.000 UTC,Net Flow,-337721.8419980613
2026-05-21 00:00:00.000 UTC,Net Flow,-229394.60824452125
2026-05-22 00:00:00.000 UTC,Net Flow,-132794.0476741552
2026-05-23 00:00:00.000 UTC,Net Flow,-141995.02029520422
2026-05-24 00:00:00.000 UTC,Net Flow,-46597.58157754423
2026-05-25 00:00:00.000 UTC,Net Flow,36137.75805535879
2026-05-26 00:00:00.000 UTC,Net Flow,79633.4354774597
2026-05-27 00:00:00.000 UTC,Net Flow,70516.41538381565
2026-05-28 00:00:00.000 UTC,Net Flow,127993.98148334457
2026-05-29 00:00:00.000 UTC,Net Flow,117682.54235823659
2026-05-30 00:00:00.000 UTC,Net Flow,47103.29154595866
2026-05-31 00:00:00.000 UTC,Net Flow,15429.273194739622
2026-06-01 00:00:00.000 UTC,Net Flow,17151.477720598632
2026-06-02 00:00:00.000 UTC,Net Flow,45030.148527364654
2026-06-03 00:00:00.000 UTC,Net Flow,-89228.89531557236
2026-06-04 00:00:00.000 UTC,Net Flow,-102245.78096308743
2026-06-05 00:00:00.000 UTC,Net Flow,-106272.6306015104
2026-06-06 00:00:00.000 UTC,Net Flow,-87084.16566052241
2026-06-07 00:00:00.000 UTC,Net Flow,-113192.17132408643
2026-06-08 00:00:00.000 UTC,Net Flow,-106120.15878608744
2026-06-09 00:00:00.000 UTC,Net Flow,-140861.78906613743
2026-06-10 00:00:00.000 UTC,Net Flow,-188121.4645841324
2026-06-11 00:00:00.000 UTC,Net Flow,-184747.8085796604
2026-06-12 00:00:00.000 UTC,Net Flow,-242024.4583497484
2026-06-13 00:00:00.000 UTC,Net Flow,-274532.1626349164
2026-06-14 00:00:00.000 UTC,Net Flow,-196107.08487284143
2026-06-15 00:00:00.000 UTC,Net Flow,-170148.00006777543
2026-06-16 00:00:00.000 UTC,Net Flow,-202271.9078196824
2026-06-17 00:00:00.000 UTC,Net Flow,-193503.84984067947
2026-06-18 00:00:00.000 UTC,Net Flow,-43248.961214252435
2026-06-19 00:00:00.000 UTC,Net Flow,-2344.958898134384
2026-06-20 00:00:00.000 UTC,Net Flow,41154.21304991859
2026-06-21 00:00:00.000 UTC,Net Flow,27959.38003049357
2026-06-22 00:00:00.000 UTC,Net Flow,89778.6004987616
2026-06-23 00:00:00.000 UTC,Net Flow,231702.43449992163
2026-06-24 00:00:00.000 UTC,Net Flow,349720.29642646364
2026-06-25 00:00:00.000 UTC,Net Flow,409714.3245535956
2026-06-26 00:00:00.000 UTC,Net Flow,617288.0688571497
2026-06-27 00:00:00.000 UTC,Net Flow,632464.9549945837
2026-06-28 00:00:00.000 UTC,Net Flow,611088.5699304817
2026-06-29 00:00:00.000 UTC,Net Flow,559946.8988076106
2026-06-30 00:00:00.000 UTC,Net Flow,563816.9838738376
2026-07-01 00:00:00.000 UTC,Net Flow,602616.0035192147
2026-07-02 00:00:00.000 UTC,Net Flow,618737.5128445368
2026-07-03 00:00:00.000 UTC,Net Flow,627005.7780937278
2026-07-04 00:00:00.000 UTC,Net Flow,502874.9356696257
2026-07-05 00:00:00.000 UTC,Net Flow,453885.9254363037
2026-07-06 00:00:00.000 UTC,Net Flow,425174.3355035127
2026-07-07 00:00:00.000 UTC,Net Flow,421860.47073360765
2026-07-08 00:00:00.000 UTC,Net Flow,308730.62813476165
2026-07-09 00:00:00.000 UTC,Net Flow,198566.42456167564
2026-07-10 00:00:00.000 UTC,Net Flow,228470.12840627067
2026-07-11 00:00:00.000 UTC,Net Flow,4171.681808170604
2026-07-12 00:00:00.000 UTC,Net Flow,18704.296776476604
2026-07-13 00:00:00.000 UTC,Net Flow,86441.11256422165
2026-07-14 00:00:00.000 UTC,Net Flow,171525.27751643467
2026-07-15 00:00:00.000 UTC,Net Flow,147406.30423772667
2026-07-16 00:00:00.000 UTC,Net Flow,135974.9082186197
2026-07-17 00:00:00.000 UTC,Net Flow,124741.39778304566
2026-07-18 00:00:00.000 UTC,Net Flow,89875.02441081064
2026-07-19 00:00:00.000 UTC,Net Flow,185376.05990841967
2026-07-20 00:00:00.000 UTC,Net Flow,238329.48297496364
2026-07-21 00:00:00.000 UTC,Net Flow,294887.81883479166
2026-07-22 00:00:00.000 UTC,Net Flow,321695.18000893167
2026-07-23 00:00:00.000 UTC,Net Flow,379763.49025681266
2026-07-24 00:00:00.000 UTC,Net Flow,410864.1674329127
2026-07-25 00:00:00.000 UTC,Net Flow,363381.22639398766
2026-07-26 00:00:00.000 UTC,Net Flow,448203.5760855107
2026-07-27 00:00:00.000 UTC,Net Flow,422545.8681372347
2026-07-28 00:00:00.000 UTC,Net Flow,424478.8984122678
2026-07-29 00:00:00.000 UTC,Net Flow,369552.04005565983
2026-07-30 00:00:00.000 UTC,Net Flow,410821.7714435169
2026-07-31 00:00:00.000 UTC,Net Flow,420861.41125048284
2026-08-01 00:00:00.000 UTC,Net Flow,408034.1263901739
2026-08-02 00:00:00.000 UTC,Net Flow,398628.40426765895
2026-08-03 00:00:00.000 UTC,Net Flow,555143.8000690159
2026-08-04 00:00:00.000 UTC,Net Flow,540827.520424059
2026-08-05 00:00:00.000 UTC,Net Flow,575185.9659057208
2026-08-06 00:00:00.000 UTC,Net Flow,511850.61477553484
2026-08-07 00:00:00.000 UTC,Net Flow,497130.4393672978
2026-08-08 00:00:00.000 UTC,Net Flow,491237.8565299948
2026-08-09 00:00:00.000 UTC,Net Flow,485295.3957201348
2026-08-10 00:00:00.000 UTC,Net Flow,427472.8161582908
2026-08-11 00:00:00.000 UTC,Net Flow,493967.0614596537
2026-08-12 00:00:00.000 UTC,Net Flow,467627.15823296364
2026-08-13 00:00:00.000 UTC,Net Flow,383690.9441842716
2026-08-14 00:00:00.000 UTC,Net Flow,316579.8409644225
2026-08-15 00:00:00.000 UTC,Net Flow,299347.29352230055
2026-08-16 00:00:00.000 UTC,Net Flow,302729.48036994756
2026-08-17 00:00:00.000 UTC,Net Flow,326583.89043422055
2026-08-18 00:00:00.000 UTC,Net Flow,168774.28351366954
2026-08-19 00:00:00.000 UTC,Net Flow,142023.99442471756
2026-08-20 00:00:00.000 UTC,Net Flow,64227.02630049678
2026-08-21 00:00:00.000 UTC,Net Flow,59815.639425775815
2026-08-22 00:00:00.000 UTC,Net Flow,20869.408849996835
2026-08-23 00:00:00.000 UTC,Net Flow,-16058.90923566115
2026-08-24 00:00:00.000 UTC,Net Flow,-24311.13978017212
2026-08-25 00:00:00.000 UTC,Net Flow,-66041.96233747413
2026-08-26 00:00:00.000 UTC,Net Flow,-171530.56631614617
2026-08-27 00:00:00.000 UTC,Net Flow,-184787.96320539818
2026-08-28 00:00:00.000 UTC,Net Flow,-188420.43128018721
2026-08-29 00:00:00.000 UTC,Net Flow,-190631.84388086616
2026-08-30 00:00:00.000 UTC,Net Flow,-196061.3923288461
2026-08-31 00:00:00.000 UTC,Net Flow,-247121.7489854901
2026-09-01 00:00:00.000 UTC,Net Flow,-226278.629327697
2026-09-02 00:00:00.000 UTC,Net Flow,-250233.919840725
2026-09-03 00:00:00.000 UTC,Net Flow,-257433.41919674905
2026-09-04 00:00:00.000 UTC,Net Flow,-260717.7081856821
2026-09-05 00:00:00.000 UTC,Net Flow,-292866.6192272371
2026-09-06 00:00:00.000 UTC,Net Flow,-295965.41678039613
2026-09-07 00:00:00.000 UTC,Net Flow,-267099.62354640313
2026-09-08 00:00:00.000 UTC,Net Flow,-282820.17201343516
2026-09-09 00:00:00.000 UTC,Net Flow,-264578.10549632215
2026-09-10 00:00:00.000 UTC,Net Flow,-284143.9695829041
2026-09-11 00:00:00.000 UTC,Net Flow,-278121.28336867405
2026-09-12 00:00:00.000 UTC,Net Flow,-292304.908903433
2026-09-13 00:00:00.000 UTC,Net Flow,-300450.21941632306
2026-09-14 00:00:00.000 UTC,Net Flow,-276757.9129547191
2026-09-15 00:00:00.000 UTC,Net Flow,-253157.39738858907
2026-09-16 00:00:00.000 UTC,Net Flow,-275405.57939938206
2026-09-17 00:00:00.000 UTC,Net Flow,-257226.88705676902
2026-09-18 00:00:00.000 UTC,Net Flow,-261026.51335798303
2026-09-19 00:00:00.000 UTC,Net Flow,-261624.331504176
2026-09-20 00:00:00.000 UTC,Net Flow,-289605.5465302679
2026-09-21 00:00:00.000 UTC,Net Flow,-285183.16587942094
2026-09-22 00:00:00.000 UTC,Net Flow,-292960.68776005093
2024-12-02 00:00:00.000 UTC,Net Flow,-137316.79292953011
2024-12-03 00:00:00.000 UTC,Net Flow,-89287.96210263312
2024-12-04 00:00:00.000 UTC,Net Flow,-21837.589364992018
2024-12-05 00:00:00.000 UTC,Net Flow,-39371.03558382703
2024-12-06 00:00:00.000 UTC,Net Flow,13632.044584273921
2024-12-07 00:00:00.000 UTC,Net Flow,-54002.82682543908
2024-12-08 00:00:00.000 UTC,Net Flow,-107954.14960572806
2024-12-09 00:00:00.000 UTC,Net Flow,-155646.72842082204
2024-12-10 00:00:00.000 UTC,Net Flow,-139031.59584266107
2024-12-11 00:00:00.000 UTC,Net Flow,-149852.12348102307
2024-12-12 00:00:00.000 UTC,Net Flow,-179012.4447869951
2024-12-13 00:00:00.000 UTC,Net Flow,-144012.66153523207
2024-12-14 00:00:00.000 UTC,Net Flow,-171135.13825735005
2024-12-15 00:00:00.000 UTC,Net Flow,-264630.691456001
2024-12-16 00:00:00.000 UTC,Net Flow,-303543.117022772
2024-12-17 00:00:00.000 UTC,Net Flow,-314859.487659867
2024-12-18 00:00:00.000 UTC,Net Flow,-310663.41551350895
2024-12-19 00:00:00.000 UTC,Net Flow,-400023.58828565903
2024-12-20 00:00:00.000 UTC,Net Flow,-378050.09603742004
2024-12-21 00:00:00.000 UTC,Net Flow,-523862.074866001
2024-12-22 00:00:00.000 UTC,Net Flow,-538122.2265140861
2024-12-23 00:00:00.000 UTC,Net Flow,-477832.13155869313
2024-12-24 00:00:00.000 UTC,Net Flow,-445865.8666156341
2024-12-25 00:00:00.000 UTC,Net Flow,-411572.2174114881
2024-12-26 00:00:00.000 UTC,Net Flow,-401878.2282204161
2024-12-27 00:00:00.000 UTC,Net Flow,-362653.22966576606
2024-12-28 00:00:00.000 UTC,Net Flow,-382471.9659516341
2024-12-29 00:00:00.000 UTC,Net Flow,-345311.93810800614
2024-12-30 00:00:00.000 UTC,Net Flow,-301014.11323306314
2024-12-31 00:00:00.000 UTC,Net Flow,-230339.89847764318
2025-01-01 00:00:00.000 UTC,Net Flow,-210385.4352977922
2025-01-02 00:00:00.000 UTC,Net Flow,-231969.7879795722
2025-01-03 00:00:00.000 UTC,Net Flow,-223754.90474285613
2025-01-04 00:00:00.000 UTC,Net Flow,-254114.7936681161
2025-01-05 00:00:00.000 UTC,Net Flow,-108630.4956508021
2025-01-06 00:00:00.000 UTC,Net Flow,-38825.17266272106
2025-01-07 00:00:00.000 UTC,Net Flow,-25587.630239657025
2025-01-08 00:00:00.000 UTC,Net Flow,-5755.805811733007
2025-01-09 00:00:00.000 UTC,Net Flow,12272.337359322977
2025-01-10 00:00:00.000 UTC,Net Flow,23805.491606371004
2025-01-11 00:00:00.000 UTC,Net Flow,-60476.99456757201
2025-01-12 00:00:00.000 UTC,Net Flow,-44589.02869942499
2025-01-13 00:00:00.000 UTC,Net Flow,-19277.123623172993
2025-01-14 00:00:00.000 UTC,Net Flow,-44646.36097378696
2025-01-15 00:00:00.000 UTC,Net Flow,-66420.80460367791
2025-01-16 00:00:00.000 UTC,Net Flow,-83543.85747325087
2025-01-17 00:00:00.000 UTC,Net Flow,-87303.21384371791
2025-01-18 00:00:00.000 UTC,Net Flow,-99246.40629264596
2025-01-19 00:00:00.000 UTC,Net Flow,-71937.885731771
2025-01-20 00:00:00.000 UTC,Net Flow,-57886.66231727003
2025-01-21 00:00:00.000 UTC,Net Flow,3663.323410208948
2025-01-22 00:00:00.000 UTC,Net Flow,-74166.78961258003
2025-01-23 00:00:00.000 UTC,Net Flow,-187325.62761034098
2025-01-24 00:00:00.000 UTC,Net Flow,-220853.18394015997
2025-01-25 00:00:00.000 UTC,Net Flow,-218951.08072235904
2025-01-26 00:00:00.000 UTC,Net Flow,-152219.04753660504
2025-01-27 00:00:00.000 UTC,Net Flow,-125775.94692989207
2025-01-28 00:00:00.000 UTC,Net Flow,-177810.88800973806
2025-01-29 00:00:00.000 UTC,Net Flow,-222331.50573233806
2025-01-30 00:00:00.000 UTC,Net Flow,-242198.9925315271
2025-01-31 00:00:00.000 UTC,Net Flow,-217510.46601122312
2025-02-01 00:00:00.000 UTC,Net Flow,-214761.61592739512
2025-02-02 00:00:00.000 UTC,Net Flow,-219564.17603740215
2025-02-03 00:00:00.000 UTC,Net Flow,-174003.02557480818
2025-02-04 00:00:00.000 UTC,Net Flow,-128327.81222899616
2025-02-05 00:00:00.000 UTC,Net Flow,-214661.37441917713
2025-02-06 00:00:00.000 UTC,Net Flow,-189155.87891821217
2025-02-07 00:00:00.000 UTC,Net Flow,-158077.55601558025
2025-02-08 00:00:00.000 UTC,Net Flow,-160247.91608138423
2025-02-09 00:00:00.000 UTC,Net Flow,-258354.8421968212
2025-02-10 00:00:00.000 UTC,Net Flow,-239224.86310705816
2025-02-11 00:00:00.000 UTC,Net Flow,-251765.91176436117
2025-02-12 00:00:00.000 UTC,Net Flow,-252742.1525653182
2025-02-13 00:00:00.000 UTC,Net Flow,-151536.8274529102
2025-02-14 00:00:00.000 UTC,Net Flow,-118579.43682770415
2025-02-15 00:00:00.000 UTC,Net Flow,-193456.17076855214
2025-02-16 00:00:00.000 UTC,Net Flow,-300610.6027077121
2025-02-17 00:00:00.000 UTC,Net Flow,-258875.61347047408
2025-02-18 00:00:00.000 UTC,Net Flow,-256853.18714931802
2025-02-19 00:00:00.000 UTC,Net Flow,-305101.860410233
2025-02-20 00:00:00.000 UTC,Net Flow,-283243.619624124
2025-02-21 00:00:00.000 UTC,Net Flow,-278653.92468195705
2025-02-22 00:00:00.000 UTC,Net Flow,-193176.43931604904
2025-02-23 00:00:00.000 UTC,Net Flow,-170804.87413121003
2025-02-24 00:00:00.000 UTC,Net Flow,-90353.45454115201
2025-02-25 00:00:00.000 UTC,Net Flow,-79051.93954819403
2025-02-26 00:00:00.000 UTC,Net Flow,-62001.28798770301
2025-02-27 00:00:00.000 UTC,Net Flow,-54858.13964755798
2025-02-28 00:00:00.000 UTC,Net Flow,-43320.886032293005
2025-03-01 00:00:00.000 UTC,Net Flow,-77040.49086688904
2025-03-02 00:00:00.000 UTC,Net Flow,-29529.459636016032
2025-03-03 00:00:00.000 UTC,Net Flow,93825.13727948192
2025-03-04 00:00:00.000 UTC,Net Flow,174282.80816366395
2025-03-05 00:00:00.000 UTC,Net Flow,137987.79792119592
2025-03-06 00:00:00.000 UTC,Net Flow,154106.3004164669
2025-03-07 00:00:00.000 UTC,Net Flow,115098.20205808087
2025-03-08 00:00:00.000 UTC,Net Flow,111482.02076697684
2025-03-09 00:00:00.000 UTC,Net Flow,116.51145619484305
2025-03-10 00:00:00.000 UTC,Net Flow,2604.6681659798014
2025-03-11 00:00:00.000 UTC,Net Flow,48994.612430635774
2025-03-12 00:00:00.000 UTC,Net Flow,84598.42325872071
2025-03-13 00:00:00.000 UTC,Net Flow,142752.51359048067
2025-03-14 00:00:00.000 UTC,Net Flow,165406.4346316576
2025-03-15 00:00:00.000 UTC,Net Flow,115412.13787726169
2025-03-16 00:00:00.000 UTC,Net Flow,114593.01161678271
2025-03-17 00:00:00.000 UTC,Net Flow,183042.98197108574
2025-03-18 00:00:00.000 UTC,Net Flow,182054.79719545878
2025-03-19 00:00:00.000 UTC,Net Flow,91421.58958176579
2025-03-20 00:00:00.000 UTC,Net Flow,129473.71969212478
2025-03-21 00:00:00.000 UTC,Net Flow,129352.10805925581
2025-03-22 00:00:00.000 UTC,Net Flow,178737.83796415382
2025-03-23 00:00:00.000 UTC,Net Flow,225595.7942938009
2025-03-24 00:00:00.000 UTC,Net Flow,357669.2777206579
2025-03-25 00:00:00.000 UTC,Net Flow,394246.02030965587
2025-03-26 00:00:00.000 UTC,Net Flow,396197.4225014289
2025-03-27 00:00:00.000 UTC,Net Flow,369390.428030098
2025-03-28 00:00:00.000 UTC,Net Flow,298374.058330571
2025-03-29 00:00:00.000 UTC,Net Flow,304007.1392955651
2025-03-30 00:00:00.000 UTC,Net Flow,329040.44539188803
2025-03-31 00:00:00.000 UTC,Net Flow,351073.7928855111
2025-04-01 00:00:00.000 UTC,Net Flow,310814.84463560104
2025-04-02 00:00:00.000 UTC,Net Flow,315531.15771163703
2025-04-03 00:00:00.000 UTC,Net Flow,310213.609697522
2025-04-04 00:00:00.000 UTC,Net Flow,282678.62231706205
2025-04-05 00:00:00.000 UTC,Net Flow,237021.13453225914
2025-04-06 00:00:00.000 UTC,Net Flow,206819.54416447118
2025-04-07 00:00:00.000 UTC,Net Flow,202717.45292969016
2025-04-08 00:00:00.000 UTC,Net Flow,186153.23109976813
2025-04-09 00:00:00.000 UTC,Net Flow,98198.15598865814
2025-04-10 00:00:00.000 UTC,Net Flow,161045.4104643481
2025-04-11 00:00:00.000 UTC,Net Flow,90633.40962144412
2025-04-12 00:00:00.000 UTC,Net Flow,54667.72830912608
2025-04-13 00:00:00.000 UTC,Net Flow,31769.991969075018
2025-04-14 00:00:00.000 UTC,Net Flow,23229.28221152602
2025-04-15 00:00:00.000 UTC,Net Flow,18671.603065944975
2025-04-16 00:00:00.000 UTC,Net Flow,-62965.43249596706
2025-04-17 00:00:00.000 UTC,Net Flow,-133883.35779664805
2025-04-18 00:00:00.000 UTC,Net Flow,-133286.76242529604
2025-04-19 00:00:00.000 UTC,Net Flow,-202605.43095071206
2025-04-20 00:00:00.000 UTC,Net Flow,-186613.58926380513
2025-04-21 00:00:00.000 UTC,Net Flow,-176855.54218760916
2025-04-22 00:00:00.000 UTC,Net Flow,-98675.96713503316
2025-04-23 00:00:00.000 UTC,Net Flow,-140768.16750612215
2025-04-24 00:00:00.000 UTC,Net Flow,-138175.51123025015
2025-04-25 00:00:00.000 UTC,Net Flow,-243490.82261172417
2025-04-26 00:00:00.000 UTC,Net Flow,-190897.1884547882
2025-04-27 00:00:00.000 UTC,Net Flow,-194874.67886250716
2025-04-28 00:00:00.000 UTC,Net Flow,-173884.12658502115
2025-04-29 00:00:00.000 UTC,Net Flow,-161194.70585705215
2025-04-30 00:00:00.000 UTC,Net Flow,-179534.55967800715
2025-05-01 00:00:00.000 UTC,Net Flow,-91964.87782043808
2025-05-02 00:00:00.000 UTC,Net Flow,-49854.30714796306
2025-05-03 00:00:00.000 UTC,Net Flow,-98443.51424287204
2025-05-04 00:00:00.000 UTC,Net Flow,-37672.97107828407
2025-05-05 00:00:00.000 UTC,Net Flow,-12625.397464937032
2025-05-06 00:00:00.000 UTC,Net Flow,98210.46497776502
2025-05-07 00:00:00.000 UTC,Net Flow,31109.79452393407
2025-05-08 00:00:00.000 UTC,Net Flow,62484.864231071064
2025-05-09 00:00:00.000 UTC,Net Flow,109639.93358343406
2025-05-10 00:00:00.000 UTC,Net Flow,114817.60730544612
2025-05-11 00:00:00.000 UTC,Net Flow,152177.4494424241
2025-05-12 00:00:00.000 UTC,Net Flow,270735.2922995511
2025-05-13 00:00:00.000 UTC,Net Flow,285320.95951517014
2025-05-14 00:00:00.000 UTC,Net Flow,283488.1017282651
2025-05-15 00:00:00.000 UTC,Net Flow,309110.2248782331
2025-05-16 00:00:00.000 UTC,Net Flow,167594.42193660894
2025-05-17 00:00:00.000 UTC,Net Flow,148548.1013271209
2025-05-18 00:00:00.000 UTC,Net Flow,211410.38249912387
2025-05-19 00:00:00.000 UTC,Net Flow,184438.34260237688
2025-05-20 00:00:00.000 UTC,Net Flow,180969.02732210685
2025-05-21 00:00:00.000 UTC,Net Flow,120467.0052507428
2025-05-22 00:00:00.000 UTC,Net Flow,52159.54805274574
2025-05-23 00:00:00.000 UTC,Net Flow,57352.19402251674
2025-05-24 00:00:00.000 UTC,Net Flow,21201.171727712725
2025-05-25 00:00:00.000 UTC,Net Flow,14753.064509480691
2025-05-26 00:00:00.000 UTC,Net Flow,-141884.7721915003
2025-05-27 00:00:00.000 UTC,Net Flow,-219722.2679077873
2025-05-28 00:00:00.000 UTC,Net Flow,-179425.24077678425
2025-05-29 00:00:00.000 UTC,Net Flow,-135695.72016028324
2025-05-30 00:00:00.000 UTC,Net Flow,-124641.63231097622
2025-05-31 00:00:00.000 UTC,Net Flow,-1379.8187658361567
2025-06-01 00:00:00.000 UTC,Net Flow,28783.289420957793
2025-06-02 00:00:00.000 UTC,Net Flow,193691.3348649388
2025-06-03 00:00:00.000 UTC,Net Flow,272961.4014827148
2025-06-04 00:00:00.000 UTC,Net Flow,346719.1364765908
2025-06-05 00:00:00.000 UTC,Net Flow,328399.9401871478
2025-06-06 00:00:00.000 UTC,Net Flow,364548.93063943984
2025-06-07 00:00:00.000 UTC,Net Flow,386959.4172450768
2025-06-08 00:00:00.000 UTC,Net Flow,412799.8247856538
2025-06-09 00:00:00.000 UTC,Net Flow,473884.5973590008
2025-06-10 00:00:00.000 UTC,Net Flow,653989.4996696148
2025-06-11 00:00:00.000 UTC,Net Flow,683414.7768573238
2025-06-12 00:00:00.000 UTC,Net Flow,627762.1488138328
2025-06-13 00:00:00.000 UTC,Net Flow,702366.2962298217
2025-06-14 00:00:00.000 UTC,Net Flow,661483.5624224017
2025-06-15 00:00:00.000 UTC,Net Flow,661570.8113285117
2025-06-16 00:00:00.000 UTC,Net Flow,749802.7482512686
2025-06-17 00:00:00.000 UTC,Net Flow,633881.8108989326
2025-06-18 00:00:00.000 UTC,Net Flow,591202.0511607556
2025-06-19 00:00:00.000 UTC,Net Flow,493945.3460831096
2025-06-20 00:00:00.000 UTC,Net Flow,497534.5895237446
2025-06-21 00:00:00.000 UTC,Net Flow,589419.8624179646
2025-06-22 00:00:00.000 UTC,Net Flow,577313.7863445886
2025-06-23 00:00:00.000 UTC,Net Flow,606463.2400555166
2025-06-24 00:00:00.000 UTC,Net Flow,575357.3495867846
2025-06-25 00:00:00.000 UTC,Net Flow,522773.14935238956
2025-06-26 00:00:00.000 UTC,Net Flow,468783.0408003975
2025-06-27 00:00:00.000 UTC,Net Flow,468058.13678053545
2025-06-28 00:00:00.000 UTC,Net Flow,319062.1276702505
2025-06-29 00:00:00.000 UTC,Net Flow,347619.8195969244
2025-06-30 00:00:00.000 UTC,Net Flow,348142.74298104044
2025-07-01 00:00:00.000 UTC,Net Flow,290537.6357874444
2025-07-02 00:00:00.000 UTC,Net Flow,247801.0705426364
2025-07-03 00:00:00.000 UTC,Net Flow,248770.27190634437
2025-07-04 00:00:00.000 UTC,Net Flow,337851.04123510834
2025-07-05 00:00:00.000 UTC,Net Flow,318997.2670270944
2025-07-06 00:00:00.000 UTC,Net Flow,233639.3609948684
2025-07-07 00:00:00.000 UTC,Net Flow,358957.82402056234
2025-07-08 00:00:00.000 UTC,Net Flow,324599.8582240724
2025-07-09 00:00:00.000 UTC,Net Flow,406957.5194383344
2025-07-10 00:00:00.000 UTC,Net Flow,454028.49657783547
2025-07-11 00:00:00.000 UTC,Net Flow,537756.3348577075
2025-07-12 00:00:00.000 UTC,Net Flow,533446.3104613516
2025-07-13 00:00:00.000 UTC,Net Flow,564648.3275712667
2025-07-14 00:00:00.000 UTC,Net Flow,642948.3012876167
2025-07-15 00:00:00.000 UTC,Net Flow,688791.2232002707
2025-07-16 00:00:00.000 UTC,Net Flow,711294.1580997896
2025-07-17 00:00:00.000 UTC,Net Flow,646171.3934438716
2025-07-18 00:00:00.000 UTC,Net Flow,646456.1147325047
2025-07-19 00:00:00.000 UTC,Net Flow,570824.3388788168
2025-07-20 00:00:00.000 UTC,Net Flow,556492.2268632948
2025-07-21 00:00:00.000 UTC,Net Flow,554409.9098087508
2025-07-22 00:00:00.000 UTC,Net Flow,365664.08655157086
2025-07-23 00:00:00.000 UTC,Net Flow,357643.28372770385
2025-07-24 00:00:00.000 UTC,Net Flow,221178.82975333586
2025-07-25 00:00:00.000 UTC,Net Flow,150590.6982746508
2025-07-26 00:00:00.000 UTC,Net Flow,53320.93614204385
2025-07-27 00:00:00.000 UTC,Net Flow,56456.09908218884
2025-07-28 00:00:00.000 UTC,Net Flow,24145.63231478285
2025-07-29 00:00:00.000 UTC,Net Flow,-70686.98560517016
2025-07-30 00:00:00.000 UTC,Net Flow,-138220.16442505317
2025-07-31 00:00:00.000 UTC,Net Flow,-192822.84439580416
2025-08-01 00:00:00.000 UTC,Net Flow,-157666.75781193923
2025-08-02 00:00:00.000 UTC,Net Flow,-221222.2251305212
2025-08-03 00:00:00.000 UTC,Net Flow,-230079.0214105002
2025-08-04 00:00:00.000 UTC,Net Flow,-230702.11393251512
2025-08-05 00:00:00.000 UTC,Net Flow,-277884.17947975115
2025-08-06 00:00:00.000 UTC,Net Flow,-317734.1922045072
2025-08-07 00:00:00.000 UTC,Net Flow,-336019.21159485716
2025-08-08 00:00:00.000 UTC,Net Flow,-244438.7458307332
2025-08-09 00:00:00.000 UTC,Net Flow,-239990.41661794315
2025-08-10 00:00:00.000 UTC,Net Flow,-263373.79816674616
2025-08-11 00:00:00.000 UTC,Net Flow,-269298.88613162015
2025-08-12 00:00:00.000 UTC,Net Flow,-232808.82297181114
2025-08-13 00:00:00.000 UTC,Net Flow,-174875.34173537712
2025-08-14 00:00:00.000 UTC,Net Flow,47340.86625587588
2025-10-02 00:00:00.000 UTC,Withdrawn Principal,-27968
2026-05-08 00:00:00.000 UTC,Withdrawn Principal,-38719.997718519
2024-12-05 00:00:00.000 UTC,Withdrawn Principal,-73664
2024-12-10 00:00:00.000 UTC,Withdrawn Principal,-42272
2024-12-18 00:00:00.000 UTC,Withdrawn Principal,-92864
2025-05-23 00:00:00.000 UTC,Withdrawn Principal,-26623.986541061
2026-09-07 00:00:00.000 UTC,Withdrawn Principal,-10556.538274
2024-05-26 00:00:00.000 UTC,Withdrawn Principal,-49983.658800099
2024-06-21 00:00:00.000 UTC,Withdrawn Principal,-9376
2024-11-16 00:00:00.000 UTC,Withdrawn Principal,-51200
2025-01-16 00:00:00.000 UTC,Withdrawn Principal,-27264
2026-01-12 00:00:00.000 UTC,Withdrawn Principal,-9919.701230026
2026-08-10 00:00:00.000 UTC,Withdrawn Principal,-8992
2024-03-27 00:00:00.000 UTC,Withdrawn Principal,-61471.968675009004
2024-07-12 00:00:00.000 UTC,Withdrawn Principal,-39904
2025-01-03 00:00:00.000 UTC,Withdrawn Principal,-35744
2025-03-26 00:00:00.000 UTC,Withdrawn Principal,-29696
2025-05-09 00:00:00.000 UTC,Withdrawn Principal,-30014.068998198996
2025-12-30 00:00:00.000 UTC,Withdrawn Principal,-33784.89297679
2026-06-11 00:00:00.000 UTC,Withdrawn Principal,-11033.694372
2026-08-15 00:00:00.000 UTC,Withdrawn Principal,-15646.178622895
2024-04-19 00:00:00.000 UTC,Withdrawn Principal,-47359.940981468
2024-06-16 00:00:00.000 UTC,Withdrawn Principal,-90208
2025-08-14 00:00:00.000 UTC,Withdrawn Principal,-41183.997546414
2025-07-03 00:00:00.000 UTC,Withdrawn Principal,-18495.82460866
2026-05-23 00:00:00.000 UTC,Withdrawn Principal,-3423.759997432
2026-08-26 00:00:00.000 UTC,Withdrawn Principal,-35412.331715451
2026-08-18 00:00:00.000 UTC,Withdrawn Principal,-5951.941939394
2024-06-09 00:00:00.000 UTC,Withdrawn Principal,-17375.999449639
2025-01-02 00:00:00.000 UTC,Withdrawn Principal,-6144
2025-09-01 00:00:00.000 UTC,Withdrawn Principal,-52000
2025-12-19 00:00:00.000 UTC,Withdrawn Principal,-208544
2026-06-09 00:00:00.000 UTC,Withdrawn Principal,-43275.932789154
2025-12-27 00:00:00.000 UTC,Withdrawn Principal,-32639.726010932005
2026-05-13 00:00:00.000 UTC,Withdrawn Principal,-14043.641167669999
2026-08-02 00:00:00.000 UTC,Withdrawn Principal,-33119.930775101
2024-06-19 00:00:00.000 UTC,Withdrawn Principal,-19230.498616405002
2025-02-18 00:00:00.000 UTC,Withdrawn Principal,-17504
2025-06-02 00:00:00.000 UTC,Withdrawn Principal,-25599.970971342
2024-05-12 00:00:00.000 UTC,Withdrawn Principal,-8351.87459122
2024-10-14 00:00:00.000 UTC,Withdrawn Principal,-6751.997669498
2025-03-31 00:00:00.000 UTC,Withdrawn Principal,-26336
2025-04-06 00:00:00.000 UTC,Withdrawn Principal,-26144
2025-06-18 00:00:00.000 UTC,Withdrawn Principal,-23584
2025-11-24 00:00:00.000 UTC,Withdrawn Principal,-31327.813806798
2026-03-19 00:00:00.000 UTC,Withdrawn Principal,-27610.421996
2026-08-12 00:00:00.000 UTC,Withdrawn Principal,-4608
2026-08-20 00:00:00.000 UTC,Withdrawn Principal,-6932.747743522
2024-04-01 00:00:00.000 UTC,Withdrawn Principal,-60219.798287337
2024-11-29 00:00:00.000 UTC,Withdrawn Principal,-39424
2025-03-14 00:00:00.000 UTC,Withdrawn Principal,-27456
2025-08-04 00:00:00.000 UTC,Withdrawn Principal,-34943.785307795
2025-10-09 00:00:00.000 UTC,Withdrawn Principal,-148096
2026-03-16 00:00:00.000 UTC,Withdrawn Principal,-11360
2026-04-27 00:00:00.000 UTC,Withdrawn Principal,-61120
2026-09-03 00:00:00.000 UTC,Withdrawn Principal,-20096
2024-04-20 00:00:00.000 UTC,Withdrawn Principal,-25918.94772266
2024-09-18 00:00:00.000 UTC,Withdrawn Principal,-22495.751444319
2026-07-30 00:00:00.000 UTC,Withdrawn Principal,-21072.86408051
2026-05-29 00:00:00.000 UTC,Withdrawn Principal,-11807.994221199999
2026-03-02 00:00:00.000 UTC,Withdrawn Principal,-43056.700890060005
2024-03-30 00:00:00.000 UTC,Withdrawn Principal,-91328
2024-04-17 00:00:00.000 UTC,Withdrawn Principal,-23551.314871378
2024-05-14 00:00:00.000 UTC,Withdrawn Principal,-9888
2025-01-05 00:00:00.000 UTC,Withdrawn Principal,-37471.910505320004
2025-02-23 00:00:00.000 UTC,Withdrawn Principal,-10336
2025-03-21 00:00:00.000 UTC,Withdrawn Principal,-42943.819582312004
2025-07-19 00:00:00.000 UTC,Withdrawn Principal,-19609.7
2025-09-07 00:00:00.000 UTC,Withdrawn Principal,-49792
2026-04-11 00:00:00.000 UTC,Withdrawn Principal,-22816
2026-06-08 00:00:00.000 UTC,Withdrawn Principal,-101163.642807394
2024-08-05 00:00:00.000 UTC,Withdrawn Principal,-17856
2024-09-09 00:00:00.000 UTC,Withdrawn Principal,-16959.555286522
2024-11-06 00:00:00.000 UTC,Withdrawn Principal,-43104
2026-08-21 00:00:00.000 UTC,Withdrawn Principal,-7057.303617511001
2025-07-29 00:00:00.000 UTC,Withdrawn Principal,-37696
2025-08-19 00:00:00.000 UTC,Withdrawn Principal,-62784
2026-03-25 00:00:00.000 UTC,Withdrawn Principal,-26776.760179
2026-08-25 00:00:00.000 UTC,Withdrawn Principal,-24726.282972474
2024-06-06 00:00:00.000 UTC,Withdrawn Principal,-28639.747580559
2024-08-23 00:00:00.000 UTC,Withdrawn Principal,-19904
2024-11-04 00:00:00.000 UTC,Withdrawn Principal,-39776
2025-06-23 00:00:00.000 UTC,Withdrawn Principal,-17887.972780427
2025-08-16 00:00:00.000 UTC,Withdrawn Principal,-134111.94151709502
2024-06-05 00:00:00.000 UTC,Withdrawn Principal,-29375.617675097004
2024-08-13 00:00:00.000 UTC,Withdrawn Principal,-20895.854020259998
2025-06-01 00:00:00.000 UTC,Withdrawn Principal,-41279.965272675
2025-06-30 00:00:00.000 UTC,Withdrawn Principal,-15136
2025-10-21 00:00:00.000 UTC,Withdrawn Principal,-109056
2026-02-07 00:00:00.000 UTC,Withdrawn Principal,-4512
2026-08-31 00:00:00.000 UTC,Withdrawn Principal,-56351.619872751995
2024-04-02 00:00:00.000 UTC,Withdrawn Principal,-144383.67007647298
2024-05-30 00:00:00.000 UTC,Withdrawn Principal,-11296
2024-09-15 00:00:00.000 UTC,Withdrawn Principal,-28640
2025-07-23 00:00:00.000 UTC,Withdrawn Principal,-32128
2025-10-28 00:00:00.000 UTC,Withdrawn Principal,-228800
2026-02-24 00:00:00.000 UTC,Withdrawn Principal,-10815.956767583
2024-06-14 00:00:00.000 UTC,Withdrawn Principal,-13823.96658618
2024-06-27 00:00:00.000 UTC,Withdrawn Principal,-3710.9181798520003
2024-07-28 00:00:00.000 UTC,Withdrawn Principal,-22303.874465423003
2025-04-16 00:00:00.000 UTC,Withdrawn Principal,-141023.9905684
2025-02-13 00:00:00.000 UTC,Withdrawn Principal,-44384
2025-06-15 00:00:00.000 UTC,Withdrawn Principal,-8255.811276634999
2025-11-07 00:00:00.000 UTC,Withdrawn Principal,-67072
2026-02-01 00:00:00.000 UTC,Withdrawn Principal,-6676
2024-04-09 00:00:00.000 UTC,Withdrawn Principal,-101279.72069372101
2024-10-03 00:00:00.000 UTC,Withdrawn Principal,-48735.988425739
2024-10-11 00:00:00.000 UTC,Withdrawn Principal,-43455.949697986
2025-04-29 00:00:00.000 UTC,Withdrawn Principal,-13248
2025-05-15 00:00:00.000 UTC,Withdrawn Principal,-9792
2026-01-04 00:00:00.000 UTC,Withdrawn Principal,-31455.754526451
2026-02-19 00:00:00.000 UTC,Withdrawn Principal,-9951.8931192
2026-06-06 00:00:00.000 UTC,Withdrawn Principal,-13610.898340843998
2026-07-18 00:00:00.000 UTC,Withdrawn Principal,-28795.980181
2025-08-24 00:00:00.000 UTC,Withdrawn Principal,-61920
2025-12-14 00:00:00.000 UTC,Withdrawn Principal,-34719.66635466
2026-06-14 00:00:00.000 UTC,Withdrawn Principal,-9339.93323738
2024-05-27 00:00:00.000 UTC,Withdrawn Principal,-38879.897989560006
2025-03-03 00:00:00.000 UTC,Withdrawn Principal,-11776
2026-06-19 00:00:00.000 UTC,Withdrawn Principal,-8694.636833
2024-07-27 00:00:00.000 UTC,Withdrawn Principal,-22015.994625064
2025-02-15 00:00:00.000 UTC,Withdrawn Principal,-99232
2025-12-12 00:00:00.000 UTC,Withdrawn Principal,-5024
2026-08-27 00:00:00.000 UTC,Withdrawn Principal,-10408.521059941999
2024-11-22 00:00:00.000 UTC,Withdrawn Principal,-81663.97758179299
2025-03-13 00:00:00.000 UTC,Withdrawn Principal,-8479.997561773
2025-09-24 00:00:00.000 UTC,Withdrawn Principal,-28704
2026-07-02 00:00:00.000 UTC,Withdrawn Principal,-12014.638994638
2025-10-07 00:00:00.000 UTC,Withdrawn Principal,-64
2026-02-27 00:00:00.000 UTC,Withdrawn Principal,-17429.704633389003
2026-03-30 00:00:00.000 UTC,Withdrawn Principal,-14751.960295657
2025-09-04 00:00:00.000 UTC,Withdrawn Principal,-57567.740399391994
2025-09-25 00:00:00.000 UTC,Withdrawn Principal,-25088
2024-09-06 00:00:00.000 UTC,Withdrawn Principal,-48736
2025-03-12 00:00:00.000 UTC,Withdrawn Principal,-32896
2026-01-09 00:00:00.000 UTC,Withdrawn Principal,-25087.993986113
2026-03-05 00:00:00.000 UTC,Withdrawn Principal,-42166.843767406
2026-07-20 00:00:00.000 UTC,Withdrawn Principal,-9789.17337787
2026-08-05 00:00:00.000 UTC,Withdrawn Principal,-11999.993953138
2025-10-19 00:00:00.000 UTC,Withdrawn Principal,-76096
2024-05-04 00:00:00.000 UTC,Withdrawn Principal,-17148.345880693003
2024-05-24 00:00:00.000 UTC,Withdrawn Principal,-26111.823270397
2024-09-17 00:00:00.000 UTC,Withdrawn Principal,-13663.568725413
2024-09-25 00:00:00.000 UTC,Withdrawn Principal,-52703.872907733
2024-11-27 00:00:00.000 UTC,Withdrawn Principal,-93760
2025-07-14 00:00:00.000 UTC,Withdrawn Principal,-12096
2026-01-17 00:00:00.000 UTC,Withdrawn Principal,-22035.98795966
2025-08-03 00:00:00.000 UTC,Withdrawn Principal,-77343.82538808
2024-08-26 00:00:00.000 UTC,Withdrawn Principal,-27200
2025-01-21 00:00:00.000 UTC,Withdrawn Principal,-30432
2025-06-07 00:00:00.000 UTC,Withdrawn Principal,-21951.959550276
2025-11-28 00:00:00.000 UTC,Withdrawn Principal,-8479.938137187
2025-12-29 00:00:00.000 UTC,Withdrawn Principal,-26429.17778396
2026-06-26 00:00:00.000 UTC,Withdrawn Principal,-18815.899728
2025-06-25 00:00:00.000 UTC,Withdrawn Principal,-28671.787195554003
2026-02-17 00:00:00.000 UTC,Withdrawn Principal,-29759.991341330002
2026-04-14 00:00:00.000 UTC,Withdrawn Principal,-6028.666156764
2024-04-24 00:00:00.000 UTC,Withdrawn Principal,-37536
2025-03-01 00:00:00.000 UTC,Withdrawn Principal,-29504
2025-04-18 00:00:00.000 UTC,Withdrawn Principal,-23296
2025-10-06 00:00:00.000 UTC,Withdrawn Principal,-59680
2026-04-19 00:00:00.000 UTC,Withdrawn Principal,-164817.31331922702
2025-09-17 00:00:00.000 UTC,Withdrawn Principal,-20640
2025-12-08 00:00:00.000 UTC,Withdrawn Principal,-68733.447238546
2026-01-03 00:00:00.000 UTC,Withdrawn Principal,-23472.605142632
2026-06-03 00:00:00.000 UTC,Withdrawn Principal,-166166.927946
2024-04-23 00:00:00.000 UTC,Withdrawn Principal,-29600
2024-06-15 00:00:00.000 UTC,Withdrawn Principal,-23551.794274804
2024-11-12 00:00:00.000 UTC,Withdrawn Principal,-82975.975449375
2024-12-06 00:00:00.000 UTC,Withdrawn Principal,-47456
2026-05-14 00:00:00.000 UTC,Withdrawn Principal,-74012.230879567
2026-05-19 00:00:00.000 UTC,Withdrawn Principal,-21140.015321345
2026-06-12 00:00:00.000 UTC,Withdrawn Principal,-27208.797571
2024-05-01 00:00:00.000 UTC,Withdrawn Principal,-42944
2024-05-19 00:00:00.000 UTC,Withdrawn Principal,-156511.326308341
2024-06-24 00:00:00.000 UTC,Withdrawn Principal,-35168
2024-07-20 00:00:00.000 UTC,Withdrawn Principal,-13792
2024-08-15 00:00:00.000 UTC,Withdrawn Principal,-15776
2024-12-23 00:00:00.000 UTC,Withdrawn Principal,-47199.890867148
2025-10-12 00:00:00.000 UTC,Withdrawn Principal,-40192
2026-01-19 00:00:00.000 UTC,Withdrawn Principal,-9083.732090751999
2026-05-18 00:00:00.000 UTC,Withdrawn Principal,-49178.87102815799
2024-05-29 00:00:00.000 UTC,Withdrawn Principal,-41152
2025-02-21 00:00:00.000 UTC,Withdrawn Principal,-48288
2026-01-11 00:00:00.000 UTC,Withdrawn Principal,-14677.496299347997
2026-02-04 00:00:00.000 UTC,Withdrawn Principal,-6592
2024-09-08 00:00:00.000 UTC,Withdrawn Principal,-17952
2024-11-19 00:00:00.000 UTC,Withdrawn Principal,-21344
2024-12-20 00:00:00.000 UTC,Withdrawn Principal,-38719.814526153
2025-09-30 00:00:00.000 UTC,Withdrawn Principal,-43872
2025-04-21 00:00:00.000 UTC,Withdrawn Principal,-14943.904440190001
2026-03-07 00:00:00.000 UTC,Withdrawn Principal,-104832
2026-03-28 00:00:00.000 UTC,Withdrawn Principal,-12094.813588075001
2026-09-17 00:00:00.000 UTC,Withdrawn Principal,-6815.734720581
2026-09-22 00:00:00.000 UTC,Withdrawn Principal,-13312
2024-05-25 00:00:00.000 UTC,Withdrawn Principal,-36159.99773584
2024-10-09 00:00:00.000 UTC,Withdrawn Principal,-49791.97928432
2024-11-20 00:00:00.000 UTC,Withdrawn Principal,-40383.987215254
2025-01-30 00:00:00.000 UTC,Withdrawn Principal,-44127.888250831
2025-03-29 00:00:00.000 UTC,Withdrawn Principal,-13600
2025-08-26 00:00:00.000 UTC,Withdrawn Principal,-53535.98927864
2026-02-08 00:00:00.000 UTC,Withdrawn Principal,-81301.55824151999
2026-03-12 00:00:00.000 UTC,Withdrawn Principal,-6912
2026-04-17 00:00:00.000 UTC,Withdrawn Principal,-7326.966328
2024-08-28 00:00:00.000 UTC,Withdrawn Principal,-23680
2024-11-11 00:00:00.000 UTC,Withdrawn Principal,-51519.97426856
2024-11-24 00:00:00.000 UTC,Withdrawn Principal,-21599.990103758
2024-04-07 00:00:00.000 UTC,Withdrawn Principal,-36895.99897476
2025-09-14 00:00:00.000 UTC,Withdrawn Principal,-69280
2024-08-29 00:00:00.000 UTC,Withdrawn Principal,-74655.90631528501
2025-01-10 00:00:00.000 UTC,Withdrawn Principal,-24768
2025-03-04 00:00:00.000 UTC,Withdrawn Principal,-57792
2025-07-24 00:00:00.000 UTC,Withdrawn Principal,-61727.812039553
2025-09-12 00:00:00.000 UTC,Withdrawn Principal,-107104
2026-03-18 00:00:00.000 UTC,Withdrawn Principal,-10911.93871876
2026-06-13 00:00:00.000 UTC,Withdrawn Principal,-32694.66347188
2026-07-23 00:00:00.000 UTC,Withdrawn Principal,-10836.994942499
2025-06-21 00:00:00.000 UTC,Withdrawn Principal,-11008
2025-11-18 00:00:00.000 UTC,Withdrawn Principal,-1792
2024-07-13 00:00:00.000 UTC,Withdrawn Principal,-216415.280991855
2025-07-09 00:00:00.000 UTC,Withdrawn Principal,-8959.922680608
2025-05-04 00:00:00.000 UTC,Withdrawn Principal,-10783.982879358
2026-04-30 00:00:00.000 UTC,Withdrawn Principal,-84384
2026-08-07 00:00:00.000 UTC,Withdrawn Principal,-2239.868342824
2026-09-18 00:00:00.000 UTC,Withdrawn Principal,-19462.58930577
2024-08-02 00:00:00.000 UTC,Withdrawn Principal,-33855.587741409
2024-11-03 00:00:00.000 UTC,Withdrawn Principal,-98047.673540476
2024-11-09 00:00:00.000 UTC,Withdrawn Principal,-29759.437865172997
2024-12-31 00:00:00.000 UTC,Withdrawn Principal,-68575.999955764
2025-02-05 00:00:00.000 UTC,Withdrawn Principal,-64575.99796072
2025-03-08 00:00:00.000 UTC,Withdrawn Principal,-36160
2024-07-08 00:00:00.000 UTC,Withdrawn Principal,-36319.951428019995
2024-12-01 00:00:00.000 UTC,Withdrawn Principal,-33663.832149008
2024-12-09 00:00:00.000 UTC,Withdrawn Principal,-39104
2025-01-07 00:00:00.000 UTC,Withdrawn Principal,-11712
2025-04-09 00:00:00.000 UTC,Withdrawn Principal,-76800
2025-05-12 00:00:00.000 UTC,Withdrawn Principal,-42175.701942692
2025-05-17 00:00:00.000 UTC,Withdrawn Principal,-31744
2025-12-11 00:00:00.000 UTC,Withdrawn Principal,-9023.997984664
2025-12-16 00:00:00.000 UTC,Withdrawn Principal,-10783.888566105998
2025-01-29 00:00:00.000 UTC,Withdrawn Principal,-117120
2025-02-07 00:00:00.000 UTC,Withdrawn Principal,-79968
2025-05-13 00:00:00.000 UTC,Withdrawn Principal,-25791.817983987
2024-08-25 00:00:00.000 UTC,Withdrawn Principal,-19040
2025-04-11 00:00:00.000 UTC,Withdrawn Principal,-93855.759426163
2025-10-15 00:00:00.000 UTC,Withdrawn Principal,-106784
2026-03-09 00:00:00.000 UTC,Withdrawn Principal,-6158.96077404
2026-05-11 00:00:00.000 UTC,Withdrawn Principal,-63315.814773706
2025-11-01 00:00:00.000 UTC,Withdrawn Principal,-26669.55
2026-01-22 00:00:00.000 UTC,Withdrawn Principal,-83167.63789110401
2026-02-15 00:00:00.000 UTC,Withdrawn Principal,-23295.999509062
2026-04-24 00:00:00.000 UTC,Withdrawn Principal,-68952.38698482499
2026-07-15 00:00:00.000 UTC,Withdrawn Principal,-248.11278099999998
2024-03-24 00:00:00.000 UTC,Withdrawn Principal,-109823.99932449701
2026-09-16 00:00:00.000 UTC,Withdrawn Principal,-6751.900351568001
2026-08-23 00:00:00.000 UTC,Withdrawn Principal,-34016
2024-06-01 00:00:00.000 UTC,Withdrawn Principal,-10015.905653161
2024-09-10 00:00:00.000 UTC,Withdrawn Principal,-34368
2025-02-10 00:00:00.000 UTC,Withdrawn Principal,-31712
2025-07-16 00:00:00.000 UTC,Withdrawn Principal,-10815.746001163
2025-08-06 00:00:00.000 UTC,Withdrawn Principal,-78719.937531979
2025-08-11 00:00:00.000 UTC,Withdrawn Principal,-44909.725777904
2025-08-29 00:00:00.000 UTC,Withdrawn Principal,-68959.994073935
2025-09-29 00:00:00.000 UTC,Withdrawn Principal,-92384
2025-09-06 00:00:00.000 UTC,Withdrawn Principal,-41014
2025-10-25 00:00:00.000 UTC,Withdrawn Principal,-8061.186579765
2025-11-26 00:00:00.000 UTC,Withdrawn Principal,-60127.815470493
2026-06-01 00:00:00.000 UTC,Withdrawn Principal,-9568
2024-10-18 00:00:00.000 UTC,Withdrawn Principal,-54559.998026176996
2024-11-02 00:00:00.000 UTC,Withdrawn Principal,-24608
2024-11-10 00:00:00.000 UTC,Withdrawn Principal,-36030.943434839995
2025-05-16 00:00:00.000 UTC,Withdrawn Principal,-158463.99008659105
2026-01-24 00:00:00.000 UTC,Withdrawn Principal,-33759.837000657004
2026-03-23 00:00:00.000 UTC,Withdrawn Principal,-14335.84565568
2026-04-05 00:00:00.000 UTC,Withdrawn Principal,-5728
2026-05-20 00:00:00.000 UTC,Withdrawn Principal,-21727.9929215
2024-04-12 00:00:00.000 UTC,Withdrawn Principal,-25087.742872095
2024-05-06 00:00:00.000 UTC,Withdrawn Principal,-13759.833740576
2025-01-23 00:00:00.000 UTC,Withdrawn Principal,-110623.98616773999
2024-08-17 00:00:00.000 UTC,Withdrawn Principal,-51231.784845443
2025-02-20 00:00:00.000 UTC,Withdrawn Principal,-63199.666270518
2025-06-11 00:00:00.000 UTC,Withdrawn Principal,-15711.902608993
2025-12-07 00:00:00.000 UTC,Withdrawn Principal,-243743.07286143902
2026-01-18 00:00:00.000 UTC,Withdrawn Principal,-7999.91902612
2026-04-07 00:00:00.000 UTC,Withdrawn Principal,-13280
2026-08-22 00:00:00.000 UTC,Withdrawn Principal,-3991.355691407
2025-09-16 00:00:00.000 UTC,Withdrawn Principal,-42112
2025-11-12 00:00:00.000 UTC,Withdrawn Principal,-23865.68628504901
2026-02-14 00:00:00.000 UTC,Withdrawn Principal,-69023.955644712
2024-07-07 00:00:00.000 UTC,Withdrawn Principal,-32863.796456652
2024-11-30 00:00:00.000 UTC,Withdrawn Principal,-44640
2025-01-18 00:00:00.000 UTC,Withdrawn Principal,-46463.841800836
2024-07-18 00:00:00.000 UTC,Withdrawn Principal,-7168
2025-05-01 00:00:00.000 UTC,Withdrawn Principal,-38528
2025-06-17 00:00:00.000 UTC,Withdrawn Principal,-10751.467587787
2025-06-20 00:00:00.000 UTC,Withdrawn Principal,-12703.99970502
2026-09-13 00:00:00.000 UTC,Withdrawn Principal,-18322.030293253
2025-05-25 00:00:00.000 UTC,Withdrawn Principal,-20000
2024-05-03 00:00:00.000 UTC,Withdrawn Principal,-37311.943631755
2025-05-30 00:00:00.000 UTC,Withdrawn Principal,-34335.886027075
2025-08-27 00:00:00.000 UTC,Withdrawn Principal,-69470
2025-11-04 00:00:00.000 UTC,Withdrawn Principal,-37758.905152039
2026-05-26 00:00:00.000 UTC,Withdrawn Principal,-7869.862690938
2026-05-31 00:00:00.000 UTC,Withdrawn Principal,-1312
2025-09-11 00:00:00.000 UTC,Withdrawn Principal,-65631.853426549
2025-12-22 00:00:00.000 UTC,Withdrawn Principal,-37407.426716796996
2026-07-28 00:00:00.000 UTC,Withdrawn Principal,-7325.816760756001
2026-09-20 00:00:00.000 UTC,Withdrawn Principal,-50567.791211884
2024-07-26 00:00:00.000 UTC,Withdrawn Principal,-45504
2024-12-07 00:00:00.000 UTC,Withdrawn Principal,-66079.946975386
2025-01-08 00:00:00.000 UTC,Withdrawn Principal,-96191.49066563201
2025-10-22 00:00:00.000 UTC,Withdrawn Principal,-90368
2026-04-06 00:00:00.000 UTC,Withdrawn Principal,-1245.903271999
2024-08-08 00:00:00.000 UTC,Withdrawn Principal,-122335.78816798599
2025-12-21 00:00:00.000 UTC,Withdrawn Principal,-35306.500940667
2026-03-11 00:00:00.000 UTC,Withdrawn Principal,-42558.347461667
2026-09-06 00:00:00.000 UTC,Withdrawn Principal,-7839.9997024
2026-04-09 00:00:00.000 UTC,Withdrawn Principal,-12222
2026-07-25 00:00:00.000 UTC,Withdrawn Principal,-2827.2329407519996
2024-06-22 00:00:00.000 UTC,Withdrawn Principal,-18655.809049493
2024-11-14 00:00:00.000 UTC,Withdrawn Principal,-6655.927269352
2025-03-11 00:00:00.000 UTC,Withdrawn Principal,-16704
2025-03-23 00:00:00.000 UTC,Withdrawn Principal,-28635.851640925997
2024-04-11 00:00:00.000 UTC,Withdrawn Principal,-52127.932992086
2024-06-29 00:00:00.000 UTC,Withdrawn Principal,-5887.88410472
2024-12-12 00:00:00.000 UTC,Withdrawn Principal,-81280
2025-01-13 00:00:00.000 UTC,Withdrawn Principal,-70143.98245326901
2025-04-07 00:00:00.000 UTC,Withdrawn Principal,-10144
2025-06-28 00:00:00.000 UTC,Withdrawn Principal,-65088
2025-11-20 00:00:00.000 UTC,Withdrawn Principal,-3711.920091802
2026-07-04 00:00:00.000 UTC,Withdrawn Principal,-101526.62591674001
2024-07-05 00:00:00.000 UTC,Withdrawn Principal,-39712
2025-08-22 00:00:00.000 UTC,Withdrawn Principal,-62097.205789084
2026-07-17 00:00:00.000 UTC,Withdrawn Principal,-7737.316177772
2025-05-28 00:00:00.000 UTC,Withdrawn Principal,-31519.781653370996
2025-11-15 00:00:00.000 UTC,Withdrawn Principal,-17376
2026-06-30 00:00:00.000 UTC,Withdrawn Principal,-471.641725416
2024-04-10 00:00:00.000 UTC,Withdrawn Principal,-88415.978628205
2024-06-17 00:00:00.000 UTC,Withdrawn Principal,-46367.95280326
2024-07-09 00:00:00.000 UTC,Withdrawn Principal,-15136
2024-10-01 00:00:00.000 UTC,Withdrawn Principal,-12511.870286739999
2025-02-25 00:00:00.000 UTC,Withdrawn Principal,-55104
2025-07-17 00:00:00.000 UTC,Withdrawn Principal,-73376
2026-01-16 00:00:00.000 UTC,Withdrawn Principal,-12223.994919809
2026-02-16 00:00:00.000 UTC,Withdrawn Principal,-61783.155290859
2025-06-26 00:00:00.000 UTC,Withdrawn Principal,-27104
2026-04-01 00:00:00.000 UTC,Withdrawn Principal,-7520
2025-07-21 00:00:00.000 UTC,Withdrawn Principal,-77824
2025-10-20 00:00:00.000 UTC,Withdrawn Principal,-41343.930427616
2026-01-27 00:00:00.000 UTC,Withdrawn Principal,-8218.14925701
2024-10-05 00:00:00.000 UTC,Withdrawn Principal,-19743.85922252
2026-06-02 00:00:00.000 UTC,Withdrawn Principal,-78281.42973934
2026-08-08 00:00:00.000 UTC,Withdrawn Principal,-11040
2024-06-03 00:00:00.000 UTC,Withdrawn Principal,-18079.762230294
2024-10-20 00:00:00.000 UTC,Withdrawn Principal,-25343.98456558
2024-12-29 00:00:00.000 UTC,Withdrawn Principal,-12063.962192119001
2025-04-25 00:00:00.000 UTC,Withdrawn Principal,-33343.966365608
2025-05-24 00:00:00.000 UTC,Withdrawn Principal,-43807.895027714
2025-07-22 00:00:00.000 UTC,Withdrawn Principal,-50624
2025-10-01 00:00:00.000 UTC,Withdrawn Principal,-44704
2025-10-16 00:00:00.000 UTC,Withdrawn Principal,-1311.9390039290001
2025-11-14 00:00:00.000 UTC,Withdrawn Principal,-28864
2026-03-10 00:00:00.000 UTC,Withdrawn Principal,-7872
2024-12-15 00:00:00.000 UTC,Withdrawn Principal,-77183.999354653
2025-05-06 00:00:00.000 UTC,Withdrawn Principal,-12576
2025-06-04 00:00:00.000 UTC,Withdrawn Principal,-19615.98658904
2026-06-21 00:00:00.000 UTC,Withdrawn Principal,-7615.889918582
2026-05-10 00:00:00.000 UTC,Withdrawn Principal,-86784
2024-08-22 00:00:00.000 UTC,Withdrawn Principal,-21600
2024-10-29 00:00:00.000 UTC,Withdrawn Principal,-87040
2024-05-08 00:00:00.000 UTC,Withdrawn Principal,-9248
2024-09-22 00:00:00.000 UTC,Withdrawn Principal,-12799.822309675003
2024-10-15 00:00:00.000 UTC,Withdrawn Principal,-46848
2025-02-19 00:00:00.000 UTC,Withdrawn Principal,-21696
2025-05-11 00:00:00.000 UTC,Withdrawn Principal,-7391.896041866
2024-08-31 00:00:00.000 UTC,Withdrawn Principal,-38687.444925062
2025-09-23 00:00:00.000 UTC,Withdrawn Principal,-112672
2024-05-17 00:00:00.000 UTC,Withdrawn Principal,-19584
2024-06-02 00:00:00.000 UTC,Withdrawn Principal,-22303.996883591
2025-08-05 00:00:00.000 UTC,Withdrawn Principal,-81786.72744703901
2025-11-29 00:00:00.000 UTC,Withdrawn Principal,-23807.451442956
2026-03-17 00:00:00.000 UTC,Withdrawn Principal,-11839.996595542
2026-06-17 00:00:00.000 UTC,Withdrawn Principal,-13696
2024-08-18 00:00:00.000 UTC,Withdrawn Principal,-43072
2024-10-23 00:00:00.000 UTC,Withdrawn Principal,-21407.998344
2025-04-17 00:00:00.000 UTC,Withdrawn Principal,-135487.949636395
2025-04-28 00:00:00.000 UTC,Withdrawn Principal,-16224
2026-07-05 00:00:00.000 UTC,Withdrawn Principal,-33386.239030446
2025-10-14 00:00:00.000 UTC,Withdrawn Principal,-21152
2025-10-29 00:00:00.000 UTC,Withdrawn Principal,-74395.978895919
2026-02-18 00:00:00.000 UTC,Withdrawn Principal,-39840
2026-08-13 00:00:00.000 UTC,Withdrawn Principal,-25420.890672941
2024-05-05 00:00:00.000 UTC,Withdrawn Principal,-25439.930742919998
2025-03-17 00:00:00.000 UTC,Withdrawn Principal,-30975.801710264004
2025-03-20 00:00:00.000 UTC,Withdrawn Principal,-37568
2025-12-24 00:00:00.000 UTC,Withdrawn Principal,-129088
2024-07-17 00:00:00.000 UTC,Withdrawn Principal,-15390.951487090999
2024-12-03 00:00:00.000 UTC,Withdrawn Principal,-7743.754847769999
2024-12-13 00:00:00.000 UTC,Withdrawn Principal,-38208
2025-06-08 00:00:00.000 UTC,Withdrawn Principal,-13439.991803083998
2025-08-08 00:00:00.000 UTC,Withdrawn Principal,-10080
2026-02-03 00:00:00.000 UTC,Withdrawn Principal,-14624
2026-07-13 00:00:00.000 UTC,Withdrawn Principal,-17385.883489983
2026-03-15 00:00:00.000 UTC,Withdrawn Principal,-14485.723019000001
2026-02-22 00:00:00.000 UTC,Withdrawn Principal,-19223.116122172
2025-11-10 00:00:00.000 UTC,Withdrawn Principal,-26784
2024-04-04 00:00:00.000 UTC,Withdrawn Principal,-88703.987369198
2024-08-20 00:00:00.000 UTC,Withdrawn Principal,-21663.945096722
2025-04-03 00:00:00.000 UTC,Withdrawn Principal,-18111.972545409
2026-03-04 00:00:00.000 UTC,Withdrawn Principal,-2048
2026-04-22 00:00:00.000 UTC,Withdrawn Principal,-12288
2024-12-25 00:00:00.000 UTC,Withdrawn Principal,-96543.821353877
2024-12-30 00:00:00.000 UTC,Withdrawn Principal,-44351.831742885
2025-01-11 00:00:00.000 UTC,Withdrawn Principal,-118304
2025-04-04 00:00:00.000 UTC,Withdrawn Principal,-17311.616296545002
2025-10-08 00:00:00.000 UTC,Withdrawn Principal,-31680
2026-02-25 00:00:00.000 UTC,Withdrawn Principal,-20729.086340529
2026-02-26 00:00:00.000 UTC,Withdrawn Principal,-16458.916103672003
2026-03-03 00:00:00.000 UTC,Withdrawn Principal,-124224
2026-05-07 00:00:00.000 UTC,Withdrawn Principal,-102943.813402988
2025-06-24 00:00:00.000 UTC,Withdrawn Principal,-7295.996670221
2025-06-29 00:00:00.000 UTC,Withdrawn Principal,-18400
2025-12-04 00:00:00.000 UTC,Withdrawn Principal,-12415.95537964
2025-12-20 00:00:00.000 UTC,Withdrawn Principal,-24287.995797071002
2025-12-28 00:00:00.000 UTC,Withdrawn Principal,-222925.65993626686
2026-08-01 00:00:00.000 UTC,Withdrawn Principal,-13560.884677916001
2025-03-16 00:00:00.000 UTC,Withdrawn Principal,-24799.990374953
2025-11-05 00:00:00.000 UTC,Withdrawn Principal,-101498.30633755901
2024-04-05 00:00:00.000 UTC,Withdrawn Principal,-51360
2024-04-29 00:00:00.000 UTC,Withdrawn Principal,-10143.826795523
2024-07-04 00:00:00.000 UTC,Withdrawn Principal,-149791.933762512
2024-11-28 00:00:00.000 UTC,Withdrawn Principal,-86171.84690274499
2025-06-05 00:00:00.000 UTC,Withdrawn Principal,-16288
2024-12-16 00:00:00.000 UTC,Withdrawn Principal,-58207.971924753
2024-05-13 00:00:00.000 UTC,Withdrawn Principal,-13439.830857879002
2024-07-02 00:00:00.000 UTC,Withdrawn Principal,-13760
2025-09-28 00:00:00.000 UTC,Withdrawn Principal,-153119.99941187998
2025-01-26 00:00:00.000 UTC,Withdrawn Principal,-56000
2026-01-06 00:00:00.000 UTC,Withdrawn Principal,-116288
2026-02-28 00:00:00.000 UTC,Withdrawn Principal,-33536
2024-06-25 00:00:00.000 UTC,Withdrawn Principal,-165344
2024-12-21 00:00:00.000 UTC,Withdrawn Principal,-181181.65867024098
2025-04-05 00:00:00.000 UTC,Withdrawn Principal,-35840
2025-05-07 00:00:00.000 UTC,Withdrawn Principal,-5312
2025-09-09 00:00:00.000 UTC,Withdrawn Principal,-66143.97747568
2025-09-22 00:00:00.000 UTC,Withdrawn Principal,-56956.206557543
2025-10-23 00:00:00.000 UTC,Withdrawn Principal,-65440
2026-01-02 00:00:00.000 UTC,Withdrawn Principal,-48894.315065283015
2025-11-13 00:00:00.000 UTC,Withdrawn Principal,-12416
2024-04-25 00:00:00.000 UTC,Withdrawn Principal,-9503.999765529
2024-09-05 00:00:00.000 UTC,Withdrawn Principal,-51200
2024-12-26 00:00:00.000 UTC,Withdrawn Principal,-45951.752721081
2025-07-08 00:00:00.000 UTC,Withdrawn Principal,-121247.887014683
2026-02-09 00:00:00.000 UTC,Withdrawn Principal,-39542.654348
2025-10-04 00:00:00.000 UTC,Withdrawn Principal,-101312
2024-06-11 00:00:00.000 UTC,Withdrawn Principal,-24736
2024-09-19 00:00:00.000 UTC,Withdrawn Principal,-23584
2025-04-20 00:00:00.000 UTC,Withdrawn Principal,-23486.327776598002
2025-08-09 00:00:00.000 UTC,Withdrawn Principal,-36435.779315892
2025-08-17 00:00:00.000 UTC,Withdrawn Principal,-25183.903461681002
2026-09-21 00:00:00.000 UTC,Withdrawn Principal,-5376
2025-04-19 00:00:00.000 UTC,Withdrawn Principal,-75645.74754946
2025-04-24 00:00:00.000 UTC,Withdrawn Principal,-55711.382642577
2025-11-21 00:00:00.000 UTC,Withdrawn Principal,-21983.32807189
2026-05-06 00:00:00.000 UTC,Withdrawn Principal,-141562.526185949
2026-07-19 00:00:00.000 UTC,Withdrawn Principal,-2880
2024-12-28 00:00:00.000 UTC,Withdrawn Principal,-37920
2025-02-08 00:00:00.000 UTC,Withdrawn Principal,-39615.776418403
2025-05-22 00:00:00.000 UTC,Withdrawn Principal,-124852.794124581
2026-03-13 00:00:00.000 UTC,Withdrawn Principal,-12767.999827724001
2024-10-10 00:00:00.000 UTC,Withdrawn Principal,-13151.984760927999
2026-04-03 00:00:00.000 UTC,Withdrawn Principal,-7423.937366747
2025-12-06 00:00:00.000 UTC,Withdrawn Principal,-13504
2024-03-22 00:00:00.000 UTC,Withdrawn Principal,-29563.159610655
2024-09-12 00:00:00.000 UTC,Withdrawn Principal,-26781.819548837997
2025-03-06 00:00:00.000 UTC,Withdrawn Principal,-44319.68911095
2026-09-10 00:00:00.000 UTC,Withdrawn Principal,-65311.974974658995
2024-09-03 00:00:00.000 UTC,Withdrawn Principal,-13472
2024-09-11 00:00:00.000 UTC,Withdrawn Principal,-11584
2025-02-03 00:00:00.000 UTC,Withdrawn Principal,-16735.870756880002
2025-04-02 00:00:00.000 UTC,Withdrawn Principal,-58080
2025-10-27 00:00:00.000 UTC,Withdrawn Principal,-34336
2026-01-01 00:00:00.000 UTC,Withdrawn Principal,-17183.703062972
2026-04-16 00:00:00.000 UTC,Withdrawn Principal,-8729.28958801
2026-09-08 00:00:00.000 UTC,Withdrawn Principal,-24639.223588537
2024-05-11 00:00:00.000 UTC,Withdrawn Principal,-8160
2024-07-25 00:00:00.000 UTC,Withdrawn Principal,-7391.950206623001
2024-08-10 00:00:00.000 UTC,Withdrawn Principal,-34207.982955206
2024-09-30 00:00:00.000 UTC,Withdrawn Principal,-9536
2025-11-02 00:00:00.000 UTC,Withdrawn Principal,-48761.376904289995
2024-04-06 00:00:00.000 UTC,Withdrawn Principal,-19136
2025-02-11 00:00:00.000 UTC,Withdrawn Principal,-66880
2025-02-24 00:00:00.000 UTC,Withdrawn Principal,-44991.195426838996
2026-02-12 00:00:00.000 UTC,Withdrawn Principal,-12395.570011909
2026-05-02 00:00:00.000 UTC,Withdrawn Principal,-117504
2024-07-01 00:00:00.000 UTC,Withdrawn Principal,-16384
2024-09-07 00:00:00.000 UTC,Withdrawn Principal,-16383.966766723
2024-12-24 00:00:00.000 UTC,Withdrawn Principal,-31424
2025-06-16 00:00:00.000 UTC,Withdrawn Principal,-11999.991283404
2026-05-27 00:00:00.000 UTC,Withdrawn Principal,-15744
2026-03-22 00:00:00.000 UTC,Withdrawn Principal,-25279.802877036
2024-08-07 00:00:00.000 UTC,Withdrawn Principal,-28288
2025-01-15 00:00:00.000 UTC,Withdrawn Principal,-15615.908416459999
2025-01-31 00:00:00.000 UTC,Withdrawn Principal,-32576
2025-04-08 00:00:00.000 UTC,Withdrawn Principal,-11584
2025-04-26 00:00:00.000 UTC,Withdrawn Principal,-29344
2025-07-01 00:00:00.000 UTC,Withdrawn Principal,-15487.932421599
2026-07-12 00:00:00.000 UTC,Withdrawn Principal,-8493.135109331999
2025-07-06 00:00:00.000 UTC,Withdrawn Principal,-4927.948509187
2025-10-17 00:00:00.000 UTC,Withdrawn Principal,-5248
2026-06-27 00:00:00.000 UTC,Withdrawn Principal,-42656
2026-06-22 00:00:00.000 UTC,Withdrawn Principal,-2624
2026-09-02 00:00:00.000 UTC,Withdrawn Principal,-26837.45719429
2024-04-27 00:00:00.000 UTC,Withdrawn Principal,-5855.956521409
2024-10-02 00:00:00.000 UTC,Withdrawn Principal,-26047.973188232
2025-08-01 00:00:00.000 UTC,Withdrawn Principal,-40544
2025-08-25 00:00:00.000 UTC,Withdrawn Principal,-56877
2025-02-16 00:00:00.000 UTC,Withdrawn Principal,-129055.99494867699
2026-06-24 00:00:00.000 UTC,Withdrawn Principal,-16032
2024-11-17 00:00:00.000 UTC,Withdrawn Principal,-80832
2026-02-06 00:00:00.000 UTC,Withdrawn Principal,-16200.437392769
2026-03-27 00:00:00.000 UTC,Withdrawn Principal,-12208.545601201
2025-12-01 00:00:00.000 UTC,Withdrawn Principal,-142080
2025-12-17 00:00:00.000 UTC,Withdrawn Principal,-20159.353195714
2026-04-25 00:00:00.000 UTC,Withdrawn Principal,-32415.98681002
2026-05-21 00:00:00.000 UTC,Withdrawn Principal,-18846.37542371
2024-08-01 00:00:00.000 UTC,Withdrawn Principal,-48894.939243707
2024-08-09 00:00:00.000 UTC,Withdrawn Principal,-39872
2024-10-06 00:00:00.000 UTC,Withdrawn Principal,-49887.976781969
2024-11-07 00:00:00.000 UTC,Withdrawn Principal,-16928
2025-07-07 00:00:00.000 UTC,Withdrawn Principal,-22336
2026-01-10 00:00:00.000 UTC,Withdrawn Principal,-23839.782535273
2024-09-20 00:00:00.000 UTC,Withdrawn Principal,-38752
2024-09-28 00:00:00.000 UTC,Withdrawn Principal,-16863.666470254997
2025-02-26 00:00:00.000 UTC,Withdrawn Principal,-7360
2025-10-30 00:00:00.000 UTC,Withdrawn Principal,-53856
2026-07-10 00:00:00.000 UTC,Withdrawn Principal,-32223.686915976003
2026-07-31 00:00:00.000 UTC,Withdrawn Principal,-64639.69830723401
2026-09-05 00:00:00.000 UTC,Withdrawn Principal,-24255.926952166
2024-03-29 00:00:00.000 UTC,Withdrawn Principal,-53439.969645139005
2024-04-22 00:00:00.000 UTC,Withdrawn Principal,-28128
2024-04-30 00:00:00.000 UTC,Withdrawn Principal,-18847.782777631997
2024-08-21 00:00:00.000 UTC,Withdrawn Principal,-19135.9909627
2025-07-27 00:00:00.000 UTC,Withdrawn Principal,-78336
2026-06-29 00:00:00.000 UTC,Withdrawn Principal,-1184
2025-11-25 00:00:00.000 UTC,Withdrawn Principal,-42400
2026-06-16 00:00:00.000 UTC,Withdrawn Principal,-56763.160169388
2024-07-10 00:00:00.000 UTC,Withdrawn Principal,-47423.881586469
2024-07-15 00:00:00.000 UTC,Withdrawn Principal,-18238.405644297003
2025-07-11 00:00:00.000 UTC,Withdrawn Principal,-10015.98207958
2026-04-12 00:00:00.000 UTC,Withdrawn Principal,-6142.8070387
2026-05-05 00:00:00.000 UTC,Withdrawn Principal,-6656
2026-09-15 00:00:00.000 UTC,Withdrawn Principal,-33246.080021
2026-06-04 00:00:00.000 UTC,Withdrawn Principal,-35616
2024-05-09 00:00:00.000 UTC,Withdrawn Principal,-47584
2024-07-19 00:00:00.000 UTC,Withdrawn Principal,-26495.998159589
2025-01-09 00:00:00.000 UTC,Withdrawn Principal,-49408
2025-01-22 00:00:00.000 UTC,Withdrawn Principal,-81663.93312211099
2025-02-12 00:00:00.000 UTC,Withdrawn Principal,-53056
2025-07-15 00:00:00.000 UTC,Withdrawn Principal,-15104
2025-07-28 00:00:00.000 UTC,Withdrawn Principal,-92602.97855
2025-09-19 00:00:00.000 UTC,Withdrawn Principal,-55743.791955819004
2024-06-08 00:00:00.000 UTC,Withdrawn Principal,-15967.999644588
2024-10-13 00:00:00.000 UTC,Withdrawn Principal,-105856
2025-04-23 00:00:00.000 UTC,Withdrawn Principal,-45152
2026-01-25 00:00:00.000 UTC,Withdrawn Principal,-10196.221099999999
2024-06-30 00:00:00.000 UTC,Withdrawn Principal,-9280
2024-10-24 00:00:00.000 UTC,Withdrawn Principal,-52320
2025-06-10 00:00:00.000 UTC,Withdrawn Principal,-21855.955359194
2025-08-13 00:00:00.000 UTC,Withdrawn Principal,-58879.226653379
2025-11-19 00:00:00.000 UTC,Withdrawn Principal,-436160
2026-08-16 00:00:00.000 UTC,Withdrawn Principal,-5464.116617124
2024-08-06 00:00:00.000 UTC,Withdrawn Principal,-13567.938713075
2025-07-13 00:00:00.000 UTC,Withdrawn Principal,-16371.643065912
2025-06-12 00:00:00.000 UTC,Withdrawn Principal,-6208
2024-05-16 00:00:00.000 UTC,Withdrawn Principal,-36160
2024-06-26 00:00:00.000 UTC,Withdrawn Principal,-100223.756386156
2025-12-03 00:00:00.000 UTC,Withdrawn Principal,-74656
2026-01-07 00:00:00.000 UTC,Withdrawn Principal,-54591.07354162201
2026-04-15 00:00:00.000 UTC,Withdrawn Principal,-18760
2025-09-26 00:00:00.000 UTC,Withdrawn Principal,-22944
2024-07-22 00:00:00.000 UTC,Withdrawn Principal,-14559.986832567
2024-10-16 00:00:00.000 UTC,Withdrawn Principal,-34588.58135729501
2025-01-28 00:00:00.000 UTC,Withdrawn Principal,-112800
2025-03-19 00:00:00.000 UTC,Withdrawn Principal,-94687.823273745
2025-03-24 00:00:00.000 UTC,Withdrawn Principal,-26720
2025-05-20 00:00:00.000 UTC,Withdrawn Principal,-36127.88266757
2026-08-04 00:00:00.000 UTC,Withdrawn Principal,-5051.909641
2024-07-21 00:00:00.000 UTC,Withdrawn Principal,-16191.943707489
2024-11-26 00:00:00.000 UTC,Withdrawn Principal,-29631.679661263
2024-12-17 00:00:00.000 UTC,Withdrawn Principal,-82560
2025-04-15 00:00:00.000 UTC,Withdrawn Principal,-34975.823796544995
2026-08-03 00:00:00.000 UTC,Withdrawn Principal,-6909.318888987
2025-09-18 00:00:00.000 UTC,Withdrawn Principal,-30102.335460775
2024-09-04 00:00:00.000 UTC,Withdrawn Principal,-14688
2024-12-11 00:00:00.000 UTC,Withdrawn Principal,-67839.89914401999
2025-04-13 00:00:00.000 UTC,Withdrawn Principal,-20767.761504755
2025-06-13 00:00:00.000 UTC,Withdrawn Principal,-9362
2025-09-13 00:00:00.000 UTC,Withdrawn Principal,-100991.930427616
2026-08-28 00:00:00.000 UTC,Withdrawn Principal,-27863.629778136998
2024-08-30 00:00:00.000 UTC,Withdrawn Principal,-22974.623101644996
2024-09-13 00:00:00.000 UTC,Withdrawn Principal,-25632
2025-03-10 00:00:00.000 UTC,Withdrawn Principal,-39935.860655002005
2026-07-22 00:00:00.000 UTC,Withdrawn Principal,-9549.89069669
2025-12-25 00:00:00.000 UTC,Withdrawn Principal,-23285.409626626002
2026-01-29 00:00:00.000 UTC,Withdrawn Principal,-15193.542001415
2025-11-23 00:00:00.000 UTC,Withdrawn Principal,-52064
2026-09-09 00:00:00.000 UTC,Withdrawn Principal,-7994.059796456
2024-11-08 00:00:00.000 UTC,Withdrawn Principal,-32448
2025-08-30 00:00:00.000 UTC,Withdrawn Principal,-42107
2026-01-14 00:00:00.000 UTC,Withdrawn Principal,-85911.50050826499
2024-05-21 00:00:00.000 UTC,Withdrawn Principal,-26048
2024-06-18 00:00:00.000 UTC,Withdrawn Principal,-22399.882170874997
2024-07-16 00:00:00.000 UTC,Withdrawn Principal,-13183.95300059
2024-07-31 00:00:00.000 UTC,Withdrawn Principal,-3423.994337
2024-09-21 00:00:00.000 UTC,Withdrawn Principal,-9151.991434313
2025-04-10 00:00:00.000 UTC,Withdrawn Principal,-93151.54644108399
2026-02-20 00:00:00.000 UTC,Withdrawn Principal,-19603.844041397002
2026-05-15 00:00:00.000 UTC,Withdrawn Principal,-13716.424954307
2026-02-23 00:00:00.000 UTC,Withdrawn Principal,-28948.817043679002
2026-08-24 00:00:00.000 UTC,Withdrawn Principal,-15667.989676803
2024-10-21 00:00:00.000 UTC,Withdrawn Principal,-47999.829603818
2025-12-09 00:00:00.000 UTC,Withdrawn Principal,-6616.532517376
2026-07-27 00:00:00.000 UTC,Withdrawn Principal,-26976
2024-10-08 00:00:00.000 UTC,Withdrawn Principal,-59360
2025-04-01 00:00:00.000 UTC,Withdrawn Principal,-15136
2025-05-21 00:00:00.000 UTC,Withdrawn Principal,-18143.599168793
2025-06-03 00:00:00.000 UTC,Withdrawn Principal,-12255.926264050999
2025-07-31 00:00:00.000 UTC,Withdrawn Principal,-40532.121
2026-08-09 00:00:00.000 UTC,Withdrawn Principal,-2452.947435506
2024-04-14 00:00:00.000 UTC,Withdrawn Principal,-51295.707555263
2024-07-23 00:00:00.000 UTC,Withdrawn Principal,-22974.936925405
2024-09-27 00:00:00.000 UTC,Withdrawn Principal,-16927.754607199997
2024-10-31 00:00:00.000 UTC,Withdrawn Principal,-48864
2024-12-02 00:00:00.000 UTC,Withdrawn Principal,-80960
2025-10-11 00:00:00.000 UTC,Withdrawn Principal,-69248
2026-01-30 00:00:00.000 UTC,Withdrawn Principal,-3199.880556094
2025-11-09 00:00:00.000 UTC,Withdrawn Principal,-61312
2024-10-26 00:00:00.000 UTC,Withdrawn Principal,-27679.790356299
2026-07-07 00:00:00.000 UTC,Withdrawn Principal,-5902.292644026999
2024-06-07 00:00:00.000 UTC,Withdrawn Principal,-6528
2024-10-22 00:00:00.000 UTC,Withdrawn Principal,-17535.972731834
2026-06-20 00:00:00.000 UTC,Withdrawn Principal,-10888
2026-02-11 00:00:00.000 UTC,Withdrawn Principal,-50336
2024-03-25 00:00:00.000 UTC,Withdrawn Principal,-15680
2024-06-20 00:00:00.000 UTC,Withdrawn Principal,-30623.99878932
2024-09-02 00:00:00.000 UTC,Withdrawn Principal,-25440
2025-09-03 00:00:00.000 UTC,Withdrawn Principal,-115101.829110433
2026-01-05 00:00:00.000 UTC,Withdrawn Principal,-120549.38818138799
2026-04-28 00:00:00.000 UTC,Withdrawn Principal,-123241.9064466
2026-06-25 00:00:00.000 UTC,Withdrawn Principal,-37694.734289007
2024-09-23 00:00:00.000 UTC,Withdrawn Principal,-27231.9518116
2025-03-05 00:00:00.000 UTC,Withdrawn Principal,-45022.89972785
2026-03-20 00:00:00.000 UTC,Withdrawn Principal,-18073.145752672
2024-05-28 00:00:00.000 UTC,Withdrawn Principal,-56256
2024-07-24 00:00:00.000 UTC,Withdrawn Principal,-19423.711381687
2024-08-24 00:00:00.000 UTC,Withdrawn Principal,-5439.436750029
2025-01-17 00:00:00.000 UTC,Withdrawn Principal,-24017.225141176998
2025-08-07 00:00:00.000 UTC,Withdrawn Principal,-54688
2025-08-15 00:00:00.000 UTC,Withdrawn Principal,-117203.326333121
2025-10-03 00:00:00.000 UTC,Withdrawn Principal,-30560
2025-11-17 00:00:00.000 UTC,Withdrawn Principal,-30112
2025-06-27 00:00:00.000 UTC,Withdrawn Principal,-7392
2025-12-18 00:00:00.000 UTC,Withdrawn Principal,-13503.939123324999
2026-04-26 00:00:00.000 UTC,Withdrawn Principal,-30966.789402296003
2025-05-10 00:00:00.000 UTC,Withdrawn Principal,-46847.113365649
2025-10-05 00:00:00.000 UTC,Withdrawn Principal,-58336
2024-07-14 00:00:00.000 UTC,Withdrawn Principal,-54495.757849284004
2024-09-14 00:00:00.000 UTC,Withdrawn Principal,-34591.822811799
2025-07-20 00:00:00.000 UTC,Withdrawn Principal,-17912.996338579
2026-05-28 00:00:00.000 UTC,Withdrawn Principal,-6527.97759556
2026-01-13 00:00:00.000 UTC,Withdrawn Principal,-15551.987119158
2025-03-30 00:00:00.000 UTC,Withdrawn Principal,-17824
2025-05-05 00:00:00.000 UTC,Withdrawn Principal,-21312
2025-10-24 00:00:00.000 UTC,Withdrawn Principal,-45023.587067974
2026-03-21 00:00:00.000 UTC,Withdrawn Principal,-7006.170934
2025-11-16 00:00:00.000 UTC,Withdrawn Principal,-29888
2024-10-27 00:00:00.000 UTC,Withdrawn Principal,-57599.961072228
2025-01-06 00:00:00.000 UTC,Withdrawn Principal,-15296
2025-01-12 00:00:00.000 UTC,Withdrawn Principal,-28416
2025-12-15 00:00:00.000 UTC,Withdrawn Principal,-129108.47620373999
2026-05-24 00:00:00.000 UTC,Withdrawn Principal,-57641.357227426
2024-10-30 00:00:00.000 UTC,Withdrawn Principal,-18335.999896499998
2024-12-04 00:00:00.000 UTC,Withdrawn Principal,-15871.853636267999
2024-12-22 00:00:00.000 UTC,Withdrawn Principal,-106718.325382564
2025-09-10 00:00:00.000 UTC,Withdrawn Principal,-79935.74744930101
2025-07-18 00:00:00.000 UTC,Withdrawn Principal,-55072
2026-06-07 00:00:00.000 UTC,Withdrawn Principal,-33708.287806039
2026-03-06 00:00:00.000 UTC,Withdrawn Principal,-31488
2025-02-09 00:00:00.000 UTC,Withdrawn Principal,-101919.99790504
2025-05-27 00:00:00.000 UTC,Withdrawn Principal,-69248
2025-12-23 00:00:00.000 UTC,Withdrawn Principal,-85331.99758632001
2024-07-06 00:00:00.000 UTC,Withdrawn Principal,-25150.929126713
2024-04-13 00:00:00.000 UTC,Withdrawn Principal,-34399.984588607
2024-05-07 00:00:00.000 UTC,Withdrawn Principal,-37695.872331368
2024-08-27 00:00:00.000 UTC,Withdrawn Principal,-42591.920956147
2025-01-20 00:00:00.000 UTC,Withdrawn Principal,-31104
2025-05-18 00:00:00.000 UTC,Withdrawn Principal,-20799.992080333002
2025-07-05 00:00:00.000 UTC,Withdrawn Principal,-8064
2024-10-19 00:00:00.000 UTC,Withdrawn Principal,-61056
2025-08-21 00:00:00.000 UTC,Withdrawn Principal,-31647.78778599
2024-03-31 00:00:00.000 UTC,Withdrawn Principal,-20693.223082211
2025-01-24 00:00:00.000 UTC,Withdrawn Principal,-57374.461632391
2026-02-10 00:00:00.000 UTC,Withdrawn Principal,-29024
2026-03-24 00:00:00.000 UTC,Withdrawn Principal,-11743.784897210002
2026-08-29 00:00:00.000 UTC,Withdrawn Principal,-8345.135626
2024-07-30 00:00:00.000 UTC,Withdrawn Principal,-4991.808596921
2025-02-02 00:00:00.000 UTC,Withdrawn Principal,-29215.989349068
2025-04-14 00:00:00.000 UTC,Withdrawn Principal,-78911.991103679
2026-04-02 00:00:00.000 UTC,Withdrawn Principal,-6239.889980154
2026-05-30 00:00:00.000 UTC,Withdrawn Principal,-5536
2026-07-21 00:00:00.000 UTC,Withdrawn Principal,-23080.485820711
2026-08-14 00:00:00.000 UTC,Withdrawn Principal,-7163.964993164001
2024-09-26 00:00:00.000 UTC,Withdrawn Principal,-13279.95741386
2025-05-29 00:00:00.000 UTC,Withdrawn Principal,-15807.210178420999
2025-08-31 00:00:00.000 UTC,Withdrawn Principal,-42463.723173014
2026-03-14 00:00:00.000 UTC,Withdrawn Principal,-14303.96819524
2026-05-16 00:00:00.000 UTC,Withdrawn Principal,-46484.088696299004
2025-07-02 00:00:00.000 UTC,Withdrawn Principal,-11744
2025-11-03 00:00:00.000 UTC,Withdrawn Principal,-11935.698967578
2026-04-08 00:00:00.000 UTC,Withdrawn Principal,-9024
2026-05-04 00:00:00.000 UTC,Withdrawn Principal,-17600
2026-08-19 00:00:00.000 UTC,Withdrawn Principal,-9654.427974709
2025-12-02 00:00:00.000 UTC,Withdrawn Principal,-66143.384039569
2026-04-10 00:00:00.000 UTC,Withdrawn Principal,-46752
2026-05-03 00:00:00.000 UTC,Withdrawn Principal,-131903.99685072
2026-03-26 00:00:00.000 UTC,Withdrawn Principal,-10784
2024-05-10 00:00:00.000 UTC,Withdrawn Principal,-13375.989742988
2024-05-23 00:00:00.000 UTC,Withdrawn Principal,-20863.979469377
2024-10-12 00:00:00.000 UTC,Withdrawn Principal,-113983.994326501
2024-08-12 00:00:00.000 UTC,Withdrawn Principal,-39328
2024-12-08 00:00:00.000 UTC,Withdrawn Principal,-55775.818340363
2025-07-26 00:00:00.000 UTC,Withdrawn Principal,-48829.34
2026-08-17 00:00:00.000 UTC,Withdrawn Principal,-5983.919294655
2024-05-22 00:00:00.000 UTC,Withdrawn Principal,-37246.703566785
2025-05-31 00:00:00.000 UTC,Withdrawn Principal,-57757.889970252
2025-04-27 00:00:00.000 UTC,Withdrawn Principal,-41919.992242680004
2026-04-04 00:00:00.000 UTC,Withdrawn Principal,-65566.129304191
2026-05-25 00:00:00.000 UTC,Withdrawn Principal,-4964.733284077
2025-02-06 00:00:00.000 UTC,Withdrawn Principal,-53727.997837878
2025-08-28 00:00:00.000 UTC,Withdrawn Principal,-85887.917238728
2025-09-05 00:00:00.000 UTC,Withdrawn Principal,-41493.8
2026-07-01 00:00:00.000 UTC,Withdrawn Principal,-16340
2025-11-27 00:00:00.000 UTC,Withdrawn Principal,-47200
2024-07-03 00:00:00.000 UTC,Withdrawn Principal,-17119.820029887
2024-11-15 00:00:00.000 UTC,Withdrawn Principal,-52127.91524654601
2025-05-02 00:00:00.000 UTC,Withdrawn Principal,-22079.288187989005
2026-03-01 00:00:00.000 UTC,Withdrawn Principal,-1461.8136414399999
2026-09-12 00:00:00.000 UTC,Withdrawn Principal,-42751.850475520994
2026-09-04 00:00:00.000 UTC,Withdrawn Principal,-10739.14270542
2026-06-10 00:00:00.000 UTC,Withdrawn Principal,-54768.381994582
2026-06-28 00:00:00.000 UTC,Withdrawn Principal,-57969.54480959
2026-07-16 00:00:00.000 UTC,Withdrawn Principal,-46135.330592632
2025-06-14 00:00:00.000 UTC,Withdrawn Principal,-80320
2024-04-21 00:00:00.000 UTC,Withdrawn Principal,-37471.952030243
2025-01-27 00:00:00.000 UTC,Withdrawn Principal,-48895.945496178
2025-04-22 00:00:00.000 UTC,Withdrawn Principal,-31103.988585755
2024-06-04 00:00:00.000 UTC,Withdrawn Principal,-69631.88435048
2024-11-01 00:00:00.000 UTC,Withdrawn Principal,-8384
2025-01-25 00:00:00.000 UTC,Withdrawn Principal,-48544
2025-03-18 00:00:00.000 UTC,Withdrawn Principal,-57056
2025-05-26 00:00:00.000 UTC,Withdrawn Principal,-166271.977635001
2025-09-21 00:00:00.000 UTC,Withdrawn Principal,-58719.996457760004
2025-11-08 00:00:00.000 UTC,Withdrawn Principal,-28191.92390944
2026-08-30 00:00:00.000 UTC,Withdrawn Principal,-20374
2024-05-02 00:00:00.000 UTC,Withdrawn Principal,-21696
2025-03-27 00:00:00.000 UTC,Withdrawn Principal,-68831.999936778
2025-05-03 00:00:00.000 UTC,Withdrawn Principal,-48160
2026-01-28 00:00:00.000 UTC,Withdrawn Principal,-18077.748047413
2026-09-14 00:00:00.000 UTC,Withdrawn Principal,-1599.600322216
2026-09-11 00:00:00.000 UTC,Withdrawn Principal,-9525.258532119
2026-05-12 00:00:00.000 UTC,Withdrawn Principal,-12266.436154793
2024-08-14 00:00:00.000 UTC,Withdrawn Principal,-16928
2024-08-16 00:00:00.000 UTC,Withdrawn Principal,-13504
2024-10-17 00:00:00.000 UTC,Withdrawn Principal,-15807.967003651
2024-11-18 00:00:00.000 UTC,Withdrawn Principal,-44320
2025-08-12 00:00:00.000 UTC,Withdrawn Principal,-87614.008780608
2025-10-13 00:00:00.000 UTC,Withdrawn Principal,-28480
2025-11-11 00:00:00.000 UTC,Withdrawn Principal,-145855.23417806195
2025-10-26 00:00:00.000 UTC,Withdrawn Principal,-14143.938049867
2025-11-06 00:00:00.000 UTC,Withdrawn Principal,-112270.18297642494
2026-01-15 00:00:00.000 UTC,Withdrawn Principal,-12256
2026-07-29 00:00:00.000 UTC,Withdrawn Principal,-23030.99999569
2025-05-19 00:00:00.000 UTC,Withdrawn Principal,-65663.961217532
2025-09-15 00:00:00.000 UTC,Withdrawn Principal,-50910
2024-10-07 00:00:00.000 UTC,Withdrawn Principal,-54911.500958536
2024-10-28 00:00:00.000 UTC,Withdrawn Principal,-19840
2024-11-21 00:00:00.000 UTC,Withdrawn Principal,-81055.826722811
2025-02-22 00:00:00.000 UTC,Withdrawn Principal,-14016
2025-07-10 00:00:00.000 UTC,Withdrawn Principal,-15743.813212499
2025-12-10 00:00:00.000 UTC,Withdrawn Principal,-63099.964411406
2025-07-12 00:00:00.000 UTC,Withdrawn Principal,-23615.42318569
2024-11-23 00:00:00.000 UTC,Withdrawn Principal,-105279.999065699
2025-01-04 00:00:00.000 UTC,Withdrawn Principal,-51551.99668404
2025-07-25 00:00:00.000 UTC,Withdrawn Principal,-42720
2025-08-10 00:00:00.000 UTC,Withdrawn Principal,-97567.295
2025-12-26 00:00:00.000 UTC,Withdrawn Principal,-47195.20341709201
2026-01-20 00:00:00.000 UTC,Withdrawn Principal,-9400.071844387
2026-03-29 00:00:00.000 UTC,Withdrawn Principal,-10559.944686881
2026-05-17 00:00:00.000 UTC,Withdrawn Principal,-31775.604648003
2024-04-03 00:00:00.000 UTC,Withdrawn Principal,-48607.991839457
2026-06-15 00:00:00.000 UTC,Withdrawn Principal,-2560
2024-05-20 00:00:00.000 UTC,Withdrawn Principal,-180735.736808697
2024-05-31 00:00:00.000 UTC,Withdrawn Principal,-50911.998023374
2024-06-13 00:00:00.000 UTC,Withdrawn Principal,-41439.913847895
2025-06-09 00:00:00.000 UTC,Withdrawn Principal,-13408
2026-02-02 00:00:00.000 UTC,Withdrawn Principal,-30271.950599087002
2026-02-13 00:00:00.000 UTC,Withdrawn Principal,-33631.99984682
2026-07-14 00:00:00.000 UTC,Withdrawn Principal,-3679.355553079
2026-04-18 00:00:00.000 UTC,Withdrawn Principal,-129887.864110475
2026-09-19 00:00:00.000 UTC,Withdrawn Principal,-8858.468652414
2024-10-04 00:00:00.000 UTC,Withdrawn Principal,-8159.971488182999
2025-05-08 00:00:00.000 UTC,Withdrawn Principal,-5472
2025-12-13 00:00:00.000 UTC,Withdrawn Principal,-35168
2024-11-25 00:00:00.000 UTC,Withdrawn Principal,-83583.408465635
2024-12-19 00:00:00.000 UTC,Withdrawn Principal,-48159.748744963
2025-02-28 00:00:00.000 UTC,Withdrawn Principal,-14912
2025-10-18 00:00:00.000 UTC,Withdrawn Principal,-49984
2025-10-10 00:00:00.000 UTC,Withdrawn Principal,-99680
2026-01-26 00:00:00.000 UTC,Withdrawn Principal,-3360
2026-04-23 00:00:00.000 UTC,Withdrawn Principal,-48640
2024-06-10 00:00:00.000 UTC,Withdrawn Principal,-14047.768137772
2024-11-05 00:00:00.000 UTC,Withdrawn Principal,-21694.801919695
2025-06-06 00:00:00.000 UTC,Withdrawn Principal,-21789.485576184998
2024-09-01 00:00:00.000 UTC,Withdrawn Principal,-22784
2025-03-02 00:00:00.000 UTC,Withdrawn Principal,-20799.97975628
2026-03-31 00:00:00.000 UTC,Withdrawn Principal,-2820.211843752
2026-05-01 00:00:00.000 UTC,Withdrawn Principal,-135392
2025-06-22 00:00:00.000 UTC,Withdrawn Principal,-11968
2026-07-26 00:00:00.000 UTC,Withdrawn Principal,-10686.65
2026-08-11 00:00:00.000 UTC,Withdrawn Principal,-7640.8571856300005
2024-07-29 00:00:00.000 UTC,Withdrawn Principal,-14015.964485389
2025-03-09 00:00:00.000 UTC,Withdrawn Principal,-105440
2025-03-22 00:00:00.000 UTC,Withdrawn Principal,-22720
2025-06-19 00:00:00.000 UTC,Withdrawn Principal,-45950
2026-04-29 00:00:00.000 UTC,Withdrawn Principal,-56635.163661
2024-06-12 00:00:00.000 UTC,Withdrawn Principal,-34239.999933801
2025-07-04 00:00:00.000 UTC,Withdrawn Principal,-10623.999972069
2025-08-18 00:00:00.000 UTC,Withdrawn Principal,-24307.98724388
2024-08-04 00:00:00.000 UTC,Withdrawn Principal,-12128
2026-07-08 00:00:00.000 UTC,Withdrawn Principal,-23987
2024-04-26 00:00:00.000 UTC,Withdrawn Principal,-13823.976808953
2024-08-11 00:00:00.000 UTC,Withdrawn Principal,-57054.814029012
2025-01-14 00:00:00.000 UTC,Withdrawn Principal,-71936
2025-09-20 00:00:00.000 UTC,Withdrawn Principal,-27839.06702737
2025-12-31 00:00:00.000 UTC,Withdrawn Principal,-60632.12133896
2024-03-23 00:00:00.000 UTC,Withdrawn Principal,-28351.993546993
2024-03-28 00:00:00.000 UTC,Withdrawn Principal,-45632
2024-04-18 00:00:00.000 UTC,Withdrawn Principal,-79744
2024-04-28 00:00:00.000 UTC,Withdrawn Principal,-9694.952780336
2025-09-08 00:00:00.000 UTC,Withdrawn Principal,-37152
2025-09-27 00:00:00.000 UTC,Withdrawn Principal,-36799.94067424
2026-02-21 00:00:00.000 UTC,Withdrawn Principal,-100782.118046675
2026-07-03 00:00:00.000 UTC,Withdrawn Principal,-26080
2024-03-26 00:00:00.000 UTC,Withdrawn Principal,-46655.915851529
2024-06-23 00:00:00.000 UTC,Withdrawn Principal,-26176
2024-08-19 00:00:00.000 UTC,Withdrawn Principal,-25150.637044170995
2025-01-01 00:00:00.000 UTC,Withdrawn Principal,-8031.999613557
2025-12-05 00:00:00.000 UTC,Withdrawn Principal,-34176
2026-03-08 00:00:00.000 UTC,Withdrawn Principal,-8416
2026-05-22 00:00:00.000 UTC,Withdrawn Principal,-14615.440779793
2026-07-24 00:00:00.000 UTC,Withdrawn Principal,-14880
2024-05-15 00:00:00.000 UTC,Withdrawn Principal,-18908.805793888998
2024-09-24 00:00:00.000 UTC,Withdrawn Principal,-16544
2025-01-19 00:00:00.000 UTC,Withdrawn Principal,-53216
2025-03-07 00:00:00.000 UTC,Withdrawn Principal,-64253.87744604401
2025-03-28 00:00:00.000 UTC,Withdrawn Principal,-28736
2024-08-03 00:00:00.000 UTC,Withdrawn Principal,-12928
2026-02-05 00:00:00.000 UTC,Withdrawn Principal,-16860.27597059
2024-04-15 00:00:00.000 UTC,Withdrawn Principal,-13120
2025-10-31 00:00:00.000 UTC,Withdrawn Principal,-47412
2026-04-20 00:00:00.000 UTC,Withdrawn Principal,-36607.975580647
2024-07-11 00:00:00.000 UTC,Withdrawn Principal,-20895.999885663
2024-09-29 00:00:00.000 UTC,Withdrawn Principal,-28832
2024-11-13 00:00:00.000 UTC,Withdrawn Principal,-73785.70612835999
2025-03-25 00:00:00.000 UTC,Withdrawn Principal,-29728
2026-07-06 00:00:00.000 UTC,Withdrawn Principal,-33812.151145052994
2026-05-09 00:00:00.000 UTC,Withdrawn Principal,-145052.852192155
2024-04-16 00:00:00.000 UTC,Withdrawn Principal,-12479.972849257
2024-06-28 00:00:00.000 UTC,Withdrawn Principal,-3167.9452840149997
2024-09-16 00:00:00.000 UTC,Withdrawn Principal,-23488
2024-12-27 00:00:00.000 UTC,Withdrawn Principal,-42847.996569915005
2025-05-14 00:00:00.000 UTC,Withdrawn Principal,-43547.03
2025-08-20 00:00:00.000 UTC,Withdrawn Principal,-43392
2025-08-02 00:00:00.000 UTC,Withdrawn Principal,-57759.355161258
2025-09-02 00:00:00.000 UTC,Withdrawn Principal,-38559.567300447
2024-04-08 00:00:00.000 UTC,Withdrawn Principal,-13791.974190805
2025-02-27 00:00:00.000 UTC,Withdrawn Principal,-38176
2025-11-22 00:00:00.000 UTC,Withdrawn Principal,-20383.99292228
2025-08-23 00:00:00.000 UTC,Withdrawn Principal,-26199.461774061998
2026-06-23 00:00:00.000 UTC,Withdrawn Principal,-11636.000545924
2026-07-11 00:00:00.000 UTC,Withdrawn Principal,-26425.253717039002
2026-04-21 00:00:00.000 UTC,Withdrawn Principal,-22623.939627310003
2026-06-18 00:00:00.000 UTC,Withdrawn Principal,-12948.202159
2026-08-06 00:00:00.000 UTC,Withdrawn Principal,-3200
2024-10-25 00:00:00.000 UTC,Withdrawn Principal,-52384
2024-12-14 00:00:00.000 UTC,Withdrawn Principal,-47455.999096226
2025-02-14 00:00:00.000 UTC,Withdrawn Principal,-30047.99065968
2025-11-30 00:00:00.000 UTC,Withdrawn Principal,-108948.994514233
2025-02-17 00:00:00.000 UTC,Withdrawn Principal,-17855.865666035003
2025-07-30 00:00:00.000 UTC,Withdrawn Principal,-31104
2025-04-12 00:00:00.000 UTC,Withdrawn Principal,-40959.499036285
2026-01-31 00:00:00.000 UTC,Withdrawn Principal,-60383.924335144
2026-04-13 00:00:00.000 UTC,Withdrawn Principal,-285.852364347
2026-06-05 00:00:00.000 UTC,Withdrawn Principal,-61821.87641168
2024-05-18 00:00:00.000 UTC,Withdrawn Principal,-6557.7747514620005
2025-02-01 00:00:00.000 UTC,Withdrawn Principal,-15551.820977035
2025-03-15 00:00:00.000 UTC,Withdrawn Principal,-41759.976965480004
2026-01-08 00:00:00.000 UTC,Withdrawn Principal,-38015.429172726
2026-01-21 00:00:00.000 UTC,Withdrawn Principal,-1368.46405764
2025-02-04 00:00:00.000 UTC,Withdrawn Principal,-12064
2025-04-30 00:00:00.000 UTC,Withdrawn Principal,-35039.96293716
2026-01-23 00:00:00.000 UTC,Withdrawn Principal,-11922.739067728
2026-07-09 00:00:00.000 UTC,Withdrawn Principal,-72699.32809095
2026-09-01 00:00:00.000 UTC,Withdrawn Principal,-7811.426114859
